nivel_bot,equipo_bot,objetivo_bot,bloque_bot,grupo_muscular,patron_movimiento_1,clasificacion,short_youtube_url,ejercicio,categoria_movimiento,score_funcional,tipo_rutina
Principiante,Accesorios funcionales,Movilidad / estabilidad,Calentamiento,Abdominals,Anti-Extension,Postural,https://youtu.be/5jDEulwWs04,Stability Ball Dead Bug,Core,1,movilidad_estabilidad
Principiante,Sin equipo,Fuerza / hipertrofia,Principal,Glutes,Hip Extension,Bodybuilding,https://youtu.be/ncpMkhXAykg?si=a_b3ot2rsThtz4DE,Bodyweight Glute Bridge,Pierna,0,fuerza_hipertrofia
Principiante,Sin equipo,Movilidad / estabilidad,Calentamiento,Abdominals,Anti-Rotational,Postural,https://youtu.be/tU-WZsouVjo?si=Ti1JUU03OqgnmtX6,Bodyweight Bird Dog,Core,3,movilidad_estabilidad
Principiante,Accesorios funcionales,Core / estabilidad,Principal,Abdominals,Rotational,Sin clasificar,https://youtu.be/2rbbUJR-Nx4?si=aAPlfM1RYBeErvZk,Stability Ball Russian Twist,Core,3,core_estabilidad
Principiante,Accesorios funcionales,Core / estabilidad,Principal,Abdominals,Spinal Flexion,Sin clasificar,https://youtu.be/ByXVlY2L3nw,Stability Ball Feet Elevated Crunch,Core,1,core_estabilidad
Intermedio,Calistenia / barras,Core / estabilidad,Principal,Abdominals,Spinal Flexion,Calisthenics,https://youtu.be/RPBH_Dw5hUo?si=SqKs_FnqsPMuLdq0,Ring Hanging Knee Raise,Core,3,core_estabilidad
Principiante,Otro equipo,Movilidad / estabilidad,Calentamiento,Abdominals,Anti-Extension,Calisthenics,https://youtu.be/W0RoAqlFzrA,Parallette Mountain Climber,Core,3,movilidad_estabilidad
Principiante,Otro equipo,Fuerza / hipertrofia,Principal,Chest,Horizontal Push,Calisthenics,https://youtu.be/Kbhl_O1N4aw,Parallette Push Up,Empuje,5,fuerza_hipertrofia
Intermedio,Sin equipo,Movilidad / estabilidad,Calentamiento,Abdominals,Anti-Rotational,Postural,https://youtu.be/fGaqVUHB1aA,Bodyweight Knee Hover Bird Dog,Core,3,movilidad_estabilidad
Principiante,Accesorios funcionales,Core / estabilidad,Principal,Abdominals,Hip Flexion,Sin clasificar,https://youtu.be/n4UPDi5BuL0,Stability Ball V Up Pass,Core,1,core_estabilidad
Principiante,Sin equipo,Movilidad / estabilidad,Calentamiento,Abdominals,Anti-Extension,Postural,https://youtu.be/jbWmbhElf3Q,Bodyweight Dead Bug,Core,1,movilidad_estabilidad
Principiante,Sin equipo,Core / estabilidad,Principal,Abdominals,Lateral Flexion,Sin clasificar,https://youtu.be/URWXz0DmE7s,Bodyweight Alternating Heel Taps,Core,1,core_estabilidad
Principiante,Sin equipo,Core / estabilidad,Principal,Hip Flexors,Hip Flexion,Sin clasificar,https://youtu.be/e_s7uBNPnow,Bodyweight Flutter Kicks,Core,-4,core_estabilidad
Principiante,Sin equipo,Movilidad / estabilidad,Calentamiento,Abdominals,Anti-Extension,Calisthenics,https://youtu.be/Ns1NS9ThNhI,Bodyweight Kneeling Forearm Plank,Core,3,movilidad_estabilidad
Principiante,Sin equipo,Core / estabilidad,Principal,Abdominals,Rotational,Sin clasificar,https://youtu.be/GflQ_ymx9Nw,Bodyweight Seated Ab Circles,Core,3,core_estabilidad
Intermedio,Calistenia / barras,Core / estabilidad,Principal,Abdominals,Rotational,Calisthenics,Sin dato,Ring Hanging Oblique Knee Raise,Core,5,core_estabilidad
Principiante,Accesorios funcionales,Movilidad / estabilidad,Calentamiento,Abdominals,Anti-Extension,Sin clasificar,https://youtu.be/IfOtFv6zz8I,Stability Ball Stir the Pot,Core,1,movilidad_estabilidad
Intermedio,Sin equipo,Core / estabilidad,Principal,Abdominals,Rotational,Animal Flow,https://youtu.be/1jCudOtlLsc,Bodyweight Alternating Lateral Kick Through,Core,3,core_estabilidad
Intermedio,Calistenia / barras,Core / estabilidad,Principal,Hip Flexors,Hip Flexion,Calisthenics,https://youtu.be/Y7Ua1YRsqd0,Ring Hanging L Sit Flutter Kicks,Core,-2,core_estabilidad
Principiante,Otro equipo,Core / estabilidad,Principal,Abdominals,Rotational,Sin clasificar,https://youtu.be/qyZ0pAtgo_Y,Slam Ball Russian Twist,Core,3,core_estabilidad
Principiante,Peso libre,Core / estabilidad,Principal,Abdominals,Spinal Flexion,Sin clasificar,Sin dato,Dumbbell Crush Grip Otis Up,Core,1,core_estabilidad
Avanzado,Peso libre,Movilidad / estabilidad,Calentamiento,Abdominals,Anti-Lateral Flexion,Sin clasificar,https://youtu.be/Ec9Ymqhe5i4,Single Arm Dumbbell Side Plank Reach Through,Core,1,movilidad_estabilidad
Principiante,Otro equipo,Movilidad / estabilidad,Calentamiento,Abdominals,Anti-Extension,Sin clasificar,https://youtu.be/QB2Gj1QGfjQ,Ab Wheel Kneeling Rollout,Core,1,movilidad_estabilidad
Principiante,Gimnasio / maquina,Core / estabilidad,Principal,Abdominals,Spinal Flexion,Sin clasificar,https://youtu.be/gQT76pz_X9Y,Cable Seated Crunch,Core,1,core_estabilidad
Principiante,Gimnasio / maquina,Core / estabilidad,Principal,Abdominals,Spinal Flexion,Sin clasificar,https://youtu.be/ToJeyhydUxU,Cable Kneeling Crunch,Core,1,core_estabilidad
Principiante,Peso libre,Core / estabilidad,Principal,Abdominals,Spinal Flexion,Sin clasificar,https://youtu.be/E0WFCTnN728?si=YvTVZvOCRm_hjh2B,Medicine Ball V Up,Core,1,core_estabilidad
Principiante,Calistenia / barras,Core / estabilidad,Principal,Abdominals,Spinal Flexion,Sin clasificar,https://youtu.be/z2tctrNfTrY,Suspension Knee Tuck,Core,1,core_estabilidad
Intermedio,Calistenia / barras,Core / estabilidad,Principal,Abdominals,Rotational,Sin clasificar,https://youtu.be/nedEXGnhHak,Suspension Lateral Knee Tuck,Core,3,core_estabilidad
Principiante,Calistenia / barras,Fuerza / hipertrofia,Principal,Shoulders,Horizontal Pull,Sin clasificar,https://youtu.be/O0wf46CgVZg,Suspension Archer Row,Empuje,3,fuerza_hipertrofia
Intermedio,Peso libre,Core / estabilidad,Principal,Abdominals,Rotational,Grinds,https://youtu.be/saYKvqSscuY,Single Arm Dumbbell Turkish Get Up,Core,3,core_estabilidad
Principiante,Sin equipo,Core / estabilidad,Principal,Abdominals,Sin clasificar,Animal Flow,https://youtu.be/8y-C1wUb-3c,Bodyweight Bear Crawl,Core,1,core_estabilidad
Principiante,Accesorios funcionales,Core / estabilidad,Principal,Abdominals,Spinal Flexion,Sin clasificar,https://youtu.be/Q8MnsYG5sbk?si=8Aln2doES1PVTKQP,Stability Ball Knee Tuck,Core,1,core_estabilidad
Avanzado,Calistenia / barras,Core / estabilidad,Principal avanzado,Abdominals,Hip Flexion,Calisthenics,https://youtu.be/IMWzJ7zkklA,Ring Hanging Leg Raise,Core,3,core_estabilidad
Avanzado,Otro equipo,Movilidad / estabilidad,Principal avanzado,Abdominals,Isometric Hold,Calisthenics,https://youtu.be/lLu9U0G7Ogw,Parallette L Sit,Core,-2,movilidad_estabilidad
Intermedio,Sin equipo,Movilidad / estabilidad,Calentamiento,Abdominals,Anti-Extension,Calisthenics,https://youtu.be/R6SMJ-TzgZo,Bodyweight Standing Walkout Plank,Core,3,movilidad_estabilidad
Principiante,Calistenia / barras,Fuerza / hipertrofia,Principal,Back,Vertical Pull,Calisthenics,https://youtu.be/4vEoBieXyKk,Ring Eccentric Pull Up,Jalón,5,fuerza_hipertrofia
Avanzado,Peso libre,Movilidad / estabilidad,Calentamiento,Abdominals,Anti-Extension,Calisthenics,Sin dato,Barbell Climb,Core,3,movilidad_estabilidad
Avanzado,Sin equipo,Movilidad / estabilidad,Calentamiento,Abdominals,Anti-Rotational,Sin clasificar,https://youtu.be/8e1m4FNO7t8,Bodyweight Ipsilateral Bird Dog,Core,3,movilidad_estabilidad
Avanzado,Sin equipo,Condicion fisica / potencia,Principal avanzado,Adductors,Hip Adduction,Sin clasificar,Sin dato,Bodyweight Copenhagen Plank Knee to Elbow,General,3,potencia_funcional
Principiante,Calistenia / barras,Fuerza / hipertrofia,Principal,Biceps,Vertical Pull,Calisthenics,https://youtu.be/QvgPN5XfDX8?si=0U64Q99rkmh8yNmO,Ring Eccentric Chin Up,Jalón,5,fuerza_hipertrofia
Principiante,Peso libre,Fuerza / hipertrofia,Principal,Shoulders,Shoulder External Rotation,Sin clasificar,https://youtu.be/HeY0G79zbGA?si=qV6g26pqatUMpDew,Single Arm Dumbbell Seated Shoulder External Rotation,Empuje,1,fuerza_hipertrofia
Principiante,Peso libre,Fuerza / hipertrofia,Principal,Shoulders,Shoulder External Rotation,Sin clasificar,https://youtu.be/oYGHjG0jZuA,Double Dumbbell Seated Cuban Rotation,Empuje,1,fuerza_hipertrofia
Principiante,Peso libre,Fuerza / hipertrofia,Principal,Shoulders,Shoulder External Rotation,Sin clasificar,https://youtu.be/_Cfrbn8dxH4,Double Dumbbell Cuban Rotation,Empuje,1,fuerza_hipertrofia
Principiante,Gimnasio / maquina,Fuerza / hipertrofia,Principal,Shoulders,Shoulder External Rotation,Sin clasificar,https://youtu.be/Ff4Dg3T4pNQ?si=xU9cm-kpyPdrIwA0,Single Arm Cable Half Kneeling Contralateral Shoulder External Rotation 90 Degrees,Empuje,1,fuerza_hipertrofia
Principiante,Otro equipo,Fuerza / hipertrofia,Principal,Glutes,Hip External Rotation,Bodybuilding,https://youtu.be/gnzypKUFU6Y,Miniband Fire Hydrant,Pierna,0,fuerza_hipertrofia
Principiante,Peso libre,Core / estabilidad,Principal,Abdominals,Rotational,Sin clasificar,https://youtu.be/vT8p57mXVDo?feature=shared,Medicine Ball Russian Twist,Core,3,core_estabilidad
Principiante,Sin equipo,Movilidad / estabilidad,Calentamiento,Abdominals,Anti-Lateral Flexion,Calisthenics,https://youtu.be/_R389Jk0tIo,Bodyweight Side Plank,Core,3,movilidad_estabilidad
Principiante,Gimnasio / maquina,Core / estabilidad,Principal,Abdominals,Spinal Flexion,Sin clasificar,https://youtu.be/3Mn_4KTDTi0?si=3zBBQ33AQDN7XPp4,Cable Reverse Crunch,Core,1,core_estabilidad
Intermedio,Gimnasio / maquina,Core / estabilidad,Principal,Abdominals,Rotational,Sin clasificar,https://youtu.be/hUbRkz4AxkE,Cable Rope Half Kneeling High to Low Chop,Core,3,core_estabilidad
Intermedio,Gimnasio / maquina,Core / estabilidad,Principal,Abdominals,Rotational,Sin clasificar,https://youtu.be/48LIxDpby_E?feature=shared,Cable Rope Half Kneeling Low to High Chop,Core,3,core_estabilidad
Avanzado,Accesorios funcionales,Fuerza / hipertrofia,Principal avanzado,Quadriceps,Knee Dominant,Bodybuilding,Sin dato,Slider Double Kettlebell Bottoms Up Overhead Lateral Lunge,Pierna,2,fuerza_hipertrofia
Intermedio,Gimnasio / maquina,Core / estabilidad,Principal,Abdominals,Rotational,Sin clasificar,https://youtu.be/FFaeQW7hwYs?feature=shared,Cable Rope Staggered Stance High to Low Chop,Core,3,core_estabilidad
Intermedio,Gimnasio / maquina,Core / estabilidad,Principal,Abdominals,Rotational,Sin clasificar,Sin dato,Cable Rope Staggered Stance Low to High Chop,Core,3,core_estabilidad
Intermedio,Peso libre,Core / estabilidad,Principal,Abdominals,Rotational,Sin clasificar,https://youtu.be/EVLXzqAzAHI,Single Arm Dumbbell Windmill,Core,3,core_estabilidad
Intermedio,Accesorios funcionales,Fuerza / hipertrofia,Principal,Quadriceps,Knee Dominant,Bodybuilding,Sin dato,Slider Double Kettlebell Bottoms Up Front Rack Lateral Lunge,Pierna,2,fuerza_hipertrofia
Principiante,Accesorios funcionales,Fuerza / hipertrofia,Principal,Quadriceps,Knee Dominant,Bodybuilding,Sin dato,Slider Double Kettlebell Front Rack Lateral Lunge,Pierna,2,fuerza_hipertrofia
Avanzado,Sin equipo,Movilidad / estabilidad,Calentamiento,Abdominals,Anti-Extension,Calisthenics,https://youtu.be/jGwHfj957eU?si=i-ZtryUkm2Geud9J,Bodyweight Feet On Wall Mountain Climber,Core,3,movilidad_estabilidad
Principiante,Accesorios funcionales,Fuerza / hipertrofia,Principal,Quadriceps,Knee Dominant,Bodybuilding,https://youtu.be/1SlpUMsiiiw?si=WnEVv0WTROHdU4eR,Slider Double Kettlebell Suitcase Reverse Lunge,Pierna,2,fuerza_hipertrofia
Principiante,Sin equipo,Movilidad / estabilidad,Principal,Abdominals,Isometric Hold,Sin clasificar,https://youtu.be/4xRpGgttca8,Bodyweight Hollow Body Hold,Core,-4,movilidad_estabilidad
Intermedio,Peso libre,Movilidad / estabilidad,Principal,Abdominals,Isometric Hold,Sin clasificar,https://youtu.be/Wo-pGZst6l0,Dumbbell Crush Grip Hollow Body Hold,Core,-4,movilidad_estabilidad
Avanzado,Calistenia / barras,Core / estabilidad,Principal avanzado,Abdominals,Spinal Flexion,Sin clasificar,https://youtu.be/LXQTkeYPki8,Bar Inverted Hanging Crunch,Core,1,core_estabilidad
Avanzado,Sin equipo,Core / estabilidad,Principal avanzado,Abdominals,Rotational,Sin clasificar,Sin dato,Bodyweight Inverted Hanging Oblique Crunch,Core,3,core_estabilidad
Principiante,Accesorios funcionales,Fuerza / hipertrofia,Principal,Quadriceps,Knee Dominant,Bodybuilding,https://youtu.be/-p1l0vXTtAU?si=ebEJZJZkoWYTDFbC,Slider Double Kettlebell Front Rack Reverse Lunge,Pierna,2,fuerza_hipertrofia
Principiante,Sin equipo,Core / estabilidad,Principal,Abdominals,Hip Flexion,Sin clasificar,https://youtu.be/IUCoqgdvDxU?si=8xtgp1M-mJqke2mR,Bodyweight Supine Alternating Single Leg Raise,Core,1,core_estabilidad
Principiante,Sin equipo,Core / estabilidad,Principal,Abdominals,Hip Flexion,Sin clasificar,https://youtu.be/q0JVBRHoLz4,Bodyweight Supine Leg Raise,Core,1,core_estabilidad
Principiante,Otro equipo,Core / estabilidad,Principal,Abdominals,Rotational,Sin clasificar,https://youtu.be/q_c5MFYuza4,Miniband Bicycle Crunch,Core,3,core_estabilidad
Principiante,Sin equipo,Movilidad / estabilidad,Calentamiento,Abdominals,Anti-Lateral Flexion,Calisthenics,https://youtu.be/7lfNb_zydvQ,Bodyweight Side Plank Reach Through,Core,3,movilidad_estabilidad
Principiante,Sin equipo,Core / estabilidad,Principal,Abdominals,Spinal Flexion,Sin clasificar,https://youtu.be/bT8NVeDvuQg?si=paUR-bam-jwd-xPx,Bodyweight Sit Up,Core,1,core_estabilidad
Principiante,Sin equipo,Core / estabilidad,Principal,Abdominals,Spinal Flexion,Sin clasificar,https://youtu.be/ZLyOWSPnVrM,Bodyweight Butterfly Sit Up,Core,1,core_estabilidad
Principiante,Accesorios funcionales,Movilidad / estabilidad,Calentamiento,Abdominals,Anti-Extension,Sin clasificar,https://youtu.be/fjHQIVIPLHY,Slider Mountain Climber,Core,1,movilidad_estabilidad
Avanzado,Accesorios funcionales,Core / estabilidad,Principal avanzado,Abdominals,Spinal Flexion,Sin clasificar,https://youtu.be/vB803WCcQDk?si=hXUn4t23jP7Bn6R8,Slider Pike,Core,1,core_estabilidad
Avanzado,Accesorios funcionales,Core / estabilidad,Principal avanzado,Abdominals,Spinal Flexion,Sin clasificar,https://youtu.be/-ciDJCuTu3A?si=zpBNDJ0Pbp7YfJOm,Stability Ball Pike,Core,1,core_estabilidad
Intermedio,Accesorios funcionales,Movilidad / estabilidad,Calentamiento,Abdominals,Anti-Extension,Sin clasificar,https://youtu.be/d64d_6PE9fY,Slider Wide Mountain Climber,Core,1,movilidad_estabilidad
Principiante,Accesorios funcionales,Core / estabilidad,Principal,Abdominals,Spinal Flexion,Sin clasificar,https://youtu.be/O4d3kd1ZLyc?si=xAr_I7jNLwrDm7lL,Stability Ball Crunch,Core,1,core_estabilidad
Principiante,Accesorios funcionales,Core / estabilidad,Principal,Abdominals,Rotational,Sin clasificar,https://youtu.be/fZZK29dMla0?si=BQpGveG4S8WqLjzv,Stability Ball Feet Elevated Oblique Crunch,Core,3,core_estabilidad
Principiante,Accesorios funcionales,Movilidad / estabilidad,Calentamiento,Abdominals,Anti-Extension,Sin clasificar,https://youtu.be/gi38qGKDzXY?si=XCqiGVtu482eeeTP,Stability Ball Kneeling Rollout,Core,1,movilidad_estabilidad
Avanzado,Accesorios funcionales,Core / estabilidad,Principal avanzado,Abdominals,Spinal Flexion,Sin clasificar,https://youtu.be/fv6mxdkTT60?si=1AhvmIbGHoW_9tm9,Stability Ball Single Leg Knee Tuck,Core,1,core_estabilidad
Avanzado,Accesorios funcionales,Core / estabilidad,Principal avanzado,Abdominals,Spinal Flexion,Sin clasificar,https://youtu.be/7skasCMLRL8,Stability Ball Single Leg Pike,Core,1,core_estabilidad
Principiante,Peso libre,Fuerza / hipertrofia,Principal,Shoulders,Vertical Push,Bodybuilding,https://youtu.be/k_kXBEjURUA,Double Dumbbell Z Press,Empuje,2,fuerza_hipertrofia
Intermedio,Accesorios funcionales,Fuerza / hipertrofia,Principal,Quadriceps,Knee Dominant,Bodybuilding,Sin dato,Slider Double Kettlebell Overhead Reverse Lunge,Pierna,2,fuerza_hipertrofia
Principiante,Peso libre,Fuerza / hipertrofia,Principal,Hamstrings,Hip Hinge,Bodybuilding,https://youtu.be/Cf3CaHui43A?si=dFPcP6jQEQECmXmY,Double Dumbbell Romanian Deadlift,Cadera,2,fuerza_hipertrofia
Intermedio,Peso libre,Movilidad / estabilidad,Calentamiento,Abdominals,Anti-Lateral Flexion,Sin clasificar,https://youtu.be/2WxwO9E93wI,Single Arm Dumbbell Side Plank,Core,1,movilidad_estabilidad
Principiante,Sin equipo,Fuerza / hipertrofia,Principal,Glutes,Hip Extension,Bodybuilding,https://youtu.be/z4J188sFD4g,Bodyweight Single Leg Glute Bridge,Pierna,0,fuerza_hipertrofia
Principiante,Peso libre,Fuerza / hipertrofia,Principal,Glutes,Hip Extension,Bodybuilding,https://youtu.be/JpDDoINkrog,Dumbbell Glute Bridge,Pierna,0,fuerza_hipertrofia
Principiante,Sin equipo,Movilidad / estabilidad,Principal,Glutes,Isometric Hold,Bodybuilding,https://youtu.be/cRCXEFhpBEI?si=6A2YpBsXM9WqT6rW,Bodyweight Glute Bridge Isometric with Alternating Single Leg Extension,Pierna,-3,movilidad_estabilidad
Principiante,Otro equipo,Fuerza / hipertrofia,Principal,Glutes,Hip External Rotation,Bodybuilding,https://youtu.be/vSpyJR3dA7s?si=voo83Swm5kMbYEwl,Miniband Side Lying Clamshell,Pierna,0,fuerza_hipertrofia
Principiante,Otro equipo,Fuerza / hipertrofia,Principal,Abductors,Hip Abduction,Bodybuilding,https://youtu.be/bDvFd4EZt8M,Miniband Ankle Side Lying Hip Abduction,General,0,fuerza_hipertrofia
Principiante,Otro equipo,Fuerza / hipertrofia,Principal,Abductors,Hip Abduction,Bodybuilding,https://youtu.be/NeO0w4Jv4rs?si=zFKHnPvts0-arQgk,Miniband Bench Seated Hip Abduction,General,0,fuerza_hipertrofia
Principiante,Otro equipo,Fuerza / hipertrofia,Principal,Glutes,Hip Extension,Bodybuilding,https://youtu.be/oS3cYfl6Bns,Miniband Glute Bridge Hip Abduction,Pierna,0,fuerza_hipertrofia
Principiante,Accesorios funcionales,Fuerza / hipertrofia,Principal,Glutes,Hip Extension,Bodybuilding,https://youtu.be/4azLK_5vOqY?si=bceKCFzhvhSW5jXe,Stability Ball Hip Thrust,Pierna,0,fuerza_hipertrofia
Principiante,Accesorios funcionales,Fuerza / hipertrofia,Principal,Glutes,Hip Extension,Bodybuilding,https://youtu.be/x4lc8HocO1c,Stability Ball Dumbbell Hip Thrust,Pierna,0,fuerza_hipertrofia
Principiante,Sin equipo,Condicion fisica / potencia,Principal,Glutes,Hip Extension,Sin clasificar,https://youtu.be/7IVoH7E4rWo,Bodyweight Frog Pump,Pierna,3,potencia_funcional
Principiante,Peso libre,Condicion fisica / potencia,Principal,Glutes,Hip Extension,Sin clasificar,https://youtu.be/N6t2Fv0SKGc,Dumbbell Frog Pump,Pierna,3,potencia_funcional
Principiante,Gimnasio / maquina,Fuerza / hipertrofia,Principal,Glutes,Hip Extension,Bodybuilding,https://youtu.be/qJxwJ1e1HxI?si=5y999i_uPybFFDol,Cable Glute Kickback,Pierna,0,fuerza_hipertrofia
Principiante,Sin equipo,Fuerza / hipertrofia,Principal,Glutes,Hip Extension,Bodybuilding,https://youtu.be/I7Zwyzr8COk,Bodyweight Single Leg Foot Elevated Glute Bridge,Pierna,0,fuerza_hipertrofia
Principiante,Calistenia / barras,Fuerza / hipertrofia,Principal,Glutes,Hip Extension,Bodybuilding,https://youtu.be/bZUGEwxZVks?si=GXDy3dTxYcWMuQpw,Suspension Feet Elevated Glute Bridge,Pierna,0,fuerza_hipertrofia
Principiante,Otro equipo,Fuerza / hipertrofia,Principal,Abductors,Hip Abduction,Bodybuilding,https://youtu.be/34fVGXqWWs8,Miniband Thigh Lateral Walk,General,0,fuerza_hipertrofia
Principiante,Otro equipo,Fuerza / hipertrofia,Principal,Abductors,Hip Abduction,Bodybuilding,https://youtu.be/N4tkpDMlqCQ,Miniband Ankle Lateral Walk,General,0,fuerza_hipertrofia
Intermedio,Otro equipo,Fuerza / hipertrofia,Principal,Abductors,Hip Abduction,Bodybuilding,https://youtu.be/GxqfnFHLH6c,Miniband Feet Lateral Walk,General,0,fuerza_hipertrofia
Principiante,Otro equipo,Fuerza / hipertrofia,Principal,Glutes,Hip Extension,Bodybuilding,https://youtu.be/pdP0uJXvc44?si=lpmJ6krZopavsZrJ,Miniband Standing Glute Kickback,Pierna,0,fuerza_hipertrofia
Principiante,Peso libre,Fuerza / hipertrofia,Principal,Glutes,Hip Extension,Bodybuilding,https://youtu.be/5S8SApGU_Lk,Barbell Hip Thrust,Pierna,0,fuerza_hipertrofia
Intermedio,Peso libre,Fuerza / hipertrofia,Principal,Glutes,Hip Extension,Bodybuilding,https://youtu.be/BMIy2gtjsTI?si=JnJL8ZiliAOk_Ac1,Barbell Single Leg Hip Thrust,Pierna,0,fuerza_hipertrofia
Intermedio,Accesorios funcionales,Fuerza / hipertrofia,Principal,Glutes,Hip Extension,Bodybuilding,https://youtu.be/LSUPiOJOA6M,Stability Ball Single Leg Foot Elevated Glute Bridge,Pierna,0,fuerza_hipertrofia
Principiante,Otro equipo,Fuerza / hipertrofia,Principal,Abductors,Hip Abduction,Bodybuilding,https://youtu.be/dZNkjqKNUUs,Miniband Standing Hip Abduction,General,0,fuerza_hipertrofia
Principiante,Otro equipo,Fuerza / hipertrofia,Principal,Abductors,Hip Abduction,Bodybuilding,https://youtu.be/3SOcMYQWbDU,Miniband 3 Way Cha Cha,General,0,fuerza_hipertrofia
Principiante,Accesorios funcionales,Fuerza / hipertrofia,Principal,Quadriceps,Knee Dominant,Bodybuilding,https://youtu.be/5D-hSAvpFls?si=2EfexeMUADw51Wu2,Slider Single Arm Kettlebell Suitcase Contralateral Reverse Lunge,Pierna,2,fuerza_hipertrofia
Principiante,Gimnasio / maquina,Condicion fisica / potencia,Principal,Abductors,Hip Abduction,Sin clasificar,https://youtu.be/saVSMtIttZE?si=qgSuj5ww8uiz2Wkd,Cable Hip Abduction,General,3,potencia_funcional
Principiante,Otro equipo,Condicion fisica / potencia,Principal,Quadriceps,Hip Abduction,Sin clasificar,https://youtu.be/w5nYnnT1E9s,Miniband Wall Sit Hip Abduction,Pierna,-2,potencia_funcional
Avanzado,Accesorios funcionales,Fuerza / hipertrofia,Principal avanzado,Quadriceps,Knee Dominant,Bodybuilding,Sin dato,Slider Barbell Overhead Lateral Lunge,Pierna,2,fuerza_hipertrofia
Principiante,Peso libre,Fuerza / hipertrofia,Principal,Shoulders,Vertical Push,Bodybuilding,https://youtu.be/4DUIY95jX6Y,Single Arm Dumbbell Half Kneeling Contralateral Overhead Press,Empuje,2,fuerza_hipertrofia
Principiante,Peso libre,Fuerza / hipertrofia,Principal,Trapezius,Scapular Elevation,Bodybuilding,Sin dato,Barbell Shrug,Jalón,0,fuerza_hipertrofia
Principiante,Gimnasio / maquina,Fuerza / hipertrofia,Principal,Shoulders,Shoulder External Rotation,Sin clasificar,https://youtu.be/l3prcz-3FbI?si=qvb-6gLh-aavLGWK,Cable Face Pull,Empuje,1,fuerza_hipertrofia
Principiante,Gimnasio / maquina,Fuerza / hipertrofia,Principal,Shoulders,Shoulder External Rotation,Sin clasificar,https://youtu.be/4UhV4cCkugM,Cable Seated Face Pull,Empuje,1,fuerza_hipertrofia
Principiante,Gimnasio / maquina,Fuerza / hipertrofia,Principal,Biceps,Elbow Flexion,Bodybuilding,https://youtu.be/KLM1hUecXbY,Cable Guillotine Curl,Jalón,-3,fuerza_hipertrofia
Principiante,Gimnasio / maquina,Fuerza / hipertrofia,Principal,Biceps,Elbow Flexion,Bodybuilding,https://youtu.be/hBC7lPyEkVM,Cable Supine Bicep Curl,Jalón,-3,fuerza_hipertrofia
Principiante,Gimnasio / maquina,Fuerza / hipertrofia,Principal,Biceps,Elbow Flexion,Bodybuilding,https://youtu.be/xaMJYDzqTZg,Cable Straight Bar High Bicep Curl,Jalón,-3,fuerza_hipertrofia
Principiante,Peso libre,Fuerza / hipertrofia,Principal,Biceps,Elbow Flexion,Bodybuilding,https://youtu.be/9Dd8iiEUs_Q?si=juy6zuf-MVn-W8j8,Double Dumbbell Spider Curl,Jalón,-3,fuerza_hipertrofia
Principiante,Otro equipo,Fuerza / hipertrofia,Principal,Biceps,Elbow Flexion,Bodybuilding,https://youtu.be/wtbHEt6Qi8g?si=wca7IhWcGWNDg2QX,EZ Bar Spider Curl,Jalón,-3,fuerza_hipertrofia
Principiante,Accesorios funcionales,Fuerza / hipertrofia,Principal,Biceps,Elbow Flexion,Bodybuilding,https://youtu.be/uEjtuyC6-bc,Stability Ball Cable Preacher Curl,Jalón,-3,fuerza_hipertrofia
Principiante,Peso libre,Fuerza / hipertrofia,Principal,Biceps,Elbow Flexion,Bodybuilding,https://youtu.be/fOV-z1wARvs?si=pxr3u-XyVhL6BlD3,Single Arm Dumbbell Standing Concentration Curl,Jalón,-3,fuerza_hipertrofia
Principiante,Otro equipo,Fuerza / hipertrofia,Principal,Biceps,Elbow Flexion,Bodybuilding,https://youtu.be/xUdw3EtnTLM?si=6zj86RhHEsTUIlf4,EZ Bar Wide Grip Bicep Curl,Jalón,-3,fuerza_hipertrofia
Principiante,Gimnasio / maquina,Fuerza / hipertrofia,Principal,Biceps,Elbow Flexion,Bodybuilding,https://youtu.be/shIYFhPQVSo,Single Arm Cable Standing High Bicep Curl,Jalón,-3,fuerza_hipertrofia
Principiante,Otro equipo,Fuerza / hipertrofia,Principal,Triceps,Elbow Extension,Bodybuilding,https://youtu.be/QGK3RQ_Eexc?si=2Go8XA5nbKIfwUBr,EZ Bar Seated Overhead Tricep Extension,Empuje,-3,fuerza_hipertrofia
Principiante,Otro equipo,Fuerza / hipertrofia,Principal,Triceps,Elbow Extension,Bodybuilding,https://youtu.be/99qXUnFuQdM,EZ Bar Overhead Tricep Extension,Empuje,-3,fuerza_hipertrofia
Intermedio,Peso libre,Fuerza / hipertrofia,Principal,Quadriceps,Knee Dominant,Bodybuilding,https://youtu.be/aea5BGj9a8Y,Barbell Thruster,Pierna,2,fuerza_hipertrofia
Principiante,Sin equipo,Fuerza / hipertrofia,Principal,Triceps,Horizontal Push,Calisthenics,https://youtu.be/XtU2VQVuLYs,Bodyweight Diamond Push Up,Empuje,5,fuerza_hipertrofia
Principiante,Otro equipo,Fuerza / hipertrofia,Principal,Triceps,Elbow Extension,Bodybuilding,https://youtu.be/fUW3C1lVWkk?si=uxeyIMMcnTpM46fm,EZ Bar Lying Tricep Extension,Empuje,-3,fuerza_hipertrofia
Principiante,Gimnasio / maquina,Fuerza / hipertrofia,Principal,Triceps,Elbow Extension,Bodybuilding,https://youtu.be/KvrP8c6eVBc?si=1EP-aMrXRtcbPO6b,Cable Rope Overhead Tricep Extension,Empuje,-3,fuerza_hipertrofia
Principiante,Gimnasio / maquina,Fuerza / hipertrofia,Principal,Triceps,Elbow Extension,Bodybuilding,https://youtu.be/pXd8vm-ZSOA?si=8_iZ3618RVjOmu3S,Single Arm Cable Reverse Grip Tricep Pushdown,Empuje,-3,fuerza_hipertrofia
Principiante,Otro equipo,Fuerza / hipertrofia,Principal,Forearms,Elbow Flexion,Bodybuilding,https://youtu.be/aIrvcBlNHBA,EZ Bar Reverse Grip Bicep Curl,General,-3,fuerza_hipertrofia
Principiante,Accesorios funcionales,Fuerza / hipertrofia,Principal,Chest,Horizontal Push,Bodybuilding,https://youtu.be/EQlfrWvaU6w,Stability Ball Single Arm Dumbbell Chest Press,Empuje,2,fuerza_hipertrofia
Principiante,Calistenia / barras,Fuerza / hipertrofia,Principal,Shoulders,Shoulder External Rotation,Sin clasificar,https://youtu.be/3FVZDVJnvIA,Suspension Face Pull,Empuje,1,fuerza_hipertrofia
Principiante,Otro equipo,Fuerza / hipertrofia,Principal,Back,Horizontal Pull,Bodybuilding,https://youtu.be/gnikveF7dgI,Landmine V Grip Row,Jalón,2,fuerza_hipertrofia
Principiante,Peso libre,Fuerza / hipertrofia,Principal,Quadriceps,Knee Dominant,Bodybuilding,https://youtu.be/u3wKkZjE8QM,Double Dumbbell Thruster,Pierna,2,fuerza_hipertrofia
Principiante,Peso libre,Fuerza / hipertrofia,Principal,Quadriceps,Knee Dominant,Bodybuilding,https://youtu.be/03aX4h5-EkA,Single Arm Dumbbell Thruster,Pierna,2,fuerza_hipertrofia
Principiante,Otro equipo,Fuerza / hipertrofia,Principal,Back,Horizontal Pull,Bodybuilding,https://youtu.be/tiETx7VNDf0,Single Arm Landmine Row,Jalón,2,fuerza_hipertrofia
Principiante,Otro equipo,Fuerza / hipertrofia,Principal,Back,Vertical Pull,Calisthenics,https://youtu.be/__TzXC-Hc_4?si=Z59SDF6EfXOY4pa_,Superband Assisted Bar Pull Up,Jalón,5,fuerza_hipertrofia
Principiante,Accesorios funcionales,Movilidad / estabilidad,Calentamiento,Back,Spinal Extension,Postural,https://youtu.be/qt1WWg8QDg8?si=Go7eAWcyWu13yBIi,Stability Ball Prone Cobra,Jalón,1,movilidad_estabilidad
Intermedio,Peso libre,Condicion fisica / potencia,Principal,Shoulders,Loaded Carry,Sin clasificar,https://youtu.be/Pvs-dT7KPh4,Single Arm Dumbbell Overhead Carry,Empuje,5,potencia_funcional
Principiante,Peso libre,Fuerza / hipertrofia,Principal,Back,Horizontal Pull,Bodybuilding,https://youtu.be/4-Jz3c_u1dw,Double Dumbbell Pendlay Row,Jalón,2,fuerza_hipertrofia
Principiante,Gimnasio / maquina,Fuerza / hipertrofia,Principal,Back,Horizontal Pull,Bodybuilding,https://youtu.be/SgzJGLlAtok?si=p2bo--kETp2ajVVX,Cable Straight Bar Pullover,Jalón,2,fuerza_hipertrofia
Principiante,Gimnasio / maquina,Fuerza / hipertrofia,Principal,Back,Horizontal Pull,Bodybuilding,https://youtu.be/4QDCC2gU5_E,Single Arm Cable Half Kneeling Lat Pulldown,Jalón,2,fuerza_hipertrofia
Principiante,Gimnasio / maquina,Fuerza / hipertrofia,Principal,Back,Horizontal Pull,Bodybuilding,https://youtu.be/redrpTwkplw,Single Arm Cable Half Kneeling Low Row,Jalón,2,fuerza_hipertrofia
Principiante,Calistenia / barras,Fuerza / hipertrofia,Principal,Back,Horizontal Pull,Sin clasificar,https://youtu.be/wH4TXGV8UyA?si=N8Y8Uk0A9glEeeuQ,Single Arm Suspension Low Row,Jalón,3,fuerza_hipertrofia
Principiante,Peso libre,Fuerza / hipertrofia,Principal,Back,Horizontal Pull,Bodybuilding,https://youtu.be/93ZAdx24QVQ,Double Dumbbell Incline Bench Prone Row,Jalón,2,fuerza_hipertrofia
Principiante,Peso libre,Fuerza / hipertrofia,Principal,Back,Horizontal Pull,Bodybuilding,https://youtu.be/ezrZnmjZTR4,Barbell Pendlay Row,Jalón,2,fuerza_hipertrofia
Principiante,Peso libre,Fuerza / hipertrofia,Principal,Chest,Horizontal Push,Powerlifting,https://youtu.be/SCVCLChPQFY,Barbell Bench Press,Empuje,3,fuerza_hipertrofia
Principiante,Gimnasio / maquina,Condicion fisica / potencia,Principal,Glutes,Hip External Rotation,Sin clasificar,https://youtu.be/1OnBBhiaQjY,Cable Single Leg Standing Bent Knee Hip External Rotation,Pierna,3,potencia_funcional
Principiante,Gimnasio / maquina,Condicion fisica / potencia,Principal,Glutes,Hip External Rotation,Sin clasificar,https://youtu.be/ApvO0XTFjRc,Cable Hip Rotation,Pierna,3,potencia_funcional
Principiante,Peso libre,Fuerza / hipertrofia,Principal,Biceps,Elbow Flexion,Bodybuilding,https://youtu.be/BVrlItPBX8M?si=4NJpARumV7sAFCki,Barbell Bicep Curl,Jalón,-3,fuerza_hipertrofia
Principiante,Peso libre,Fuerza / hipertrofia,Principal,Shoulders,Vertical Push,Bodybuilding,https://youtu.be/43GSKivZnw4?si=OIfasYK8gG4sUDBW,Barbell Overhead Press,Empuje,2,fuerza_hipertrofia
Principiante,Peso libre,Fuerza / hipertrofia,Principal,Shoulders,Vertical Push,Sin clasificar,https://youtu.be/iaBVSJm78ko,Barbell Push Press,Empuje,3,fuerza_hipertrofia
Principiante,Peso libre,Fuerza / hipertrofia,Principal,Back,Horizontal Pull,Bodybuilding,https://youtu.be/9Gf-Ourup_k?si=qt-DlqHLDICtOmju,Barbell Bent Over Row,Jalón,2,fuerza_hipertrofia
Principiante,Otro equipo,Fuerza / hipertrofia,Principal,Back,Horizontal Pull,Bodybuilding,https://youtu.be/e-c4gMcqdyw,Single Arm Landmine Meadows Row,Jalón,2,fuerza_hipertrofia
Principiante,Gimnasio / maquina,Fuerza / hipertrofia,Principal,Biceps,Elbow Flexion,Bodybuilding,https://youtu.be/iWyvxI5A1cA?si=aBSi-dGZ6CxySnnU,Cable Straight Bar Seated Bicep Curl,Jalón,-3,fuerza_hipertrofia
Principiante,Gimnasio / maquina,Fuerza / hipertrofia,Principal,Triceps,Elbow Extension,Bodybuilding,https://youtu.be/NfOLyLpoGII,Cable Rope Skull Crusher,Empuje,-3,fuerza_hipertrofia
Principiante,Peso libre,Fuerza / hipertrofia,Principal,Shoulders,Shoulder External Rotation,Sin clasificar,https://youtu.be/KxPNCVXkvAg?si=pDMoju9bpHN_T9_7,Single Arm Dumbbell Seated Cuban Press,Empuje,1,fuerza_hipertrofia
Principiante,Sin equipo,Movilidad / estabilidad,Principal,Shoulders,Isometric Hold,Calisthenics,https://youtu.be/yHuLx1J9orw,Bodyweight Wall Facing Handstand,Empuje,3,movilidad_estabilidad
Principiante,Otro equipo,Fuerza / hipertrofia,Principal,Triceps,Horizontal Push,Calisthenics,https://youtu.be/hDH5pliNKoM?si=NTV941Sjf3NsUGDj,Parallette Close Grip Push Up,Empuje,5,fuerza_hipertrofia
Principiante,Otro equipo,Fuerza / hipertrofia,Principal,Chest,Horizontal Push,Calisthenics,https://youtu.be/UEZy-OmXdZs,Parallette Wide Push Up,Empuje,5,fuerza_hipertrofia
Principiante,Peso libre,Fuerza / hipertrofia,Principal,Shoulders,Shoulder Flexion,Bodybuilding,https://youtu.be/DL-HN35sxdg,Barbell Front Raise,Empuje,0,fuerza_hipertrofia
Principiante,Gimnasio / maquina,Fuerza / hipertrofia,Principal,Shoulders,Shoulder Flexion,Bodybuilding,https://youtu.be/acozHQv1JLk,Single Arm Cable Front Raise,Empuje,0,fuerza_hipertrofia
Intermedio,Otro equipo,Movilidad / estabilidad,Calentamiento,Abdominals,Anti-Lateral Flexion,Calisthenics,https://youtu.be/d7PGNbhmQVM,Parallette Side Plank,Core,3,movilidad_estabilidad
Principiante,Gimnasio / maquina,Fuerza / hipertrofia,Principal,Shoulders,Shoulder Flexion,Bodybuilding,https://youtu.be/PgSZlX32WTo,Cable Straight Bar Front Raise,Empuje,0,fuerza_hipertrofia
Principiante,Peso libre,Fuerza / hipertrofia,Principal,Triceps,Horizontal Push,Bodybuilding,https://youtu.be/XEFDMwmrLAM,Barbell Close Grip Bench Press,Empuje,2,fuerza_hipertrofia
Principiante,Gimnasio / maquina,Fuerza / hipertrofia,Principal,Biceps,Elbow Flexion,Bodybuilding,https://youtu.be/Pu5p6uZGTZM?si=MoB-YCpKDesQD9Nn,Single Arm Cable Bicep Curl,Jalón,-3,fuerza_hipertrofia
Principiante,Gimnasio / maquina,Fuerza / hipertrofia,Principal,Back,Horizontal Pull,Bodybuilding,https://youtu.be/91nVZ7FLPyA?si=_khiKXF3khjyeuSP,Single Arm Cable Shotgun Row,Jalón,2,fuerza_hipertrofia
Principiante,Gimnasio / maquina,Fuerza / hipertrofia,Principal,Shoulders,Shoulder External Rotation,Sin clasificar,https://youtu.be/_1ATOXmanEw?si=7DN0OJcZ8jGgOQxp,Cable Half Kneeling Face Pull,Empuje,1,fuerza_hipertrofia
Principiante,Accesorios funcionales,Fuerza / hipertrofia,Principal,Shoulders,Horizontal Pull,Sin clasificar,Sin dato,Stability Ball Double Dumbbell W Raise,Empuje,3,fuerza_hipertrofia
Principiante,Peso libre,Fuerza / hipertrofia,Principal,Back,Horizontal Pull,Bodybuilding,https://youtu.be/9Q9gwoXHn1o,Single Arm Kettlebell Bent Over Row,Jalón,2,fuerza_hipertrofia
Principiante,Peso libre,Fuerza / hipertrofia,Principal,Back,Horizontal Pull,Bodybuilding,https://youtu.be/Ln1j7lm6SrE,Double Kettlebell Gorilla Row,Jalón,2,fuerza_hipertrofia
Principiante,Peso libre,Movilidad / estabilidad,Calentamiento,Shoulders,Rotational,Mobility,https://youtu.be/wJcmanVh5EE,Kettlebell Alternating Halo,Empuje,4,movilidad_estabilidad
Principiante,Peso libre,Fuerza / hipertrofia,Principal,Shoulders,Vertical Push,Bodybuilding,https://youtu.be/CwhbuoGqyug?si=Q9nkDUY4NvpGPqak,Single Arm Kettlebell Overhead Press,Empuje,2,fuerza_hipertrofia
Principiante,Peso libre,Fuerza / hipertrofia,Principal,Biceps,Elbow Flexion,Bodybuilding,https://youtu.be/YzTfq9VaQKs,Kettlebell Horn Grip Bicep Curl,Jalón,-3,fuerza_hipertrofia
Principiante,Peso libre,Fuerza / hipertrofia,Principal,Back,Horizontal Pull,Bodybuilding,https://youtu.be/scf3uLuAATg,Double Dumbbell Prone Row,Jalón,2,fuerza_hipertrofia
Principiante,Peso libre,Fuerza / hipertrofia,Principal,Shoulders,Vertical Push,Bodybuilding,https://youtu.be/6GbGvGvedOc,Double Kettlebell Z Press,Empuje,2,fuerza_hipertrofia
Principiante,Peso libre,Fuerza / hipertrofia,Principal,Shoulders,Vertical Push,Bodybuilding,https://youtu.be/ekNrVv6G5v8,Double Kettlebell Push Press,Empuje,2,fuerza_hipertrofia
Principiante,Peso libre,Fuerza / hipertrofia,Principal,Back,Horizontal Pull,Bodybuilding,https://youtu.be/pJzThQgKKxw,Barbell Prone Row,Jalón,2,fuerza_hipertrofia
Principiante,Peso libre,Fuerza / hipertrofia,Principal,Shoulders,Shoulder External Rotation,Sin clasificar,https://youtu.be/XsV_KH5Xrng,Single Arm Dumbbell Cuban Press,Empuje,1,fuerza_hipertrofia
Principiante,Peso libre,Fuerza / hipertrofia,Principal,Shoulders,Vertical Push,Sin clasificar,https://youtu.be/pRfJwVHLp6c,Single Arm Kettlebell Push Jerk,Empuje,3,fuerza_hipertrofia
Principiante,Peso libre,Fuerza / hipertrofia,Principal,Chest,Horizontal Push,Bodybuilding,https://youtu.be/2jFFCy8JBU8?si=BCYplSL2-ewJ8kiB,Barbell Incline Bench Press,Empuje,2,fuerza_hipertrofia
Principiante,Peso libre,Fuerza / hipertrofia,Principal,Shoulders,Vertical Push,Bodybuilding,https://youtu.be/2nJsZIScaVk,Double Kettlebell Tall Kneeling Overhead Press,Empuje,2,fuerza_hipertrofia
Principiante,Peso libre,Movilidad / estabilidad,Calentamiento,Shoulders,Sin clasificar,Postural,https://youtu.be/x4PRrxvYtwk?si=arNJc-zXL0vatJmL,Double Dumbbell Incline Bench Prone Y Raise,Empuje,1,movilidad_estabilidad
Principiante,Calistenia / barras,Fuerza / hipertrofia,Principal,Shoulders,Shoulder External Rotation,Sin clasificar,https://youtu.be/a33rvhoBWYM,Suspension Face Pull to Overhead Press,Empuje,1,fuerza_hipertrofia
Principiante,Peso libre,Fuerza / hipertrofia,Principal,Chest,Horizontal Push,Bodybuilding,https://youtu.be/Cb5ZNB7Vf-0?si=_wFvEZ4u-wYsUhzm,Double Dumbbell Reverse Grip Bench Press,Empuje,2,fuerza_hipertrofia
Principiante,Gimnasio / maquina,Fuerza / hipertrofia,Principal,Back,Vertical Pull,Bodybuilding,https://youtu.be/N7FcfA7UFZk,Single Arm Cable Seated Floor Lat Pulldown,Jalón,2,fuerza_hipertrofia
Principiante,Peso libre,Condicion fisica / potencia,Principal,Forearms,Loaded Carry,Sin clasificar,https://youtu.be/p5MNNosenJc,Double Dumbbell Suitcase Carry,Carga,5,potencia_funcional
Principiante,Ligas,Fuerza / hipertrofia,Principal,Shoulders,Shoulder External Rotation,Sin clasificar,Sin dato,Single Arm Resistance Band Half Kneeling Cuban Press,Empuje,1,fuerza_hipertrofia
Principiante,Peso libre,Fuerza / hipertrofia,Principal,Shoulders,Shoulder External Rotation,Sin clasificar,https://youtu.be/XpcOM9Np9LQ?si=p-JIsZ-J0LYgrnEO,Double Dumbbell Cuban Press,Empuje,1,fuerza_hipertrofia
Principiante,Peso libre,Fuerza / hipertrofia,Principal,Back,Horizontal Pull,Bodybuilding,https://youtu.be/KoOmLu7ms1s,Double Kettlebell Pendlay Row,Jalón,2,fuerza_hipertrofia
Principiante,Peso libre,Fuerza / hipertrofia,Principal,Shoulders,Vertical Push,Bodybuilding,https://youtu.be/ZcUxxxNl1PA,Double Kettlebell Half Kneeling Overhead Press,Empuje,2,fuerza_hipertrofia
Principiante,Peso libre,Fuerza / hipertrofia,Principal,Shoulders,Vertical Push,Sin clasificar,https://youtu.be/KUsZAGWd0VQ,Single Arm Kettlebell Push Press,Empuje,3,fuerza_hipertrofia
Principiante,Peso libre,Fuerza / hipertrofia,Principal,Shoulders,Vertical Push,Sin clasificar,https://youtu.be/U2w1H0oXhhg?si=OkR2U3VpYiRe81Eo,Double Kettlebell Push Jerk,Empuje,3,fuerza_hipertrofia
Principiante,Peso libre,Fuerza / hipertrofia,Principal,Chest,Horizontal Push,Bodybuilding,https://youtu.be/195-8CoZDgo,Double Dumbbell Glute Bridge Isometric Floor Press,Empuje,2,fuerza_hipertrofia
Principiante,Peso libre,Fuerza / hipertrofia,Principal,Shoulders,Vertical Push,Sin clasificar,https://youtu.be/55-ngw6hplo,Double Kettlebell Seesaw Overhead Press,Empuje,3,fuerza_hipertrofia
Principiante,Peso libre,Fuerza / hipertrofia,Principal,Shoulders,Vertical Push,Bodybuilding,https://youtu.be/DmC9vPYvU0g?si=mIpOJCXLUo_un5rT,Alternating Double Kettlebell Z Press,Empuje,2,fuerza_hipertrofia
Intermedio,Sin equipo,Fuerza / hipertrofia,Principal,Chest,Horizontal Push,Sin clasificar,https://youtu.be/auBLPXO8Fww,Bodyweight Burpee,Empuje,3,fuerza_hipertrofia
Avanzado,Peso libre,Fuerza / hipertrofia,Principal avanzado,Shoulders,Horizontal Push,Sin clasificar,https://youtu.be/SCOxIkPDqxM?si=JHtcK8O5k4voNCP2,Double Dumbbell Devil Press,Empuje,3,fuerza_hipertrofia
Avanzado,Peso libre,Fuerza / hipertrofia,Principal avanzado,Shoulders,Horizontal Push,Sin clasificar,https://youtu.be/l6_aD2IWEEA,Alternating Single Arm Dumbbell Devil Press,Empuje,3,fuerza_hipertrofia
Principiante,Peso libre,Fuerza / hipertrofia,Principal,Shoulders,Vertical Push,Bodybuilding,https://youtu.be/n54YmZS9uM4,Double Kettlebell Seesaw Z Press,Empuje,2,fuerza_hipertrofia
Principiante,Peso libre,Movilidad / estabilidad,Calentamiento,Shoulders,Shoulder Abduction,Mobility,https://youtu.be/IeGDlglTK9M,Double Plate Lu Raise,Empuje,2,movilidad_estabilidad
Principiante,Peso libre,Movilidad / estabilidad,Principal,Shoulders,Isometric Hold,Sin clasificar,https://youtu.be/ToHy85wT3KE?si=z9VmwQGWt8A86_Mc,Plate Steering Wheel,Empuje,1,movilidad_estabilidad
Principiante,Calistenia / barras,Fuerza / hipertrofia,Principal,Shoulders,Shoulder External Rotation,Sin clasificar,https://youtu.be/ybVFLdr1_Vk?si=NGTNOkq-xBRDhbIF,Suspension Cuban Press,Empuje,1,fuerza_hipertrofia
Principiante,Peso libre,Fuerza / hipertrofia,Principal,Chest,Horizontal Push,Bodybuilding,https://youtu.be/6yGZ0KCaiWM,Barbell Decline Bench Press,Empuje,2,fuerza_hipertrofia
Principiante,Peso libre,Movilidad / estabilidad,Calentamiento,Shoulders,Rotational,Mobility,https://youtu.be/A2jT86tgnII,Kettlebell Half Kneeling Alternating Halo,Empuje,4,movilidad_estabilidad
Principiante,Peso libre,Movilidad / estabilidad,Calentamiento,Shoulders,Rotational,Mobility,https://youtu.be/9n3nSrJiuFE?si=oGT50V2Fg6jzr5X2,Kettlebell Tall Kneeling Alternating Halo,Empuje,4,movilidad_estabilidad
Avanzado,Sin equipo,Condicion fisica / potencia,Tecnica,Chest,Sin clasificar,Plyometric,https://youtu.be/phmcox-C8iA,Bodyweight Rolling Squat Burpee,Empuje,6,potencia_funcional
Principiante,Peso libre,Movilidad / estabilidad,Calentamiento,Shoulders,Rotational,Mobility,https://youtu.be/4frRMFUlaFs,Kettlebell Tall Kneeling Alternating Hip to Halo,Empuje,4,movilidad_estabilidad
Principiante,Peso libre,Fuerza / hipertrofia,Principal,Shoulders,Vertical Push,Bodybuilding,https://youtu.be/Mdx1V3v7E5g,Barbell Seated Overhead Press,Empuje,2,fuerza_hipertrofia
Principiante,Peso libre,Fuerza / hipertrofia,Principal,Shoulders,Vertical Push,Bodybuilding,https://youtu.be/_othSKjqF30,Dumbbell Crush Grip Z Press,Empuje,2,fuerza_hipertrofia
Principiante,Peso libre,Fuerza / hipertrofia,Principal,Shoulders,Vertical Push,Bodybuilding,https://youtu.be/HdsS7MO_KFs?si=6N85JwB13t24ha7T,Barbell Half Kneeling Overhead Press,Empuje,2,fuerza_hipertrofia
Principiante,Peso libre,Fuerza / hipertrofia,Principal,Shoulders,Vertical Push,Bodybuilding,https://youtu.be/j2slieruHx0?si=qsnkz69oUwDeE0hp,Barbell Tall Kneeling Overhead Press,Empuje,2,fuerza_hipertrofia
Principiante,Peso libre,Fuerza / hipertrofia,Principal,Back,Horizontal Pull,Calisthenics,https://youtu.be/bHO0A4ZF_Zg,Barbell Inverted Row,Jalón,5,fuerza_hipertrofia
Principiante,Calistenia / barras,Fuerza / hipertrofia,Principal,Back,Horizontal Pull,Calisthenics,https://youtu.be/xhlReCpAE9k,Ring Row,Jalón,5,fuerza_hipertrofia
Principiante,Accesorios funcionales,Fuerza / hipertrofia,Principal,Quadriceps,Knee Dominant,Bodybuilding,https://youtu.be/DS-pvuh8VEo?si=KEDC31EUxCubFjGj,Slider Single Arm Kettlebell Suitcase Ipsilateral Reverse Lunge,Pierna,2,fuerza_hipertrofia
Principiante,Accesorios funcionales,Fuerza / hipertrofia,Principal,Quadriceps,Knee Dominant,Bodybuilding,https://youtu.be/iRHrBseKm0k?si=X-TqbB38SGkCSqnE,Slider Single Arm Kettlebell Front Rack Contralateral Reverse Lunge,Pierna,2,fuerza_hipertrofia
Principiante,Calistenia / barras,Fuerza / hipertrofia,Principal,Back,Horizontal Pull,Calisthenics,https://youtu.be/5CxPrNkhm2k,Ring Bulgarian Row,Jalón,5,fuerza_hipertrofia
Principiante,Peso libre,Fuerza / hipertrofia,Principal,Shoulders,Rotational,Bodybuilding,https://youtu.be/VQKcF1HfsYk,Alternating Double Kettlebell Rotational Overhead Press,Empuje,2,fuerza_hipertrofia
Principiante,Peso libre,Fuerza / hipertrofia,Principal,Shoulders,Vertical Push,Sin clasificar,https://youtu.be/kUgzuCAvO3A,Alternating Double Kettlebell Push Press,Empuje,3,fuerza_hipertrofia
Principiante,Gimnasio / maquina,Fuerza / hipertrofia,Principal,Shoulders,Shoulder External Rotation,Sin clasificar,Sin dato,Cable Tall Kneeling Face Pull,Empuje,1,fuerza_hipertrofia
Principiante,Peso libre,Condicion fisica / potencia,Tecnica,Biceps,Sin clasificar,Ballistics,https://youtu.be/e8aZdfRK4FE?si=VtO52sSIMj0T-KCF,Macebell Ballistic Curl,Jalón,3,potencia_funcional
Principiante,Otro equipo,Movilidad / estabilidad,Calentamiento,Shoulders,Shoulder External Rotation,Mobility,Sin dato,Single Arm Indian Club Outer Heart Shaped Swing,Empuje,2,movilidad_estabilidad
Principiante,Peso libre,Fuerza / hipertrofia,Principal,Back,Sin clasificar,Sin clasificar,https://youtu.be/JJgOmmqZneM?si=v93qv5Poy03NJqj_,Single Arm Clubbell Pullover,Jalón,1,fuerza_hipertrofia
Principiante,Peso libre,Fuerza / hipertrofia,Principal,Back,Sin clasificar,Sin clasificar,https://youtu.be/2ZYphWzJedw?si=f5GGOhThihsKqIds,Double Clubbell Pullover,Jalón,1,fuerza_hipertrofia
Principiante,Peso libre,Fuerza / hipertrofia,Principal,Back,Sin clasificar,Sin clasificar,https://youtu.be/0sRFLvzcqxw?si=cqK8W0uEQdEUfDAy,Clubbell Pullover,Jalón,1,fuerza_hipertrofia
Principiante,Peso libre,Fuerza / hipertrofia,Principal,Shoulders,Horizontal Push,Sin clasificar,https://youtu.be/3_F4oUpYY7Q?si=qgoqjkcK33CSqmX4,Clubbell Front Flag Press,Empuje,3,fuerza_hipertrofia
Principiante,Otro equipo,Movilidad / estabilidad,Calentamiento,Shoulders,Sin clasificar,Mobility,Sin dato,Single Arm Indian Club Inner Heart Shaped Swing,Empuje,2,movilidad_estabilidad
Principiante,Calistenia / barras,Movilidad / estabilidad,Principal,Forearms,Isometric Hold,Calisthenics,https://youtu.be/7J_x9uMtr-o?si=2tga8qG4urWcSCMT,Single Arm Ring Dead Hang,Core,3,movilidad_estabilidad
Principiante,Peso libre,Fuerza / hipertrofia,Principal,Back,Hip Hinge,Bodybuilding,https://youtu.be/yMRbcOd51pA?si=7Hc1xBgOqKKuKw3C,Single Arm Dumbbell Suitcase Deadlift,Cadera,2,fuerza_hipertrofia
Principiante,Accesorios funcionales,Fuerza / hipertrofia,Principal,Quadriceps,Knee Dominant,Bodybuilding,https://youtu.be/7wCLqLLyHh0?si=hFc7L_yPlG-KnZVg,Slider Single Arm Kettlebell Front Rack Ipsilateral Reverse Lunge,Pierna,2,fuerza_hipertrofia
Principiante,Peso libre,Fuerza / hipertrofia,Principal,Shoulders,Vertical Push,Sin clasificar,https://youtu.be/REUDhFnYMYc?si=13Shwx4VKvuvNLZh,Clubbell Torch Press,Empuje,3,fuerza_hipertrofia
Principiante,Peso libre,Fuerza / hipertrofia,Principal,Shoulders,Vertical Push,Sin clasificar,https://youtu.be/UU4WhE25JfI?si=6sinMuju_2nUhgZK,Single Arm Clubbell Torch Press,Empuje,3,fuerza_hipertrofia
Principiante,Peso libre,Fuerza / hipertrofia,Principal,Shoulders,Vertical Push,Sin clasificar,Sin dato,Double Clubbell Torch Press,Empuje,3,fuerza_hipertrofia
Principiante,Peso libre,Fuerza / hipertrofia,Principal,Back,Hip Hinge,Powerlifting,https://youtu.be/op9kVnSso6Q,Barbell Conventional Deadlift,Cadera,3,fuerza_hipertrofia
Principiante,Peso libre,Fuerza / hipertrofia,Principal,Back,Hip Hinge,Powerlifting,https://youtu.be/wQHSYDSgDn8,Barbell Sumo Deadlift,Cadera,3,fuerza_hipertrofia
Principiante,Peso libre,Fuerza / hipertrofia,Principal,Back,Hip Hinge,Bodybuilding,https://youtu.be/zdaEWO0S5HU,Barbell Rack Pull,Cadera,2,fuerza_hipertrofia
Intermedio,Peso libre,Fuerza / hipertrofia,Principal,Back,Hip Hinge,Bodybuilding,https://youtu.be/0Ah-ol5EGlo,Barbell Snatch Grip Deadlift,Cadera,2,fuerza_hipertrofia
Principiante,Peso libre,Fuerza / hipertrofia,Principal,Shoulders,Vertical Push,Sin clasificar,Sin dato,Alternating Double Clubbell Torch Press,Empuje,3,fuerza_hipertrofia
Principiante,Accesorios funcionales,Core / estabilidad,Principal,Back,Hip Hinge,Sin clasificar,https://youtu.be/bmRTtzOOiVM,Stability Ball Hyperextension,Cadera,3,core_estabilidad
Intermedio,Peso libre,Fuerza / hipertrofia,Principal,Back,Hip Hinge,Bodybuilding,https://youtu.be/ZPeJ0s8X6Gs,Barbell Seated Good Morning,Cadera,2,fuerza_hipertrofia
Intermedio,Peso libre,Fuerza / hipertrofia,Principal,Back,Hip Hinge,Bodybuilding,https://youtu.be/F8dCjzbed-4,Barbell Good Morning,Cadera,2,fuerza_hipertrofia
Principiante,Sin equipo,Movilidad / estabilidad,Principal,Quadriceps,Isometric Hold,Sin clasificar,https://youtu.be/SszDMOZvFuw,Bodyweight Wall Sit,Pierna,-4,movilidad_estabilidad
Principiante,Sin equipo,Fuerza / hipertrofia,Principal,Quadriceps,Knee Dominant,Sin clasificar,https://youtu.be/3J99J5NxNSQ?si=Xv_W-o9GzT-nvtVQ,Bodyweight Wall Slide Squat,Pierna,3,fuerza_hipertrofia
Principiante,Accesorios funcionales,Fuerza / hipertrofia,Principal,Quadriceps,Knee Dominant,Sin clasificar,https://youtu.be/lWJ6BujsDYY?si=Hl4kTZutf9b6tDUi,Stability Ball Wall Slide Squat,Pierna,3,fuerza_hipertrofia
Principiante,Calistenia / barras,Fuerza / hipertrofia,Principal,Quadriceps,Knee Dominant,Sin clasificar,https://youtu.be/MafftY-3lC0?si=bGTlr29qg0ZvBtT_,Suspension Squat,Pierna,3,fuerza_hipertrofia
Principiante,Calistenia / barras,Fuerza / hipertrofia,Principal,Quadriceps,Knee Dominant,Bodybuilding,https://youtu.be/oRO4ailwZb4,Suspension Alternating Reverse Lunge,Pierna,2,fuerza_hipertrofia
Principiante,Sin equipo,Fuerza / hipertrofia,Principal,Quadriceps,Knee Dominant,Calisthenics,https://youtu.be/93l0NGCosAE,Bodyweight Squat to Bench,Pierna,5,fuerza_hipertrofia
Principiante,Sin equipo,Fuerza / hipertrofia,Principal,Quadriceps,Knee Dominant,Calisthenics,https://youtu.be/C_VtOYc6j5c,Bodyweight Squat,Pierna,5,fuerza_hipertrofia
Principiante,Sin equipo,Fuerza / hipertrofia,Principal,Quadriceps,Knee Dominant,Bodybuilding,https://youtu.be/WRCsxtCfrEE,Bodyweight Hand Assisted Split Squat,Pierna,2,fuerza_hipertrofia
Principiante,Sin equipo,Fuerza / hipertrofia,Principal,Quadriceps,Knee Dominant,Bodybuilding,https://youtu.be/tlbTz6IamaE,Bodyweight Walking Lunge,Pierna,2,fuerza_hipertrofia
Principiante,Peso libre,Fuerza / hipertrofia,Principal,Quadriceps,Knee Dominant,Bodybuilding,https://youtu.be/a-dqF4NL2K4,Dumbbell Goblet Squat,Pierna,2,fuerza_hipertrofia
Principiante,Otro equipo,Fuerza / hipertrofia,Principal,Hamstrings,Hip Hinge,Bodybuilding,https://youtu.be/N5lBa2zMAPI?si=Eth4HWtKMOXBXNx6,Miniband Romanian Deadlift,Cadera,2,fuerza_hipertrofia
Intermedio,Otro equipo,Condicion fisica / potencia,Tecnica,Abductors,Sin clasificar,Plyometric,https://youtu.be/VHBOyCCupJ4?feature=shared,Superband Resisted Skater Jump,Condición,6,potencia_funcional
Principiante,Gimnasio / maquina,Fuerza / hipertrofia,Principal,Hamstrings,Knee Dominant,Bodybuilding,https://youtu.be/k6Vo8hBLypQ,Cable Prone Single Leg Hamstring Curl,Pierna,-1,fuerza_hipertrofia
Intermedio,Sin equipo,Condicion fisica / potencia,Tecnica,Glutes,Sin clasificar,Plyometric,https://youtu.be/BpwGQP8k7aY,Bodyweight Candlestick Roll Up Tuck Jump,Pierna,6,potencia_funcional
Principiante,Peso libre,Fuerza / hipertrofia,Principal,Shoulders,Horizontal Push,Sin clasificar,Sin dato,Single Arm Clubbell Front Flag Press,Empuje,3,fuerza_hipertrofia
Principiante,Peso libre,Fuerza / hipertrofia,Principal,Shoulders,Horizontal Push,Sin clasificar,Sin dato,Double Clubbell Front Flag Press,Empuje,3,fuerza_hipertrofia
Principiante,Peso libre,Fuerza / hipertrofia,Principal,Back,Hip Hinge,Bodybuilding,https://youtu.be/iVpVk8x-VDQ,Barbell Block Pull Deadlift,Cadera,2,fuerza_hipertrofia
Principiante,Peso libre,Fuerza / hipertrofia,Principal,Quadriceps,Knee Dominant,Sin clasificar,https://youtu.be/dLG78_Z9rjM,Barbell Box Back Squat,Pierna,3,fuerza_hipertrofia
Intermedio,Peso libre,Fuerza / hipertrofia,Principal,Back,Hip Hinge,Bodybuilding,https://youtu.be/PzoxegwRlOw,Barbell Deficit Deadlift,Cadera,2,fuerza_hipertrofia
Intermedio,Peso libre,Fuerza / hipertrofia,Tecnica,Quadriceps,Knee Dominant,Olympic Weightlifting,https://youtu.be/uYumuL_G_V0,Barbell Front Rack Squat,Pierna,3,fuerza_hipertrofia
Principiante,Peso libre,Fuerza / hipertrofia,Principal,Glutes,Hip Extension,Bodybuilding,https://youtu.be/6EhYj5eSngY,Barbell Glute Bridge,Pierna,0,fuerza_hipertrofia
Principiante,Peso libre,Fuerza / hipertrofia,Principal,Back,Hip Hinge,Bodybuilding,Sin dato,Barbell Halting Deadlift,Cadera,2,fuerza_hipertrofia
Principiante,Peso libre,Fuerza / hipertrofia,Principal,Quadriceps,Knee Dominant,Sin clasificar,https://youtu.be/ultWZbUMPL8,Barbell High Bar Back Squat,Pierna,3,fuerza_hipertrofia
Intermedio,Peso libre,Fuerza / hipertrofia,Principal,Quadriceps,Hip Dominant,Powerlifting,Sin dato,Barbell Low Bar Back Squat,Pierna,1,fuerza_hipertrofia
Principiante,Peso libre,Fuerza / hipertrofia,Principal,Shoulders,Horizontal Push,Sin clasificar,Sin dato,Alternating Double Clubbell Front Flag Press,Empuje,3,fuerza_hipertrofia
Avanzado,Peso libre,Condicion fisica / potencia,Tecnica,Glutes,Hip Hinge,Olympic Weightlifting,https://youtu.be/KwYJTpQ_x5A,Barbell Power Clean,Pierna,5,potencia_funcional
Avanzado,Peso libre,Condicion fisica / potencia,Tecnica,Glutes,Hip Hinge,Olympic Weightlifting,https://youtu.be/TL8SMp7RdXQ,Barbell Power Snatch,Pierna,5,potencia_funcional
Principiante,Otro equipo,Movilidad / estabilidad,Calentamiento,Shoulders,Sin clasificar,Mobility,Sin dato,Double Indian Club Lateral Internal and External Rotations,Empuje,2,movilidad_estabilidad
Principiante,Peso libre,Fuerza / hipertrofia,Principal,Hamstrings,Hip Hinge,Bodybuilding,https://youtu.be/LURGDIX3adY?si=fHh3AAX-mZB09HXi,Barbell Romanian Deadlift,Cadera,2,fuerza_hipertrofia
Principiante,Otro equipo,Movilidad / estabilidad,Calentamiento,Shoulders,Sin clasificar,Mobility,Sin dato,Single Arm Indian Club Lateral Internal and External Rotation,Empuje,2,movilidad_estabilidad
Principiante,Peso libre,Fuerza / hipertrofia,Principal,Quadriceps,Knee Dominant,Bodybuilding,https://youtu.be/KXUJxb8hO8U,Barbell Back Rack Split Squat,Pierna,2,fuerza_hipertrofia
Principiante,Peso libre,Fuerza / hipertrofia,Principal,Hamstrings,Hip Hinge,Bodybuilding,https://youtu.be/5_t0SsovgW8?si=5Zg1x855TTmrp1cL,Barbell Stiff Legged Deadlift,Cadera,2,fuerza_hipertrofia
Principiante,Peso libre,Fuerza / hipertrofia,Principal,Glutes,Knee Dominant,Sin clasificar,https://youtu.be/qiQAsB0x-7k?si=OlWu0ou6Vr0NnuvE,Barbell Sumo Back Squat,Pierna,3,fuerza_hipertrofia
Avanzado,Sin equipo,Fuerza / hipertrofia,Principal avanzado,Quadriceps,Knee Dominant,Calisthenics,https://youtu.be/qDcniqddTeE?si=G4KPahZUmlQQChZ_,Bodyweight Pistol Squat,Pierna,5,fuerza_hipertrofia
Intermedio,Sin equipo,Fuerza / hipertrofia,Principal,Quadriceps,Knee Dominant,Calisthenics,https://youtu.be/kRnLZadW5Q0,Bodyweight Skater Squat,Pierna,5,fuerza_hipertrofia
Principiante,Gimnasio / maquina,Fuerza / hipertrofia,Principal,Glutes,Hip Hinge,Bodybuilding,https://youtu.be/NEDrQPoITMc?si=ZeJ1LOUbzrjgk-_8,Cable Pull Through,Pierna,2,fuerza_hipertrofia
Intermedio,Peso libre,Fuerza / hipertrofia,Principal,Quadriceps,Knee Dominant,Bodybuilding,https://youtu.be/G0Mo2LF8uLU,Double Dumbbell Suitcase Bulgarian Split Squat,Pierna,2,fuerza_hipertrofia
Principiante,Peso libre,Fuerza / hipertrofia,Principal,Quadriceps,Knee Dominant,Bodybuilding,https://youtu.be/37tVohr7LcE,Double Dumbbell Suitcase Step Up,Pierna,2,fuerza_hipertrofia
Principiante,Peso libre,Fuerza / hipertrofia,Principal,Quadriceps,Knee Dominant,Bodybuilding,https://youtu.be/jqWAqPQvqAk,Double Dumbbell Suitcase Deficit Split Squat,Pierna,2,fuerza_hipertrofia
Principiante,Peso libre,Fuerza / hipertrofia,Principal,Quadriceps,Knee Dominant,Bodybuilding,https://youtu.be/t7DBjlOTwAk,Double Dumbbell Suitcase Alternating Forward Lunge,Pierna,2,fuerza_hipertrofia
Principiante,Peso libre,Fuerza / hipertrofia,Principal,Quadriceps,Knee Dominant,Bodybuilding,https://youtu.be/Lsen4vH1nm8,Double Dumbbell Suitcase Alternating Reverse Lunge,Pierna,2,fuerza_hipertrofia
Principiante,Otro equipo,Movilidad / estabilidad,Calentamiento,Shoulders,Sin clasificar,Mobility,Sin dato,Double Indian Club Overhead Arm Circles,Empuje,2,movilidad_estabilidad
Principiante,Peso libre,Fuerza / hipertrofia,Principal,Quadriceps,Knee Dominant,Bodybuilding,https://youtu.be/yqH8u037IjM,Double Dumbbell Suitcase Split Squat,Pierna,2,fuerza_hipertrofia
Principiante,Peso libre,Fuerza / hipertrofia,Principal,Quadriceps,Knee Dominant,Bodybuilding,https://youtu.be/anHX8Zp67C8?si=qbb7ETCqekLaflB_,Double Dumbbell Front Rack Alternating Step Up,Pierna,2,fuerza_hipertrofia
Principiante,Sin equipo,Fuerza / hipertrofia,Principal,Quadriceps,Knee Dominant,Sin clasificar,https://youtu.be/pktIjwNiuYE?si=fWFt85clM0T2gopP,Bodyweight Face the Wall Squat,Pierna,3,fuerza_hipertrofia
Principiante,Sin equipo,Fuerza / hipertrofia,Principal,Glutes,Hip Extension,Bodybuilding,https://youtu.be/kFvF6ZHv-KI,Bodyweight Feet Elevated Glute Bridge,Pierna,0,fuerza_hipertrofia
Intermedio,Accesorios funcionales,Fuerza / hipertrofia,Principal,Quadriceps,Knee Dominant,Bodybuilding,Sin dato,Slider Single Arm Kettlebell Bottoms Up Front Rack Contralateral Reverse Lunge,Pierna,2,fuerza_hipertrofia
Intermedio,Accesorios funcionales,Fuerza / hipertrofia,Principal,Quadriceps,Knee Dominant,Bodybuilding,Sin dato,Slider Single Arm Kettlebell Bottoms Up Front Rack Ipsilateral Reverse Lunge,Pierna,2,fuerza_hipertrofia
Intermedio,Accesorios funcionales,Fuerza / hipertrofia,Principal,Quadriceps,Knee Dominant,Bodybuilding,Sin dato,Slider Single Arm Kettlebell Overhead Contralateral Reverse Lunge,Pierna,2,fuerza_hipertrofia
Intermedio,Accesorios funcionales,Fuerza / hipertrofia,Principal,Quadriceps,Knee Dominant,Bodybuilding,Sin dato,Slider Single Arm Kettlebell Overhead Ipsilateral Reverse Lunge,Pierna,2,fuerza_hipertrofia
Avanzado,Accesorios funcionales,Fuerza / hipertrofia,Principal avanzado,Quadriceps,Knee Dominant,Bodybuilding,Sin dato,Slider Single Arm Kettlebell Bottoms Up Overhead Contralateral Reverse Lunge,Pierna,2,fuerza_hipertrofia
Avanzado,Accesorios funcionales,Fuerza / hipertrofia,Principal avanzado,Quadriceps,Knee Dominant,Bodybuilding,Sin dato,Slider Single Arm Kettlebell Bottoms Up Overhead Ipsilateral Reverse Lunge,Pierna,2,fuerza_hipertrofia
Principiante,Accesorios funcionales,Fuerza / hipertrofia,Principal,Quadriceps,Knee Dominant,Bodybuilding,https://youtu.be/8k08cvYq-n8?si=bbPqV1XKB99kPfpP,Slider Kettlebell Goblet Reverse Lunge,Pierna,2,fuerza_hipertrofia
Principiante,Otro equipo,Fuerza / hipertrofia,Principal,Abductors,Hip Abduction,Bodybuilding,https://youtu.be/po3I8qoRC2c?si=XeJ7Tq5PXt3WLJfl,Miniband Thigh Monster Walk,General,0,fuerza_hipertrofia
Principiante,Sin equipo,Condicion fisica / potencia,Principal,Glutes,Hip Extension,Sin clasificar,https://youtu.be/1UwyzWjFx5k,Bodyweight Quadruped Hip Extension,Pierna,3,potencia_funcional
Intermedio,Calistenia / barras,Movilidad / estabilidad,Calentamiento,Quadriceps,Knee Dominant,Balance,https://youtu.be/K7qfUjKf9rU,Suspension Pistol Squat,Pierna,4,movilidad_estabilidad
Principiante,Calistenia / barras,Movilidad / estabilidad,Calentamiento,Quadriceps,Knee Dominant,Balance,https://youtu.be/YyBeT4WWBk4,Suspension Skater Squat,Pierna,4,movilidad_estabilidad
Principiante,Sin equipo,Condicion fisica / potencia,Tecnica,Quadriceps,Sin clasificar,Plyometric,https://youtu.be/vgB_eWuvGW8?si=anQ4gfG2ik-Y_uU9,Bodyweight Tuck Jump,Pierna,6,potencia_funcional
Principiante,Sin equipo,Movilidad / estabilidad,Principal,Quadriceps,Isometric Hold,Sin clasificar,https://youtu.be/eYGszeFcI7Y?si=jFOFuzza1JQMYuVE,Bodyweight Alternating Single Leg Wall Sit,Pierna,-4,movilidad_estabilidad
Intermedio,Sin equipo,Condicion fisica / potencia,Tecnica,Hamstrings,Hip Hinge,Plyometric,https://youtu.be/EmmP-jsvVJE,Bodyweight Single Leg Romanian Deadlift Jump,Cadera,8,potencia_funcional
Intermedio,Peso libre,Fuerza / hipertrofia,Principal,Quadriceps,Knee Dominant,Bodybuilding,https://youtu.be/TBw3mPrKAIs,Double Dumbbell Overhead Walking Lunge,Pierna,2,fuerza_hipertrofia
Intermedio,Accesorios funcionales,Fuerza / hipertrofia,Principal,Quadriceps,Knee Dominant,Bodybuilding,Sin dato,Stability Ball Double Dumbbell Suitcase Bulgarian Split Squat,Pierna,2,fuerza_hipertrofia
Intermedio,Sin equipo,Condicion fisica / potencia,Principal,Quadriceps,Knee Dominant,Sin clasificar,https://youtu.be/GbpDfXXKuk0?si=IsPMd_J3d72xrMcZ,Bodyweight Reverse Nordic,Pierna,5,potencia_funcional
Principiante,Sin equipo,Condicion fisica / potencia,Tecnica,Glutes,Sin clasificar,Plyometric,https://youtu.be/pVoOtkGBN6s,Bodyweight Alternating Lateral Bench Jump,Pierna,6,potencia_funcional
Principiante,Peso libre,Fuerza / hipertrofia,Principal,Quadriceps,Knee Dominant,Bodybuilding,https://youtu.be/1VzKnqCcUJ4,Single Arm Dumbbell Front Rack Squat,Pierna,2,fuerza_hipertrofia
Intermedio,Sin equipo,Condicion fisica / potencia,Tecnica,Abductors,Sin clasificar,Plyometric,https://youtu.be/CaN4zfIPyXU,Bodyweight Skater Jump,Condición,6,potencia_funcional
Principiante,Accesorios funcionales,Fuerza / hipertrofia,Principal,Quadriceps,Knee Dominant,Bodybuilding,https://youtu.be/t8OkcdLjRFQ,Slider Single Arm Dumbbell Front Rack Contralateral Reverse Lunge,Pierna,2,fuerza_hipertrofia
Principiante,Gimnasio / maquina,Fuerza / hipertrofia,Principal,Hamstrings,Knee Dominant,Bodybuilding,https://youtu.be/IalP0lgYPnc,Cable Prone Bench Hamstring Curl,Pierna,-1,fuerza_hipertrofia
Intermedio,Sin equipo,Condicion fisica / potencia,Tecnica,Quadriceps,Knee Dominant,Plyometric,https://youtu.be/CWTu90BUTIY?si=9JSuKmfFRaalZ6er,Bodyweight Bulgarian Split Squat Jump,Pierna,8,potencia_funcional
Principiante,Gimnasio / maquina,Fuerza / hipertrofia,Principal,Hamstrings,Knee Dominant,Bodybuilding,https://youtu.be/tkh43Yc0tEs,Cable Standing Single Leg Hamstring Curl,Pierna,-1,fuerza_hipertrofia
Avanzado,Sin equipo,Fuerza / hipertrofia,Principal avanzado,Hamstrings,Knee Dominant,Sin clasificar,https://youtu.be/kjv4WQXWl_A,Bodyweight Nordic Hamstring Curl,Pierna,0,fuerza_hipertrofia
Intermedio,Otro equipo,Movilidad / estabilidad,Calentamiento,Quadriceps,Knee Dominant,Balance,https://youtu.be/szRINrcALyI,Superband Assisted Pistol Squat,Pierna,4,movilidad_estabilidad
Intermedio,Accesorios funcionales,Fuerza / hipertrofia,Principal,Quadriceps,Knee Dominant,Bodybuilding,Sin dato,Slider Double Kettlebell Bottoms Up Front Rack Reverse Lunge,Pierna,2,fuerza_hipertrofia
Principiante,Peso libre,Fuerza / hipertrofia,Principal,Quadriceps,Knee Dominant,Bodybuilding,https://youtu.be/B86Zj72LwzA,Double Dumbbell Front Rack Squat,Pierna,2,fuerza_hipertrofia
Principiante,Peso libre,Fuerza / hipertrofia,Principal,Quadriceps,Knee Dominant,Bodybuilding,https://youtu.be/KdE6b_r7wxA,Double Dumbbell Suitcase Walking Lunge,Pierna,2,fuerza_hipertrofia
Intermedio,Peso libre,Fuerza / hipertrofia,Principal,Quadriceps,Knee Dominant,Bodybuilding,https://youtu.be/ZPoMxOrIeO4,Barbell Back Rack Walking Lunge,Pierna,2,fuerza_hipertrofia
Principiante,Sin equipo,Fuerza / hipertrofia,Principal,Quadriceps,Knee Dominant,Calisthenics,https://youtu.be/Ly71LeprFKQ,Bodyweight Box Pistol Squat,Pierna,5,fuerza_hipertrofia
Intermedio,Peso libre,Fuerza / hipertrofia,Principal,Quadriceps,Knee Dominant,Sin clasificar,https://youtu.be/pn8mqlG0nkE,Barbell Overhead Squat,Pierna,3,fuerza_hipertrofia
Avanzado,Accesorios funcionales,Fuerza / hipertrofia,Principal avanzado,Quadriceps,Knee Dominant,Bodybuilding,Sin dato,Slider Double Kettlebell Bottoms Up Overhead Reverse Lunge,Pierna,2,fuerza_hipertrofia
Principiante,Otro equipo,Fuerza / hipertrofia,Principal,Quadriceps,Knee Dominant,Bodybuilding,https://youtu.be/oTRl7p13XtY,Landmine Goblet Squat,Pierna,2,fuerza_hipertrofia
Principiante,Accesorios funcionales,Fuerza / hipertrofia,Principal,Hamstrings,Knee Dominant,Sin clasificar,https://youtu.be/d-FBclT8W0g?si=wl1sJCzk2Z5PCnwx,Stability Ball Hamstring Curl,Pierna,0,fuerza_hipertrofia
Principiante,Accesorios funcionales,Fuerza / hipertrofia,Principal,Hamstrings,Knee Dominant,Sin clasificar,https://youtu.be/UaecXxAgsKA,Slider Hamstring Curl,Pierna,0,fuerza_hipertrofia
Principiante,Sin equipo,Condicion fisica / potencia,Principal,Hamstrings,Knee Dominant,Sin clasificar,https://youtu.be/GcV2LB0qqnY?si=PoIiYCAOL0uaDuPR,Bodyweight Hamstring Walkout,Pierna,5,potencia_funcional
Principiante,Accesorios funcionales,Fuerza / hipertrofia,Principal,Quadriceps,Knee Dominant,Bodybuilding,https://youtu.be/tWmzgpoOUls?si=Fmrp6-y_e5qk2SNJ,Slider Dumbbell Goblet Reverse Lunge,Pierna,2,fuerza_hipertrofia
Avanzado,Sin equipo,Fuerza / hipertrofia,Principal avanzado,Quadriceps,Knee Dominant,Calisthenics,https://youtu.be/bQY7fLEkZqU,Bodyweight Dragon Squat,Pierna,5,fuerza_hipertrofia
Intermedio,Accesorios funcionales,Fuerza / hipertrofia,Principal,Hamstrings,Knee Dominant,Bodybuilding,https://youtu.be/cuM7OBHSVow,Stability Ball Single Leg Hamstring Curl,Pierna,-1,fuerza_hipertrofia
Intermedio,Peso libre,Fuerza / hipertrofia,Principal,Hamstrings,Hip Hinge,Bodybuilding,Sin dato,Barbell Single Leg Romanian Deadlift,Cadera,2,fuerza_hipertrofia
Principiante,Peso libre,Condicion fisica / potencia,Principal,Quadriceps,Knee Dominant,Sin clasificar,https://youtu.be/HLDhxSqMQyE,Double Dumbbell Suitcase Lateral Lunge,Pierna,5,potencia_funcional
Avanzado,Peso libre,Fuerza / hipertrofia,Principal avanzado,Quadriceps,Knee Dominant,Bodybuilding,Sin dato,Barbell Zombie Walking Lunge,Pierna,2,fuerza_hipertrofia
Avanzado,Peso libre,Fuerza / hipertrofia,Principal avanzado,Quadriceps,Knee Dominant,Bodybuilding,https://youtu.be/m6MczOv_Ayg,Barbell Overhead Walking Lunge,Pierna,2,fuerza_hipertrofia
Avanzado,Peso libre,Condicion fisica / potencia,Tecnica,Quadriceps,Knee Dominant,Olympic Weightlifting,https://youtu.be/EKRiW9Yt3Ps,Barbell Squat Clean,Pierna,5,potencia_funcional
Avanzado,Otro equipo,Condicion fisica / potencia,Principal avanzado,Shoulders,Vertical Push,Sin clasificar,Sin dato,Single Arm Landmine Split Clean to Split Jerk,Empuje,5,potencia_funcional
Intermedio,Otro equipo,Fuerza / hipertrofia,Principal,Quadriceps,Knee Dominant,Bodybuilding,https://youtu.be/hwd_6Y9YKvI,Single Arm Landmine Hack Squat,Pierna,2,fuerza_hipertrofia
Principiante,Otro equipo,Movilidad / estabilidad,Calentamiento,Shoulders,Sin clasificar,Mobility,Sin dato,Double Indian Club Lateral Arm Circles,Empuje,2,movilidad_estabilidad
Principiante,Ligas,Movilidad / estabilidad,Calentamiento,Shoulders,Sin clasificar,Mobility,https://youtu.be/5yPvjJOqbg4?si=1OYvLb1R7Zq_hl94,Resistance Band Shoulder Dislocates,Empuje,2,movilidad_estabilidad
Principiante,Calistenia / barras,Fuerza / hipertrofia,Principal,Forearms,Elbow Flexion,Sin clasificar,https://youtu.be/yewf3adybcc?si=-PZ9RsGl7FC8vp7J,Suspension Reverse Grip Bicep Curl,General,-2,fuerza_hipertrofia
Principiante,Gimnasio / maquina,Fuerza / hipertrofia,Principal,Forearms,Elbow Flexion,Bodybuilding,https://youtu.be/RLlT3qbVS3Q?si=SYASKBhplBkTNYee,Cable Straight Bar Reverse Grip Bicep Curl,General,-3,fuerza_hipertrofia
Principiante,Gimnasio / maquina,Fuerza / hipertrofia,Principal,Forearms,Elbow Flexion,Bodybuilding,https://youtu.be/SIuDkLLlL6E?si=_Y_P-I5PU4GP5LRy,Single Arm Cable Reverse Grip Bicep Curl,General,-3,fuerza_hipertrofia
Principiante,Calistenia / barras,Fuerza / hipertrofia,Principal,Biceps,Vertical Pull,Calisthenics,https://youtu.be/B1nRr__KiNk?si=5PGKtxdEbPpVW1Ds,Bar Eccentric Chin Up,Jalón,5,fuerza_hipertrofia
Principiante,Calistenia / barras,Fuerza / hipertrofia,Principal,Back,Vertical Pull,Calisthenics,https://youtu.be/T4Jv__fWjZ8?si=sbUarOu5VD7qBK4s,Bar Eccentric Pull Up,Jalón,5,fuerza_hipertrofia
Intermedio,Otro equipo,Core / estabilidad,Principal,Abdominals,Rotational,Sin clasificar,https://youtu.be/HGzu8tvh79U,Landmine Half Kneeling Oblique Twist,Core,3,core_estabilidad
Principiante,Calistenia / barras,Movilidad / estabilidad,Principal,Forearms,Isometric Hold,Calisthenics,https://youtu.be/uyNR71ZCrho?si=blbw-wn6NHBGbR9y,Single Arm Bar Dead Hang,Core,3,movilidad_estabilidad
Principiante,Peso libre,Fuerza / hipertrofia,Principal,Shoulders,Vertical Push,Bodybuilding,https://youtu.be/UF_oINIojVQ?si=nyrZ0y91pz4IIfOs,Single Arm Kettlebell Tall Kneeling Overhead Press,Empuje,2,fuerza_hipertrofia
Principiante,Peso libre,Fuerza / hipertrofia,Principal,Shoulders,Vertical Push,Bodybuilding,https://youtu.be/2kWWWRpk6Co?si=gy0bI1KIAsGs2hhI,Alternating Double Kettlebell Tall Kneeling Overhead Press,Empuje,2,fuerza_hipertrofia
Principiante,Peso libre,Fuerza / hipertrofia,Principal,Shoulders,Vertical Push,Bodybuilding,https://youtu.be/V3wxOSo53mQ?si=cM14QdTRQfd_FXUt,Alternating Double Kettlebell Half Kneeling Overhead Press,Empuje,2,fuerza_hipertrofia
Avanzado,Accesorios funcionales,Movilidad / estabilidad,Calentamiento,Abdominals,Anti-Rotational,Sin clasificar,https://youtu.be/J3JZR2SFknM,Stability Ball Single Arm Forearm Plank,Core,3,movilidad_estabilidad
Avanzado,Accesorios funcionales,Movilidad / estabilidad,Calentamiento,Abdominals,Anti-Rotational,Sin clasificar,https://youtu.be/PAFvOAPjKwk,Stability Ball Feet Elevated Single Arm Forearm Plank,Core,3,movilidad_estabilidad
Intermedio,Otro equipo,Movilidad / estabilidad,Calentamiento,Quadriceps,Knee Dominant,Balance,https://youtu.be/avCA3xXb9hg,Landmine Zercher Skater Squat,Pierna,4,movilidad_estabilidad
Intermedio,Otro equipo,Fuerza / hipertrofia,Principal,Quadriceps,Knee Dominant,Sin clasificar,https://youtu.be/h2bPSv9ka_o,Single Arm Landmine Front Rack Contralateral Reverse Lunge to Shoulder Press,Pierna,3,fuerza_hipertrofia
Principiante,Otro equipo,Fuerza / hipertrofia,Principal,Quadriceps,Knee Dominant,Bodybuilding,https://youtu.be/jLvQenjeus8,Landmine Thruster,Pierna,2,fuerza_hipertrofia
Principiante,Otro equipo,Fuerza / hipertrofia,Principal,Hamstrings,Hip Hinge,Bodybuilding,https://youtu.be/x5wWyQ-2k2E?feature=shared,Landmine Romanian Deadlift,Cadera,2,fuerza_hipertrofia
Intermedio,Otro equipo,Fuerza / hipertrofia,Principal,Hamstrings,Hip Hinge,Bodybuilding,https://youtu.be/rzJse5Ds98k,Single Arm Landmine Single Leg Romanian Deadlift,Cadera,2,fuerza_hipertrofia
Intermedio,Otro equipo,Core / estabilidad,Principal,Abdominals,Rotational,Sin clasificar,https://youtu.be/OCMcVEdK5vw,Landmine Tall Kneeling Oblique Twist,Core,3,core_estabilidad
Intermedio,Otro equipo,Core / estabilidad,Principal,Abdominals,Rotational,Sin clasificar,https://youtu.be/Zb-l68-4KFM,Landmine Feet Elevated Russian Twist,Core,3,core_estabilidad
Intermedio,Otro equipo,Fuerza / hipertrofia,Principal,Quadriceps,Knee Dominant,Bodybuilding,https://youtu.be/EcUficjayCY,Single Arm Landmine Thruster,Pierna,2,fuerza_hipertrofia
Principiante,Peso libre,Fuerza / hipertrofia,Principal,Shoulders,Vertical Push,Bodybuilding,https://youtu.be/Ke5Erzd3NjE?si=fOzgTGBaC6CMWfE6,Double Kettlebell Tall Kneeling Seesaw Overhead Press,Empuje,2,fuerza_hipertrofia
Principiante,Peso libre,Movilidad / estabilidad,Calentamiento,Shoulders,Rotational,Mobility,Sin dato,Single Arm Kettlebell Arm Bar,Empuje,4,movilidad_estabilidad
Avanzado,Peso libre,Fuerza / hipertrofia,Tecnica,Shoulders,Hip Hinge,Olympic Weightlifting,Sin dato,Barbell Power Clean to Overhead Press,Cadera,3,fuerza_hipertrofia
Principiante,Calistenia / barras,Fuerza / hipertrofia,Principal,Back,Horizontal Pull,Bodybuilding,Sin dato,Single Arm Suspension Mid Row,Jalón,2,fuerza_hipertrofia
Intermedio,Otro equipo,Fuerza / hipertrofia,Principal,Quadriceps,Knee Dominant,Bodybuilding,https://youtu.be/e7jkuKuWcZ0,Landmine Zercher Curtsy Lunge,Pierna,2,fuerza_hipertrofia
Intermedio,Peso libre,Fuerza / hipertrofia,Principal,Quadriceps,Knee Dominant,Bodybuilding,https://youtu.be/YZQP6D9LP4E,Barbell Back Rack Alternating Cossack Squat,Pierna,2,fuerza_hipertrofia
Intermedio,Peso libre,Fuerza / hipertrofia,Principal,Quadriceps,Knee Dominant,Bodybuilding,https://youtu.be/_AEuTTkYzjg,Barbell Front Rack Alternating Cossack Squat,Pierna,2,fuerza_hipertrofia
Intermedio,Accesorios funcionales,Fuerza / hipertrofia,Principal,Quadriceps,Knee Dominant,Bodybuilding,Sin dato,Slider Double Kettlebell Overhead Lateral Lunge,Pierna,2,fuerza_hipertrofia
Principiante,Peso libre,Fuerza / hipertrofia,Principal,Quadriceps,Knee Dominant,Bodybuilding,https://youtu.be/glbP_VzHNkw?si=1k1fGSYRRORQv7W8,Dumbbell Goblet Alternating Cossack Squat,Pierna,2,fuerza_hipertrofia
Principiante,Sin equipo,Fuerza / hipertrofia,Principal,Quadriceps,Knee Dominant,Bodybuilding,https://youtu.be/dhDjKmTX8tU,Bodyweight Alternating Cossack Squat,Pierna,2,fuerza_hipertrofia
Principiante,Sin equipo,Fuerza / hipertrofia,Principal,Quadriceps,Knee Dominant,Bodybuilding,https://youtu.be/ufsoFnFCqA4,Bodyweight Knee Over Toe Split Squat,Pierna,2,fuerza_hipertrofia
Intermedio,Peso libre,Fuerza / hipertrofia,Principal,Quadriceps,Knee Dominant,Bodybuilding,https://youtu.be/RBcrPYSWQb8,Barbell Back Rack Knee Over Toe Split Squat,Pierna,2,fuerza_hipertrofia
Intermedio,Peso libre,Fuerza / hipertrofia,Principal,Quadriceps,Knee Dominant,Bodybuilding,https://youtu.be/q7zJZAexRmc,Barbell Front Rack Knee Over Toe Split Squat,Pierna,2,fuerza_hipertrofia
Avanzado,Peso libre,Fuerza / hipertrofia,Principal avanzado,Quadriceps,Knee Dominant,Bodybuilding,Sin dato,Barbell Overhead Knee Over Toe Split Squat,Pierna,2,fuerza_hipertrofia
Principiante,Otro equipo,Fuerza / hipertrofia,Principal,Triceps,Elbow Extension,Bodybuilding,https://youtu.be/vJuyPyyEdTs?si=_MMem5dVaaarfRRu,EZ Bar Incline Bench Lying Tricep Extension,Empuje,-3,fuerza_hipertrofia
Principiante,Otro equipo,Fuerza / hipertrofia,Principal,Triceps,Elbow Extension,Bodybuilding,https://youtu.be/eiCMrII3j9k?si=J2G1ZmeiFQDhnfxT,EZ Bar Skull Crusher,Empuje,-3,fuerza_hipertrofia
Principiante,Accesorios funcionales,Core / estabilidad,Principal,Abdominals,Spinal Flexion,Sin clasificar,https://youtu.be/vx9j9l18pyE?si=U7boXKing8U74cQZ,Slider Knee Tuck,Core,1,core_estabilidad
Principiante,Otro equipo,Fuerza / hipertrofia,Principal,Triceps,Elbow Extension,Bodybuilding,https://youtu.be/9VtEoirFmT8?si=B904_aTFyPDoEqMp,EZ Bar Incline Bench Skull Crusher,Empuje,-3,fuerza_hipertrofia
Principiante,Otro equipo,Fuerza / hipertrofia,Principal,Triceps,Elbow Extension,Bodybuilding,https://youtu.be/XFBsHDastRI?si=rP6H63ZVPOndCThK,EZ Bar Decline Bench Skull Crusher,Empuje,-3,fuerza_hipertrofia
Principiante,Otro equipo,Fuerza / hipertrofia,Principal,Shoulders,Shoulder Flexion,Bodybuilding,https://youtu.be/N4HLFIr5H4A?si=l2WKwgNX9fExG7xF,EZ Bar Front Raise,Empuje,0,fuerza_hipertrofia
Intermedio,Calistenia / barras,Core / estabilidad,Principal,Abdominals,Spinal Flexion,Sin clasificar,https://youtu.be/MkmpHj0T3OQ,Suspension Pike,Core,1,core_estabilidad
Avanzado,Calistenia / barras,Movilidad / estabilidad,Calentamiento,Abdominals,Anti-Lateral Flexion,Sin clasificar,https://youtu.be/9PiqAsdkh6Q,Suspension Side Plank Reach Through,Core,1,movilidad_estabilidad
Intermedio,Sin equipo,Core / estabilidad,Principal,Abdominals,Spinal Flexion,Sin clasificar,https://youtu.be/BZWoijzyF_4?si=2gKtoX0oa_Lef7o8,Bodyweight Cocoon Crunch,Core,1,core_estabilidad
Avanzado,Otro equipo,Movilidad / estabilidad,Calentamiento,Abdominals,Anti-Extension,Sin clasificar,https://youtu.be/SFTn_VON9qw,Ab Wheel Standing Rollout,Core,1,movilidad_estabilidad
Principiante,Gimnasio / maquina,Fuerza / hipertrofia,Principal,Glutes,Hip External Rotation,Bodybuilding,https://youtu.be/P4cP-juNM1Q,Cable Fire Hydrant,Pierna,0,fuerza_hipertrofia
Principiante,Gimnasio / maquina,Fuerza / hipertrofia,Principal,Glutes,Hip Hinge,Bodybuilding,https://youtu.be/5mkpuBI-2Ls,Cable Tall Kneeling Pull Through,Pierna,2,fuerza_hipertrofia
Principiante,Accesorios funcionales,Fuerza / hipertrofia,Principal,Glutes,Hip Extension,Bodybuilding,Sin dato,Stability Ball Bent Knee Reverse Hyperextension,Pierna,0,fuerza_hipertrofia
Principiante,Sin equipo,Fuerza / hipertrofia,Principal,Glutes,Hip Extension,Bodybuilding,https://youtu.be/RbkVHCMU3xU,Bodyweight Bent Knee Reverse Hyperextension,Pierna,0,fuerza_hipertrofia
Intermedio,Otro equipo,Movilidad / estabilidad,Principal,Abdominals,Isometric Hold,Calisthenics,https://youtu.be/VhqEdeeAyvg,Parallette Tuck L Sit,Core,-2,movilidad_estabilidad
Principiante,Otro equipo,Fuerza / hipertrofia,Principal,Biceps,Elbow Flexion,Bodybuilding,https://youtu.be/o1c9wFYt6FA?feature=shared,EZ Bar Close Grip Bicep Curl,Jalón,-3,fuerza_hipertrofia
Principiante,Otro equipo,Fuerza / hipertrofia,Principal,Shoulders,Vertical Push,Bodybuilding,https://youtu.be/_5VJKCjn8YE?feature=shared,EZ Bar Overhead Press,Empuje,2,fuerza_hipertrofia
Intermedio,Otro equipo,Movilidad / estabilidad,Principal,Abdominals,Isometric Hold,Calisthenics,https://youtu.be/V3hnphPbiAg,Parallette Single Leg L Sit,Core,-2,movilidad_estabilidad
Intermedio,Accesorios funcionales,Core / estabilidad,Principal,Abdominals,Hip Flexion,Sin clasificar,Sin dato,Stability Ball Bottoms Up,Core,1,core_estabilidad
Principiante,Accesorios funcionales,Core / estabilidad,Principal,Abdominals,Rotational,Sin clasificar,https://youtu.be/tVfP2_HkXEc,Stability Ball Windshield Wiper,Core,3,core_estabilidad
Intermedio,Accesorios funcionales,Movilidad / estabilidad,Calentamiento,Abdominals,Isometric Hold,Balance,https://youtu.be/wIkwr6LV9E8?si=WttWmNStYjInstEN,Stability Ball Tall Kneeling Balance,Core,2,movilidad_estabilidad
Principiante,Accesorios funcionales,Core / estabilidad,Principal,Abdominals,Rotational,Sin clasificar,Sin dato,Stability Ball Oblique Crunch,Core,3,core_estabilidad
Principiante,Accesorios funcionales,Movilidad / estabilidad,Calentamiento,Abdominals,Anti-Extension,Sin clasificar,https://youtu.be/4xODTD0UL-o?si=TSlUT4Fa309FslEb,Stability Ball Forearm Plank,Core,1,movilidad_estabilidad
Principiante,Accesorios funcionales,Fuerza / hipertrofia,Principal,Quadriceps,Knee Dominant,Bodybuilding,https://youtu.be/bAaaXP2xb8E?si=AOaxE4RzaGKjiq0h,Slider Double Kettlebell Suitcase Lateral Lunge,Pierna,2,fuerza_hipertrofia
Principiante,Accesorios funcionales,Fuerza / hipertrofia,Principal,Quadriceps,Knee Dominant,Bodybuilding,https://youtu.be/OsP6_mqxBDI?si=Kdp1ECOmqjUFcNM9,Slider Kettlebell Horn Grip Lateral Lunge,Pierna,2,fuerza_hipertrofia
Intermedio,Peso libre,Core / estabilidad,Principal,Abdominals,Spinal Flexion,Sin clasificar,https://youtu.be/h9OYpweuJEc,Single Arm Dumbbell Turkish Sit Up,Core,1,core_estabilidad
Intermedio,Otro equipo,Core / estabilidad,Principal,Abdominals,Spinal Flexion,Sin clasificar,https://youtu.be/EhYVfy1KUUA,Single Arm Landmine Turkish Sit Up,Core,1,core_estabilidad
Principiante,Peso libre,Fuerza / hipertrofia,Principal,Quadriceps,Knee Dominant,Bodybuilding,https://youtu.be/xkL1f4yewf0,Double Kettlebell Front Rack Cyclist Squat,Pierna,2,fuerza_hipertrofia
Intermedio,Peso libre,Core / estabilidad,Principal,Abdominals,Spinal Flexion,Sin clasificar,https://youtu.be/SreLOxzaIX4,Double Dumbbell Turkish Sit Up,Core,1,core_estabilidad
Principiante,Peso libre,Fuerza / hipertrofia,Principal,Quadriceps,Knee Dominant,Bodybuilding,https://youtu.be/_FjMUe0AhTY,Single Arm Kettlebell Front Rack Cyclist Squat,Pierna,2,fuerza_hipertrofia
Intermedio,Peso libre,Fuerza / hipertrofia,Principal,Quadriceps,Knee Dominant,Bodybuilding,https://youtu.be/PSRoSLw3GME,Single Arm Kettlebell Overhead Cyclist Squat,Pierna,2,fuerza_hipertrofia
Principiante,Peso libre,Fuerza / hipertrofia,Principal,Quadriceps,Knee Dominant,Bodybuilding,https://youtu.be/JFeG8YiLYmk,Double Dumbbell Front Rack Alternating Cossack Squat,Pierna,2,fuerza_hipertrofia
Principiante,Peso libre,Fuerza / hipertrofia,Principal,Quadriceps,Knee Dominant,Bodybuilding,https://youtu.be/TysYZ7rKhpM,Kettlebell Horn Grip Cyclist Squat,Pierna,2,fuerza_hipertrofia
Principiante,Peso libre,Fuerza / hipertrofia,Principal,Quadriceps,Knee Dominant,Bodybuilding,Sin dato,Kettlebell Bottoms Up Horn Grip Cyclist Squat,Pierna,2,fuerza_hipertrofia
Intermedio,Peso libre,Fuerza / hipertrofia,Principal,Quadriceps,Knee Dominant,Bodybuilding,https://youtu.be/x8bLCSXTChA,Single Arm Kettlebell Bottoms Up Front Rack Cyclist Squat,Pierna,2,fuerza_hipertrofia
Intermedio,Peso libre,Fuerza / hipertrofia,Principal,Quadriceps,Knee Dominant,Bodybuilding,Sin dato,Double Kettlebell Overhead Cyclist Squat,Pierna,2,fuerza_hipertrofia
Avanzado,Peso libre,Fuerza / hipertrofia,Principal avanzado,Quadriceps,Knee Dominant,Bodybuilding,Sin dato,Double Kettlebell Bottoms Up Overhead Cyclist Squat,Pierna,2,fuerza_hipertrofia
Intermedio,Peso libre,Fuerza / hipertrofia,Principal,Quadriceps,Knee Dominant,Bodybuilding,Sin dato,Double Kettlebell Bottoms Up Front Rack Cyclist Squat,Pierna,2,fuerza_hipertrofia
Avanzado,Peso libre,Fuerza / hipertrofia,Principal avanzado,Quadriceps,Knee Dominant,Bodybuilding,Sin dato,Single Arm Kettlebell Bottoms Up Overhead Cyclist Squat,Pierna,2,fuerza_hipertrofia
Principiante,Otro equipo,Fuerza / hipertrofia,Principal,Shoulders,Vertical Push,Bodybuilding,https://youtu.be/-MwL_9KOv7U?si=z-KgUayvNC37N78i,EZ Bar Seated Overhead Press,Empuje,2,fuerza_hipertrofia
Principiante,Otro equipo,Fuerza / hipertrofia,Principal,Triceps,Elbow Extension,Bodybuilding,Sin dato,EZ Bar Tall Kneeling Overhead Tricep Extension,Empuje,-3,fuerza_hipertrofia
Principiante,Otro equipo,Fuerza / hipertrofia,Principal,Shoulders,Vertical Push,Bodybuilding,Sin dato,EZ Bar Reverse Grip Overhead Press,Empuje,2,fuerza_hipertrofia
Principiante,Peso libre,Fuerza / hipertrofia,Principal,Quadriceps,Knee Dominant,Bodybuilding,https://youtu.be/2U58iHm7oSM,Double Dumbbell Suitcase Knee Over Toe Split Squat,Pierna,2,fuerza_hipertrofia
Principiante,Otro equipo,Fuerza / hipertrofia,Principal,Shoulders,Vertical Push,Bodybuilding,Sin dato,EZ Bar Reverse Grip Seated Overhead Press,Empuje,2,fuerza_hipertrofia
Principiante,Otro equipo,Fuerza / hipertrofia,Principal,Triceps,Horizontal Push,Bodybuilding,https://youtu.be/yoS-cVxq28Q?si=hPjefaZ8jY6Ugoh_,EZ Bar Close Grip Bench Press,Empuje,2,fuerza_hipertrofia
Principiante,Otro equipo,Fuerza / hipertrofia,Principal,Triceps,Horizontal Push,Bodybuilding,https://youtu.be/PEH5Ncie81g?si=F2eXxzjoehGGc9Bb,EZ Bar Close Grip Incline Bench Press,Empuje,2,fuerza_hipertrofia
Principiante,Otro equipo,Fuerza / hipertrofia,Principal,Triceps,Horizontal Push,Bodybuilding,https://youtu.be/K40CGYdAysc?si=AY-3wTXsp03-uRQ_,EZ Bar Close Grip Decline Bench Press,Empuje,2,fuerza_hipertrofia
Principiante,Gimnasio / maquina,Movilidad / estabilidad,Calentamiento,Abdominals,Anti-Rotational,Sin clasificar,https://youtu.be/7JBR6JGE1hY,Cable Half Kneeling Pallof Press,Core,3,movilidad_estabilidad
Principiante,Peso libre,Fuerza / hipertrofia,Principal,Quadriceps,Knee Dominant,Bodybuilding,Sin dato,Single Arm Kettlebell Cyclist Thruster,Pierna,2,fuerza_hipertrofia
Principiante,Peso libre,Fuerza / hipertrofia,Principal,Quadriceps,Knee Dominant,Bodybuilding,Sin dato,Double Kettlebell Cyclist Thruster,Pierna,2,fuerza_hipertrofia
Principiante,Peso libre,Fuerza / hipertrofia,Principal,Quadriceps,Knee Dominant,Bodybuilding,Sin dato,Alternating Double Kettlebell Cyclist Thruster,Pierna,2,fuerza_hipertrofia
Intermedio,Peso libre,Fuerza / hipertrofia,Principal,Quadriceps,Knee Dominant,Bodybuilding,Sin dato,Single Arm Kettlebell Bottoms Up Cyclist Thruster,Pierna,2,fuerza_hipertrofia
Intermedio,Peso libre,Fuerza / hipertrofia,Principal,Quadriceps,Knee Dominant,Bodybuilding,Sin dato,Double Kettlebell Bottoms Up Cyclist Thruster,Pierna,2,fuerza_hipertrofia
Intermedio,Peso libre,Fuerza / hipertrofia,Principal,Quadriceps,Knee Dominant,Bodybuilding,Sin dato,Alternating Double Kettlebell Bottoms Up Cyclist Thruster,Pierna,2,fuerza_hipertrofia
Intermedio,Peso libre,Movilidad / estabilidad,Calentamiento,Abdominals,Anti-Extension,Sin clasificar,https://youtu.be/AEfj6Lnn0Ao,Barbell Kneeling Rollout,Core,1,movilidad_estabilidad
Principiante,Peso libre,Fuerza / hipertrofia,Principal,Shoulders,Vertical Push,Bodybuilding,https://youtu.be/ZO_ALQcMaq4?si=Sv5NmxfQj3aIKU84,Barbell Reverse Grip Overhead Press,Empuje,2,fuerza_hipertrofia
Principiante,Peso libre,Fuerza / hipertrofia,Principal,Shoulders,Vertical Push,Bodybuilding,Sin dato,Barbell Seated Reverse Grip Overhead Press,Empuje,2,fuerza_hipertrofia
Principiante,Gimnasio / maquina,Movilidad / estabilidad,Calentamiento,Abdominals,Anti-Rotational,Sin clasificar,https://youtu.be/EtEPKajf0PE,Cable Tall Kneeling Pallof Press,Core,3,movilidad_estabilidad
Principiante,Otro equipo,Condicion fisica / potencia,Tecnica,Abdominals,Rotational,Ballistics,https://youtu.be/ykhGpORlJ4Y?si=6hFSwmMbG1lGLXki,Tire Sledge Hammer Staggered Stance Slam,Core,8,potencia_funcional
Principiante,Otro equipo,Condicion fisica / potencia,Tecnica,Abdominals,Rotational,Ballistics,Sin dato,Tire Macebell Staggered Stance Slam,Core,8,potencia_funcional
Intermedio,Peso libre,Condicion fisica / potencia,Tecnica,Glutes,Hip Hinge,Olympic Weightlifting,https://youtu.be/0aP3tgKZcHQ,Barbell Hang Power Clean,Pierna,5,potencia_funcional
Intermedio,Otro equipo,Fuerza / hipertrofia,Principal,Quadriceps,Knee Dominant,Bodybuilding,https://youtu.be/N549md2Wu2A,Landmine Goblet Alternating Cossack Squat,Pierna,2,fuerza_hipertrofia
Intermedio,Otro equipo,Fuerza / hipertrofia,Principal,Quadriceps,Knee Dominant,Bodybuilding,https://youtu.be/PnBI0wLBZIg,Landmine Low Hold Alternating Cossack Squat,Pierna,2,fuerza_hipertrofia
Principiante,Sin equipo,Fuerza / hipertrofia,Principal,Chest,Horizontal Push,Calisthenics,https://youtu.be/_l3ySVKYVJ8?si=PZh3DAAcRNF9txaZ,Bodyweight Push Up,Empuje,5,fuerza_hipertrofia
Principiante,Peso libre,Fuerza / hipertrofia,Principal,Triceps,Horizontal Push,Bodybuilding,https://youtu.be/wbI4qof1454?si=WRjRCDTcll5n5uKu,Barbell Close Grip Incline Bench Press,Empuje,2,fuerza_hipertrofia
Principiante,Peso libre,Fuerza / hipertrofia,Principal,Triceps,Horizontal Push,Bodybuilding,Sin dato,Barbell Close Grip Decline Bench Press,Empuje,2,fuerza_hipertrofia
Principiante,Peso libre,Fuerza / hipertrofia,Principal,Shoulders,Vertical Push,Bodybuilding,https://youtu.be/JqztIwOb4Hs?si=89lHhxGXew7SEPqj,Double Dumbbell Push Press,Empuje,2,fuerza_hipertrofia
Principiante,Peso libre,Fuerza / hipertrofia,Principal,Shoulders,Vertical Push,Sin clasificar,https://youtu.be/-TVuoR8URxg?si=RsWhCdjyNahveL9y,Single Arm Dumbbell Push Press,Empuje,3,fuerza_hipertrofia
Principiante,Peso libre,Fuerza / hipertrofia,Principal,Shoulders,Vertical Push,Sin clasificar,https://youtu.be/Kn3oZ9MNAhg?si=j1DYyyohu1ImlWt4,Alternating Double Dumbbell Push Press,Empuje,3,fuerza_hipertrofia
Principiante,Peso libre,Fuerza / hipertrofia,Principal,Shoulders,Vertical Push,Sin clasificar,Sin dato,Single Arm Kettlebell Bottoms Up Push Jerk,Empuje,3,fuerza_hipertrofia
Principiante,Gimnasio / maquina,Fuerza / hipertrofia,Principal,Triceps,Elbow Extension,Bodybuilding,https://youtu.be/cDMXXH7Y9AM?si=pObK3p_2FqS0HqbC,Cable Rope Tall Kneeling Overhead Tricep Extension,Empuje,-3,fuerza_hipertrofia
Principiante,Peso libre,Fuerza / hipertrofia,Principal,Shoulders,Vertical Push,Sin clasificar,https://youtu.be/4wXnxXq4hX4?si=21E2nrYJROeQgBUm,Alternating Double Kettlebell Push Jerk,Empuje,3,fuerza_hipertrofia
Principiante,Peso libre,Fuerza / hipertrofia,Principal,Shoulders,Vertical Push,Sin clasificar,https://youtu.be/oWfLP7JFwTg?si=UbP4KHHXrg5hVRnc,Double Dumbbell Push Jerk,Empuje,3,fuerza_hipertrofia
Principiante,Peso libre,Fuerza / hipertrofia,Principal,Shoulders,Vertical Push,Bodybuilding,https://youtu.be/KMKqAY-T3wE?si=DccwyejeKVDgXRV-,Alternating Double Kettlebell Overhead Press,Empuje,2,fuerza_hipertrofia
Principiante,Peso libre,Fuerza / hipertrofia,Principal,Shoulders,Vertical Push,Sin clasificar,https://youtu.be/r-yDtVg8Yf0?si=XQ5L1OU_VTCHZWRf,Single Arm Dumbbell Push Jerk,Empuje,3,fuerza_hipertrofia
Principiante,Peso libre,Fuerza / hipertrofia,Principal,Shoulders,Vertical Push,Sin clasificar,https://youtu.be/ZQ653_FImKw?si=O2ttj0r4a_Nbkwq1,Alternating Double Dumbbell Push Jerk,Empuje,3,fuerza_hipertrofia
Principiante,Peso libre,Movilidad / estabilidad,Calentamiento,Shoulders,Shoulder Abduction,Mobility,Sin dato,Double Plate Seated Lu Raise,Empuje,2,movilidad_estabilidad
Principiante,Peso libre,Fuerza / hipertrofia,Principal,Chest,Horizontal Push,Bodybuilding,https://youtu.be/BDCAkIEOPvE?si=ouPFKCSuMS-REkBT,Double Kettlebell Bottoms Up Floor Press,Empuje,2,fuerza_hipertrofia
Principiante,Peso libre,Fuerza / hipertrofia,Principal,Chest,Horizontal Push,Bodybuilding,Sin dato,Alternating Double Kettlebell Bottoms Up Floor Press,Empuje,2,fuerza_hipertrofia
Principiante,Peso libre,Fuerza / hipertrofia,Principal,Chest,Horizontal Push,Bodybuilding,https://youtu.be/uk39UR9K25Y?si=s6ejJf9GtQ4llbjw,Single Arm Kettlebell Bottoms Up Floor Press,Empuje,2,fuerza_hipertrofia
Principiante,Otro equipo,Fuerza / hipertrofia,Principal,Back,Horizontal Pull,Bodybuilding,https://youtu.be/aNllFax4shk?si=J0w79P4ud8wpm67U,Trap Bar Bent Over Row,Jalón,2,fuerza_hipertrofia
Principiante,Otro equipo,Fuerza / hipertrofia,Principal,Back,Horizontal Pull,Bodybuilding,https://youtu.be/d5rLWfIN9fo?si=iiKqMHW4Xr9OMyaR,Trap Bar Pendlay Row,Jalón,2,fuerza_hipertrofia
Principiante,Otro equipo,Fuerza / hipertrofia,Principal,Trapezius,Scapular Elevation,Bodybuilding,https://youtu.be/DjFdFkeXSDM?si=RIA3ok7NhzuAj8LK,Trap Bar Shrug,Jalón,0,fuerza_hipertrofia
Avanzado,Sin equipo,Movilidad / estabilidad,Principal avanzado,Abdominals,Isometric Hold,Calisthenics,https://youtu.be/U9Z7WWNm1d4?si=pWSS4MOr8iZXWiNj,Bodyweight Tuck L Sit,Core,-2,movilidad_estabilidad
Avanzado,Otro equipo,Movilidad / estabilidad,Principal avanzado,Abdominals,Isometric Hold,Calisthenics,https://youtu.be/F6o417SxU1g,Parallette Straddle L Sit,Core,-2,movilidad_estabilidad
Avanzado,Calistenia / barras,Movilidad / estabilidad,Principal avanzado,Abdominals,Isometric Hold,Calisthenics,Sin dato,Ring Turned Out L Sit,Core,-2,movilidad_estabilidad
Principiante,Otro equipo,Core / estabilidad,Principal,Abdominals,Sin clasificar,Sin clasificar,https://youtu.be/7wDx6mZDxA8?si=rDE21yzc81AXz5sw,Battle Rope Power Slam,Core,1,core_estabilidad
Avanzado,Sin equipo,Movilidad / estabilidad,Principal avanzado,Abdominals,Isometric Hold,Sin clasificar,https://youtu.be/L7reIo5f6uo,Bodyweight Manna,Core,1,movilidad_estabilidad
Avanzado,Calistenia / barras,Movilidad / estabilidad,Principal avanzado,Abdominals,Isometric Hold,Calisthenics,https://youtu.be/SZV1-ts76CM,Ring Tuck Back Lever,Core,3,movilidad_estabilidad
Avanzado,Calistenia / barras,Movilidad / estabilidad,Principal avanzado,Abdominals,Isometric Hold,Calisthenics,Sin dato,Ring Advanced Tuck Back Lever,Core,3,movilidad_estabilidad
Avanzado,Calistenia / barras,Movilidad / estabilidad,Principal avanzado,Abdominals,Isometric Hold,Calisthenics,Sin dato,Ring Straddle Back Lever,Core,3,movilidad_estabilidad
Avanzado,Calistenia / barras,Movilidad / estabilidad,Principal avanzado,Abdominals,Isometric Hold,Calisthenics,Sin dato,Ring Half Lay Back Lever,Core,3,movilidad_estabilidad
Avanzado,Calistenia / barras,Movilidad / estabilidad,Principal avanzado,Abdominals,Isometric Hold,Calisthenics,Sin dato,Ring Single Leg Out Back Lever,Core,3,movilidad_estabilidad
Avanzado,Calistenia / barras,Movilidad / estabilidad,Principal avanzado,Abdominals,Isometric Hold,Calisthenics,https://youtu.be/ZFEy1s_N820,Ring Full Back Lever,Core,3,movilidad_estabilidad
Principiante,Otro equipo,Fuerza / hipertrofia,Principal,Chest,Horizontal Push,Bodybuilding,https://youtu.be/4C4LDf-eZ5A?si=Uh-L_Lu-0xta0H-S,Trap Bar Floor Press,Empuje,2,fuerza_hipertrofia
Principiante,Otro equipo,Fuerza / hipertrofia,Principal,Shoulders,Vertical Push,Bodybuilding,https://youtu.be/Vorw1hVd_Dc?si=CRIVCwpCzzeBwN26,Trap Bar Overhead Press,Empuje,2,fuerza_hipertrofia
Avanzado,Calistenia / barras,Movilidad / estabilidad,Principal avanzado,Abdominals,Isometric Hold,Calisthenics,Sin dato,Ring Handstand Lower to Back Lever,Core,3,movilidad_estabilidad
Avanzado,Calistenia / barras,Movilidad / estabilidad,Principal avanzado,Abdominals,Isometric Hold,Calisthenics,https://youtu.be/JxlKAuD9gkA,Ring Tuck Front Lever,Core,3,movilidad_estabilidad
Avanzado,Calistenia / barras,Movilidad / estabilidad,Principal avanzado,Abdominals,Isometric Hold,Calisthenics,Sin dato,Ring Advanced Tuck Front Lever,Core,3,movilidad_estabilidad
Avanzado,Calistenia / barras,Movilidad / estabilidad,Principal avanzado,Abdominals,Isometric Hold,Calisthenics,https://youtu.be/eI-15uPc0yE,Ring Straddle Front Lever,Core,3,movilidad_estabilidad
Avanzado,Calistenia / barras,Movilidad / estabilidad,Principal avanzado,Abdominals,Isometric Hold,Calisthenics,Sin dato,Ring Half Lay Front Lever,Core,3,movilidad_estabilidad
Avanzado,Calistenia / barras,Movilidad / estabilidad,Principal avanzado,Abdominals,Isometric Hold,Calisthenics,Sin dato,Ring Single Leg Out Front Lever,Core,3,movilidad_estabilidad
Avanzado,Calistenia / barras,Movilidad / estabilidad,Principal avanzado,Abdominals,Isometric Hold,Calisthenics,https://youtu.be/rB9EcLohiVs,Ring Full Front Lever,Core,3,movilidad_estabilidad
Avanzado,Calistenia / barras,Movilidad / estabilidad,Principal avanzado,Abdominals,Isometric Hold,Calisthenics,Sin dato,Ring Front Lever Pull to Inverted Hang,Core,3,movilidad_estabilidad
Avanzado,Calistenia / barras,Movilidad / estabilidad,Principal avanzado,Abdominals,Isometric Hold,Calisthenics,https://youtu.be/txtXtF2-4S0,Ring Inverted Hang,Core,3,movilidad_estabilidad
Avanzado,Peso libre,Movilidad / estabilidad,Calentamiento,Abdominals,Anti-Extension,Sin clasificar,https://youtu.be/i-JO6pBsKWk,Single Arm Barbell Kneeling Rollout,Core,1,movilidad_estabilidad
Avanzado,Peso libre,Movilidad / estabilidad,Calentamiento,Abdominals,Anti-Extension,Sin clasificar,Sin dato,Single Arm Barbell Standing Rollout,Core,1,movilidad_estabilidad
Avanzado,Calistenia / barras,Movilidad / estabilidad,Principal avanzado,Abdominals,Isometric Hold,Calisthenics,Sin dato,Ring Circle Front Lever,Core,3,movilidad_estabilidad
Principiante,Otro equipo,Fuerza / hipertrofia,Principal,Shoulders,Vertical Push,Bodybuilding,https://youtu.be/ILFSDv6TaiY?si=0iUQUtwUMsGFbVuI,Trap Bar Tall Kneeling Overhead Press,Empuje,2,fuerza_hipertrofia
Principiante,Otro equipo,Fuerza / hipertrofia,Principal,Chest,Horizontal Push,Bodybuilding,https://youtu.be/8TIFsF_HU_8?feature=shared,Trap Bar Bench Press,Empuje,2,fuerza_hipertrofia
Principiante,Peso libre,Fuerza / hipertrofia,Principal,Shoulders,Vertical Push,Bodybuilding,https://youtu.be/dsTU2qm4ef0?si=sT2aw7NxeFtfYYNV,Alternating Double Dumbbell Z Press,Empuje,2,fuerza_hipertrofia
Principiante,Peso libre,Fuerza / hipertrofia,Principal,Shoulders,Vertical Push,Bodybuilding,Sin dato,Single Arm Dumbbell Half Kneeling Ipsilateral Overhead Press,Empuje,2,fuerza_hipertrofia
Principiante,Peso libre,Fuerza / hipertrofia,Principal,Shoulders,Vertical Push,Bodybuilding,https://youtu.be/HZM84steEyw?si=wN3l2SpjKBFPTIbD,Double Dumbbell Half Kneeling Overhead Press,Empuje,2,fuerza_hipertrofia
Principiante,Peso libre,Fuerza / hipertrofia,Principal,Shoulders,Vertical Push,Bodybuilding,https://youtu.be/y0t2PFFwSe4?si=VjtJz1Dg61jGQIZ9,Double Dumbbell Tall Kneeling Overhead Press,Empuje,2,fuerza_hipertrofia
Principiante,Peso libre,Fuerza / hipertrofia,Principal,Shoulders,Vertical Push,Bodybuilding,https://youtu.be/UhOs_Wvckvs?si=FqNmpb8ECh_Y-9rl,Alternating Double Dumbbell Tall Kneeling Overhead Press,Empuje,2,fuerza_hipertrofia
Principiante,Peso libre,Fuerza / hipertrofia,Principal,Shoulders,Vertical Push,Bodybuilding,https://youtu.be/12MxAGiIgK8?si=pO89QghXz2Ykj1lb,Alternating Double Dumbbell Half Kneeling Overhead Press,Empuje,2,fuerza_hipertrofia
Principiante,Peso libre,Fuerza / hipertrofia,Principal,Shoulders,Vertical Push,Bodybuilding,https://youtu.be/QVFklRHtJxY?si=D_kiEaZg-5pSrfHL,Single Arm Dumbbell Tall Kneeling Overhead Press,Empuje,2,fuerza_hipertrofia
Principiante,Peso libre,Movilidad / estabilidad,Calentamiento,Shoulders,Sin clasificar,Postural,https://youtu.be/VHeZJHEj6ic?si=DTfOrwFveTP-memt,Double Plate Incline Bench Prone Y Raise,Empuje,1,movilidad_estabilidad
Principiante,Peso libre,Fuerza / hipertrofia,Principal,Back,Horizontal Pull,Bodybuilding,https://youtu.be/VOmnhGvccZ0?feature=shared,Single Arm Kettlebell Pendlay Row,Jalón,2,fuerza_hipertrofia
Principiante,Peso libre,Fuerza / hipertrofia,Principal,Chest,Horizontal Push,Bodybuilding,https://youtu.be/YdiVxhxufG8?si=pMAxf531BcAPvatO,Barbell Floor Press,Empuje,2,fuerza_hipertrofia
Principiante,Calistenia / barras,Movilidad / estabilidad,Calentamiento,Abdominals,Anti-Extension,Calisthenics,https://youtu.be/p3zS2AMqGlg,Ring Plank,Core,3,movilidad_estabilidad
Intermedio,Calistenia / barras,Movilidad / estabilidad,Calentamiento,Abdominals,Anti-Rotational,Calisthenics,https://youtu.be/_Iev7PLP6QY,Single Arm Ring Plank,Core,5,movilidad_estabilidad
Principiante,Otro equipo,Condicion fisica / potencia,Principal,Shoulders,Sin clasificar,Sin clasificar,https://youtu.be/O2HVcPD3wKQ?si=CFVI8GpHxTsirv6u,Battle Rope Alternating Outward Circle,Empuje,3,potencia_funcional
Principiante,Otro equipo,Condicion fisica / potencia,Principal,Shoulders,Sin clasificar,Sin clasificar,Sin dato,Battle Rope Alternating Inward Circle,Empuje,3,potencia_funcional
Avanzado,Calistenia / barras,Movilidad / estabilidad,Principal avanzado,Abdominals,Isometric Hold,Calisthenics,https://youtu.be/kONbxg4kzkE,Ring Support Hold,Core,3,movilidad_estabilidad
Avanzado,Calistenia / barras,Movilidad / estabilidad,Calentamiento,Abdominals,Anti-Lateral Flexion,Calisthenics,https://youtu.be/PQ3Vz8fp73k,Ring Side Plank,Core,3,movilidad_estabilidad
Principiante,Peso libre,Fuerza / hipertrofia,Principal,Back,Horizontal Pull,Bodybuilding,https://youtu.be/cZvQNvTUUu0?si=SqA3lYAZBc0jOnvn,Barbell Reverse Grip Bent Over Row,Jalón,2,fuerza_hipertrofia
Principiante,Peso libre,Fuerza / hipertrofia,Principal,Back,Horizontal Pull,Bodybuilding,https://youtu.be/OXl94TQd_vw?si=AMXpvOM-H382GJoz,Macebell Offset Bent Over Row,Jalón,2,fuerza_hipertrofia
Principiante,Peso libre,Fuerza / hipertrofia,Principal,Back,Horizontal Pull,Bodybuilding,https://youtu.be/igNnqZZ69JM?si=xaqrnAFrW4r7NuVR,Macebell Reverse Grip Offset Bent Over Row,Jalón,2,fuerza_hipertrofia
Principiante,Peso libre,Fuerza / hipertrofia,Principal,Back,Horizontal Pull,Bodybuilding,Sin dato,Alternating Single Arm Kettlebell Pendlay Row,Jalón,2,fuerza_hipertrofia
Intermedio,Sin equipo,Movilidad / estabilidad,Principal,Abdominals,Isometric Hold,Sin clasificar,https://youtu.be/p7j02V1fIzU,Bodyweight Hollow Body Rock,Core,-4,movilidad_estabilidad
Intermedio,Peso libre,Condicion fisica / potencia,Principal,Glutes,Hip Hinge,Sin clasificar,https://youtu.be/3mlhF3dptAo,Single Arm Dumbbell Power Snatch,Pierna,5,potencia_funcional
Intermedio,Peso libre,Condicion fisica / potencia,Principal,Glutes,Hip Hinge,Sin clasificar,https://youtu.be/OktkfRlGcns,Alternating Single Arm Dumbbell Power Snatch,Pierna,5,potencia_funcional
Intermedio,Peso libre,Condicion fisica / potencia,Principal,Quadriceps,Knee Dominant,Sin clasificar,https://youtu.be/etK3OPjM3S4,Single Arm Dumbbell Squat Snatch,Pierna,5,potencia_funcional
Intermedio,Peso libre,Condicion fisica / potencia,Principal,Quadriceps,Knee Dominant,Sin clasificar,https://youtu.be/T0_a2xijJBE,Alternating Single Arm Dumbbell Squat Snatch,Pierna,5,potencia_funcional
Intermedio,Gimnasio / maquina,Fuerza / hipertrofia,Principal,Hamstrings,Hip Hinge,Bodybuilding,https://youtu.be/OC_7QIo0uk4,Single Arm Cable Single Leg Romanian Deadlift,Cadera,2,fuerza_hipertrofia
Principiante,Peso libre,Fuerza / hipertrofia,Principal,Quadriceps,Knee Dominant,Bodybuilding,https://youtu.be/6caQpfXMvyw?si=WY0XcdcIUuE20g-o,Double Kettlebell Suitcase Cyclist Squat,Pierna,2,fuerza_hipertrofia
Principiante,Peso libre,Fuerza / hipertrofia,Principal,Quadriceps,Knee Dominant,Bodybuilding,https://youtu.be/AlxuA22ymwg?si=-tgz7djxN0QKxXfA,Single Arm Kettlebell Suitcase Cyclist Squat,Pierna,2,fuerza_hipertrofia
Principiante,Peso libre,Fuerza / hipertrofia,Principal,Quadriceps,Knee Dominant,Bodybuilding,https://youtu.be/wcnuhd6RHwE,Double Kettlebell Front Rack Step Up,Pierna,2,fuerza_hipertrofia
Principiante,Peso libre,Fuerza / hipertrofia,Principal,Back,Horizontal Pull,Bodybuilding,https://youtu.be/jHpBzpxK16c?si=3sB9wGkke_B632ad,Double Kettlebell Incline Bench Prone Row,Jalón,2,fuerza_hipertrofia
Principiante,Peso libre,Fuerza / hipertrofia,Principal,Back,Horizontal Pull,Bodybuilding,https://youtu.be/4Bv94e_ufjo?si=8V5SPIIuNai7zUm3,Single Arm Dumbbell Incline Bench Prone Row,Jalón,2,fuerza_hipertrofia
Principiante,Peso libre,Fuerza / hipertrofia,Principal,Biceps,Elbow Flexion,Bodybuilding,https://youtu.be/Ew2ZzKqICfA?si=Irq2jLSDxKiagY3F,Single Arm Dumbbell Spider Curl,Jalón,-3,fuerza_hipertrofia
Principiante,Peso libre,Fuerza / hipertrofia,Principal,Biceps,Elbow Flexion,Bodybuilding,Sin dato,Double Kettlebell Spider Curl,Jalón,-3,fuerza_hipertrofia
Principiante,Peso libre,Fuerza / hipertrofia,Principal,Chest,Horizontal Push,Bodybuilding,https://youtu.be/STeIzkHm6tE?si=BxEJOKh_KtwNSMK_,Double Kettlebell Bottoms Up Incline Bench Press,Empuje,2,fuerza_hipertrofia
Principiante,Peso libre,Fuerza / hipertrofia,Principal,Back,Hip Hinge,Bodybuilding,https://youtu.be/x5nnk8hUBo4,Double Dumbbell Seated Good Morning,Cadera,2,fuerza_hipertrofia
Principiante,Sin equipo,Fuerza / hipertrofia,Principal,Glutes,Hip Extension,Bodybuilding,https://youtu.be/OAhvIWLC0rc,Bodyweight Hip Thrust,Pierna,0,fuerza_hipertrofia
Intermedio,Peso libre,Movilidad / estabilidad,Calentamiento,Quadriceps,Knee Dominant,Balance,Sin dato,Double Kettlebell Front Rack Box Pistol Squat,Pierna,4,movilidad_estabilidad
Principiante,Peso libre,Fuerza / hipertrofia,Principal,Chest,Horizontal Push,Bodybuilding,Sin dato,Alternating Double Kettlebell Bottoms Up Incline Bench Press,Empuje,2,fuerza_hipertrofia
Principiante,Peso libre,Fuerza / hipertrofia,Principal,Chest,Horizontal Push,Bodybuilding,https://youtu.be/SoVCwno_9z8?si=BCvfBOVPW_aHbvZ_,Single Arm Kettlebell Bottoms Up Incline Bench Press,Empuje,2,fuerza_hipertrofia
Principiante,Peso libre,Fuerza / hipertrofia,Principal,Back,Horizontal Pull,Bodybuilding,https://youtu.be/rAoi4_AI7VA?si=b6KXmXEYoxIPmTt2,Alternating Double Kettlebell Incline Bench Prone Row,Jalón,2,fuerza_hipertrofia
Principiante,Peso libre,Fuerza / hipertrofia,Principal,Back,Horizontal Pull,Bodybuilding,https://youtu.be/gPX8OmnYmQY?si=UgQnJkh9n3OobTcZ,Single Arm Kettlebell Incline Bench Prone Row,Jalón,2,fuerza_hipertrofia
Avanzado,Calistenia / barras,Movilidad / estabilidad,Calentamiento,Abdominals,Anti-Lateral Flexion,Calisthenics,Sin dato,Ring Side Plank Reach Through,Core,3,movilidad_estabilidad
Avanzado,Peso libre,Fuerza / hipertrofia,Principal avanzado,Quadriceps,Knee Dominant,Bodybuilding,https://youtu.be/z7rygloAW30?si=p4kPPZcAKammq1Vv,Single Arm Dumbbell Overhead Contralateral Bulgarian Split Squat,Pierna,2,fuerza_hipertrofia
Intermedio,Peso libre,Fuerza / hipertrofia,Principal,Quadriceps,Knee Dominant,Bodybuilding,Sin dato,Single Arm Dumbbell Overhead Contralateral Knee Over Toe Split Squat,Pierna,2,fuerza_hipertrofia
Principiante,Peso libre,Fuerza / hipertrofia,Principal,Quadriceps,Knee Dominant,Bodybuilding,https://youtu.be/3HUEab31fks?si=B2OmGKfwSuXhts1z,Double Kettlebell Suitcase Step Up,Pierna,2,fuerza_hipertrofia
Principiante,Peso libre,Fuerza / hipertrofia,Principal,Quadriceps,Knee Dominant,Bodybuilding,https://youtu.be/lMADALbx1eM?si=wJjWrYeLHPKqVgHh,Single Arm Kettlebell Suitcase Contralateral Step Up,Pierna,2,fuerza_hipertrofia
Principiante,Peso libre,Fuerza / hipertrofia,Principal,Quadriceps,Knee Dominant,Bodybuilding,Sin dato,Single Arm Kettlebell Suitcase Ipsilateral Step Up,Pierna,2,fuerza_hipertrofia
Principiante,Peso libre,Fuerza / hipertrofia,Principal,Quadriceps,Knee Dominant,Bodybuilding,Sin dato,Single Arm Kettlebell Front Rack Contralateral Step Up,Pierna,2,fuerza_hipertrofia
Principiante,Peso libre,Fuerza / hipertrofia,Principal,Quadriceps,Knee Dominant,Bodybuilding,Sin dato,Single Arm Kettlebell Front Rack Ipsilateral Step Up,Pierna,2,fuerza_hipertrofia
Intermedio,Peso libre,Fuerza / hipertrofia,Principal,Quadriceps,Knee Dominant,Bodybuilding,https://youtu.be/eKUmMljLcKw?si=ocsvBon7ivrRziM6,Double Kettlebell Overhead Step Up,Pierna,2,fuerza_hipertrofia
Intermedio,Peso libre,Fuerza / hipertrofia,Principal,Quadriceps,Knee Dominant,Bodybuilding,Sin dato,Single Arm Kettlebell Overhead Contralateral Step Up,Pierna,2,fuerza_hipertrofia
Intermedio,Peso libre,Fuerza / hipertrofia,Principal,Quadriceps,Knee Dominant,Bodybuilding,Sin dato,Single Arm Kettlebell Overhead Ipsilateral Step Up,Pierna,2,fuerza_hipertrofia
Intermedio,Peso libre,Fuerza / hipertrofia,Principal,Quadriceps,Knee Dominant,Bodybuilding,Sin dato,Double Kettlebell Bottoms Up Front Rack Step Up,Pierna,2,fuerza_hipertrofia
Intermedio,Peso libre,Fuerza / hipertrofia,Principal,Quadriceps,Knee Dominant,Bodybuilding,Sin dato,Single Arm Kettlebell Bottoms Up Front Rack Contralateral Step Up,Pierna,2,fuerza_hipertrofia
Intermedio,Peso libre,Fuerza / hipertrofia,Principal,Quadriceps,Knee Dominant,Bodybuilding,Sin dato,Single Arm Kettlebell Bottoms Up Front Rack Ipsilateral Step Up,Pierna,2,fuerza_hipertrofia
Avanzado,Peso libre,Fuerza / hipertrofia,Principal avanzado,Quadriceps,Knee Dominant,Bodybuilding,Sin dato,Double Kettlebell Bottoms Up Overhead Step Up,Pierna,2,fuerza_hipertrofia
Avanzado,Peso libre,Fuerza / hipertrofia,Principal avanzado,Quadriceps,Knee Dominant,Bodybuilding,Sin dato,Single Arm Kettlebell Bottoms Up Overhead Contralateral Step Up,Pierna,2,fuerza_hipertrofia
Avanzado,Peso libre,Fuerza / hipertrofia,Principal avanzado,Quadriceps,Knee Dominant,Bodybuilding,Sin dato,Single Arm Kettlebell Bottoms Up Overhead Ipsilateral Step Up,Pierna,2,fuerza_hipertrofia
Intermedio,Peso libre,Core / estabilidad,Principal,Abdominals,Rotational,Sin clasificar,https://youtu.be/wPXdGwc0NTs,Kettlebell Half Kneeling Low to High Chop,Core,3,core_estabilidad
Intermedio,Peso libre,Core / estabilidad,Principal,Abdominals,Rotational,Grinds,https://youtu.be/3rtUK_jUv4s,Single Arm Kettlebell Windmill,Core,3,core_estabilidad
Principiante,Peso libre,Core / estabilidad,Principal,Abdominals,Rotational,Sin clasificar,https://youtu.be/59_aq7COfts,Kettlebell Russian Twist,Core,3,core_estabilidad
Intermedio,Peso libre,Movilidad / estabilidad,Calentamiento,Abdominals,Anti-Extension,Sin clasificar,https://youtu.be/fKbu_2L94x8,Alternating Single Arm Kettlebell Plank Pull Through,Core,1,movilidad_estabilidad
Intermedio,Peso libre,Movilidad / estabilidad,Calentamiento,Abdominals,Sin clasificar,Balance,Sin dato,Single Arm Kettlebell Single Leg Standing Bent Knee Around The World,Core,2,movilidad_estabilidad
Principiante,Peso libre,Condicion fisica / potencia,Tecnica,Glutes,Hip Hinge,Ballistics,https://youtu.be/kneGICiz30g,Single Arm Kettlebell Swing,Pierna,8,potencia_funcional
Principiante,Peso libre,Fuerza / hipertrofia,Principal,Calves,Ankle Plantar Flexion,Bodybuilding,Sin dato,Double Kettlebell Suitcase Feet Elevated Calf Raise,Pierna,-3,fuerza_hipertrofia
Principiante,Peso libre,Fuerza / hipertrofia,Principal,Biceps,Elbow Flexion,Bodybuilding,Sin dato,Single Arm Kettlebell Spider Curl,Jalón,-3,fuerza_hipertrofia
Principiante,Peso libre,Fuerza / hipertrofia,Principal,Chest,Horizontal Push,Bodybuilding,https://youtu.be/bIzD1Z_C0cA,Double Kettlebell Bottoms Up Bench Press,Empuje,2,fuerza_hipertrofia
Principiante,Peso libre,Fuerza / hipertrofia,Principal,Back,Hip Hinge,Bodybuilding,https://youtu.be/1hcAoywwuRI,Single Arm Kettlebell Suitcase Deadlift,Cadera,2,fuerza_hipertrofia
Intermedio,Peso libre,Condicion fisica / potencia,Tecnica,Glutes,Hip Hinge,Ballistics,https://youtu.be/TQT7hBXVcOo,Single Arm Kettlebell Clean,Pierna,8,potencia_funcional
Intermedio,Peso libre,Condicion fisica / potencia,Tecnica,Shoulders,Hip Hinge,Ballistics,https://youtu.be/JtlYyc5MaAc,Single Arm Kettlebell Clean to Overhead Press,Cadera,8,potencia_funcional
Principiante,Peso libre,Fuerza / hipertrofia,Principal,Back,Horizontal Pull,Bodybuilding,https://youtu.be/7zKQ79awAvY?feature=shared,Alternating Single Arm Dumbbell Pendlay Row,Jalón,2,fuerza_hipertrofia
Principiante,Peso libre,Fuerza / hipertrofia,Principal,Chest,Horizontal Push,Bodybuilding,Sin dato,Alternating Double Kettlebell Bottoms Up Bench Press,Empuje,2,fuerza_hipertrofia
Intermedio,Peso libre,Condicion fisica / potencia,Tecnica,Shoulders,Hip Hinge,Ballistics,https://youtu.be/VdNC_xicfyg,Single Arm Kettlebell Snatch,Cadera,8,potencia_funcional
Principiante,Peso libre,Fuerza / hipertrofia,Principal,Back,Hip Hinge,Bodybuilding,https://youtu.be/odS65TnXgU0?si=l3QM9Nb4wHNt_JgK,Kettlebell Sumo Deadlift,Cadera,2,fuerza_hipertrofia
Intermedio,Peso libre,Core / estabilidad,Principal,Abdominals,Rotational,Grinds,https://youtu.be/sgd8n917Zv0,Single Arm Kettlebell Turkish Get Up,Core,3,core_estabilidad
Principiante,Peso libre,Fuerza / hipertrofia,Principal,Quadriceps,Knee Dominant,Sin clasificar,https://youtu.be/f-Vf2yRRqOg,Kettlebell Goblet Squat,Pierna,3,fuerza_hipertrofia
Intermedio,Peso libre,Fuerza / hipertrofia,Principal,Quadriceps,Knee Dominant,Sin clasificar,https://youtu.be/nrfDq0DUhrE,Single Arm Kettlebell Overhead Squat,Pierna,3,fuerza_hipertrofia
Principiante,Peso libre,Fuerza / hipertrofia,Principal,Quadriceps,Knee Dominant,Bodybuilding,https://youtu.be/vcMZNgn5G9c,Double Kettlebell Front Rack Alternating Cossack Squat,Pierna,2,fuerza_hipertrofia
Principiante,Peso libre,Fuerza / hipertrofia,Principal,Chest,Horizontal Push,Bodybuilding,https://youtu.be/NIytPzrQ460?si=hBsVxzSTE6ddOTCD,Single Arm Kettlebell Bottoms Up Bench Press,Empuje,2,fuerza_hipertrofia
Intermedio,Peso libre,Core / estabilidad,Principal,Abdominals,Spinal Flexion,Sin clasificar,https://youtu.be/KpufjJRtyPc,Single Arm Kettlebell Turkish Sit Up,Core,1,core_estabilidad
Intermedio,Peso libre,Core / estabilidad,Principal,Abdominals,Spinal Flexion,Sin clasificar,https://youtu.be/RttCwCerCiM,Double Kettlebell Turkish Sit Up,Core,1,core_estabilidad
Intermedio,Peso libre,Core / estabilidad,Principal,Abdominals,Spinal Flexion,Bodybuilding,https://youtu.be/UcLpNnWX8vE,Double Kettlebell Turkish Sit Up to Z Press,Core,0,core_estabilidad
Intermedio,Peso libre,Fuerza / hipertrofia,Principal,Quadriceps,Knee Dominant,Bodybuilding,https://youtu.be/aJGPHYsiyTM,Double Kettlebell Bottoms Up Front Rack Alternating Cossack Squat,Pierna,2,fuerza_hipertrofia
Intermedio,Peso libre,Condicion fisica / potencia,Tecnica,Glutes,Hip Hinge,Ballistics,https://youtu.be/fOPqk1FA4HU,Double Kettlebell Swing,Pierna,8,potencia_funcional
Principiante,Peso libre,Fuerza / hipertrofia,Principal,Quadriceps,Knee Dominant,Bodybuilding,https://youtu.be/JoT4bHnzTMw?si=i8z5wbuObKGVIl4_,Double Kettlebell Front Rack Squat,Pierna,2,fuerza_hipertrofia
Principiante,Peso libre,Fuerza / hipertrofia,Principal,Quadriceps,Knee Dominant,Bodybuilding,https://youtu.be/Wqg4NY5XAkU,Single Arm Kettlebell Front Rack Squat,Pierna,2,fuerza_hipertrofia
Principiante,Peso libre,Fuerza / hipertrofia,Principal,Quadriceps,Knee Dominant,Bodybuilding,https://youtu.be/-Z8NXAi59SE,Single Arm Kettlebell Front Rack Contralateral Split Squat,Pierna,2,fuerza_hipertrofia
Principiante,Peso libre,Core / estabilidad,Principal,Abdominals,Loaded Carry,Sin clasificar,https://youtu.be/M39871Puz6c,Single Arm Kettlebell Front Rack Carry,Core,3,core_estabilidad
Avanzado,Peso libre,Fuerza / hipertrofia,Principal avanzado,Quadriceps,Knee Dominant,Bodybuilding,Sin dato,Double Kettlebell Bottoms Up Overhead Alternating Cossack Squat,Pierna,2,fuerza_hipertrofia
Intermedio,Peso libre,Condicion fisica / potencia,Tecnica,Quadriceps,Knee Dominant,Ballistics,https://youtu.be/FZ8mMUwnCQs,Single Arm Kettlebell Squat Clean,Pierna,8,potencia_funcional
Principiante,Peso libre,Fuerza / hipertrofia,Principal,Back,Horizontal Pull,Bodybuilding,https://youtu.be/hUG_dolsaPE?si=_fw03cFT8VfLVtzo,Double Kettlebell Prone Row,Jalón,2,fuerza_hipertrofia
Intermedio,Peso libre,Core / estabilidad,Principal,Abdominals,Loaded Carry,Sin clasificar,https://youtu.be/0i2Aa8gV-VY?si=Z7AGqRY1Hod9Fwti,Single Arm Kettlebell Bottoms Up Front Rack Carry,Core,3,core_estabilidad
Intermedio,Peso libre,Core / estabilidad,Principal,Abdominals,Loaded Carry,Sin clasificar,https://youtu.be/F19T2zGlPGA,Double Kettlebell Bottoms Up Front Rack Carry,Core,3,core_estabilidad
Intermedio,Peso libre,Fuerza / hipertrofia,Principal,Quadriceps,Knee Dominant,Bodybuilding,Sin dato,Double Kettlebell Bottoms Up Overhead Walking Lunge,Pierna,2,fuerza_hipertrofia
Intermedio,Peso libre,Fuerza / hipertrofia,Principal,Quadriceps,Knee Dominant,Bodybuilding,https://youtu.be/FvSL8slKKHY,Single Arm Kettlebell Bottoms Up Front Rack Walking Lunge,Pierna,2,fuerza_hipertrofia
Principiante,Peso libre,Fuerza / hipertrofia,Principal,Back,Horizontal Pull,Bodybuilding,https://youtu.be/OD7URB1yHAo?si=UX_3VmEfO_WpeiuT,Alternating Double Kettlebell Prone Row,Jalón,2,fuerza_hipertrofia
Intermedio,Peso libre,Fuerza / hipertrofia,Principal,Hamstrings,Hip Hinge,Bodybuilding,https://youtu.be/JkKxFADvLvk,Double Kettlebell Single Leg Romanian Deadlift,Cadera,2,fuerza_hipertrofia
Principiante,Peso libre,Fuerza / hipertrofia,Principal,Hamstrings,Hip Hinge,Bodybuilding,https://youtu.be/Xa8hHIwOHe4,Double Kettlebell Romanian Deadlift,Cadera,2,fuerza_hipertrofia
Intermedio,Peso libre,Fuerza / hipertrofia,Principal,Hamstrings,Hip Hinge,Bodybuilding,https://youtu.be/9u_Fccgk9Ys,Single Arm Kettlebell Contralateral Single Leg Romanian Deadlift,Cadera,2,fuerza_hipertrofia
Avanzado,Peso libre,Fuerza / hipertrofia,Principal avanzado,Quadriceps,Knee Dominant,Bodybuilding,https://youtu.be/j0aAMnMp0yU,Single Arm Kettlebell Bottoms Up Overhead Squat,Pierna,2,fuerza_hipertrofia
Principiante,Peso libre,Fuerza / hipertrofia,Principal,Back,Horizontal Pull,Bodybuilding,https://youtu.be/QSbH7gNkBtc?si=ngxTS90XoTuvQDxs,Single Arm Kettlebell Prone Row,Jalón,2,fuerza_hipertrofia
Avanzado,Otro equipo,Movilidad / estabilidad,Principal avanzado,Abdominals,Isometric Hold,Calisthenics,https://youtu.be/3WVToPNWjVk,Parallette Tuck Planche,Core,3,movilidad_estabilidad
Principiante,Peso libre,Fuerza / hipertrofia,Principal,Biceps,Elbow Flexion,Bodybuilding,https://youtu.be/xkyQtEH8fxM?si=Zh1mTKcYEFs382Sk,Macebell Offset Bicep Curl,Jalón,-3,fuerza_hipertrofia
Principiante,Peso libre,Fuerza / hipertrofia,Principal,Chest,Horizontal Push,Bodybuilding,Sin dato,Double Kettlebell Bottoms Up Decline Bench Press,Empuje,2,fuerza_hipertrofia
Avanzado,Otro equipo,Movilidad / estabilidad,Principal avanzado,Abdominals,Isometric Hold,Calisthenics,https://youtu.be/NUvTsZxo5nk,Parallette L Sit to Tuck Planche,Core,-2,movilidad_estabilidad
Principiante,Peso libre,Fuerza / hipertrofia,Principal,Chest,Horizontal Push,Bodybuilding,Sin dato,Alternating Double Kettlebell Bottoms Up Decline Bench Press,Empuje,2,fuerza_hipertrofia
Intermedio,Otro equipo,Core / estabilidad,Principal,Abdominals,Rotational,Sin clasificar,https://youtu.be/4dGj7rES9pY,Landmine Standing Oblique Twist,Core,3,core_estabilidad
Intermedio,Gimnasio / maquina,Core / estabilidad,Principal,Abdominals,Rotational,Sin clasificar,https://youtu.be/h-af-afj-Xg,Cable Rope Tall Kneeling High to Low Chop,Core,3,core_estabilidad
Intermedio,Otro equipo,Movilidad / estabilidad,Calentamiento,Abdominals,Anti-Rotational,Calisthenics,https://youtu.be/NrkFLTzLuSM,Single Arm Parallette Plank,Core,5,movilidad_estabilidad
Intermedio,Calistenia / barras,Movilidad / estabilidad,Calentamiento,Abdominals,Anti-Rotational,Sin clasificar,https://youtu.be/hetklTC7y4M?si=gHU6ufU8oAcg21Jv,Single Arm Suspension Plank,Core,3,movilidad_estabilidad
Principiante,Otro equipo,Core / estabilidad,Principal,Abdominals,Rotational,Sin clasificar,https://youtu.be/_-kclLM0Mak,Battle Rope Russian Twist,Core,3,core_estabilidad
Principiante,Sin equipo,Movilidad / estabilidad,Calentamiento,Abdominals,Anti-Rotational,Sin clasificar,https://youtu.be/1v4_Vsvk3gc,Bodyweight Bird Dog Knee to Elbow,Core,3,movilidad_estabilidad
Intermedio,Otro equipo,Core / estabilidad,Principal,Abdominals,Rotational,Sin clasificar,https://youtu.be/W1FXse115qs,Slam Ball Feet Elevated Russian Twist,Core,3,core_estabilidad
Principiante,Peso libre,Core / estabilidad,Principal,Abdominals,Rotational,Sin clasificar,https://youtu.be/IdEocZzdUNY,Medicine Ball Feet Elevated Russian Twist,Core,3,core_estabilidad
Principiante,Peso libre,Fuerza / hipertrofia,Principal,Back,Horizontal Pull,Bodybuilding,https://youtu.be/Ry9HwpfUbd8?si=oY89SBibCyKMJ7CT,Alternating Double Dumbbell Prone Row,Jalón,2,fuerza_hipertrofia
Intermedio,Sin equipo,Movilidad / estabilidad,Calentamiento,Abdominals,Anti-Extension,Calisthenics,https://youtu.be/A_JgZzr6o-k,Bodyweight Forearm Plank Alternating Knee to Elbow,Core,3,movilidad_estabilidad
Intermedio,Sin equipo,Core / estabilidad,Principal,Abdominals,Sin clasificar,Animal Flow,https://youtu.be/lhh2tGD_47g,Bodyweight Loaded Beast to Alternating Kick Through,Core,1,core_estabilidad
Principiante,Peso libre,Fuerza / hipertrofia,Principal,Back,Horizontal Pull,Bodybuilding,https://youtu.be/-fuxiCQvMxQ?si=lCRmzsfrTeNaP0Gk,Single Arm Dumbbell Prone Row,Jalón,2,fuerza_hipertrofia
Intermedio,Peso libre,Condicion fisica / potencia,Tecnica,Glutes,Hip Hinge,Ballistics,https://youtu.be/8tFmEJ9ElaM,Double Kettlebell Clean,Pierna,8,potencia_funcional
Intermedio,Peso libre,Condicion fisica / potencia,Tecnica,Glutes,Hip Hinge,Ballistics,https://youtu.be/5WNcWPHXRZ0,Double Kettlebell Snatch,Pierna,8,potencia_funcional
Intermedio,Otro equipo,Core / estabilidad,Principal,Abdominals,Rotational,Sin clasificar,https://youtu.be/XdKaa2lHuic,Battle Rope Feet Elevated Russian Twist,Core,3,core_estabilidad
Principiante,Otro equipo,Movilidad / estabilidad,Calentamiento,Abdominals,Anti-Extension,Postural,https://youtu.be/wCwn7-Z-XjE,Superband Dead Bug,Core,1,movilidad_estabilidad
Avanzado,Otro equipo,Movilidad / estabilidad,Principal avanzado,Abdominals,Isometric Hold,Sin clasificar,https://youtu.be/oBmFzeay6Z8?si=dliVO8cgoAWNKwT3,Parallette V Sit,Core,1,movilidad_estabilidad
Principiante,Peso libre,Fuerza / hipertrofia,Principal,Back,Horizontal Pull,Bodybuilding,Sin dato,Single Arm Dumbbell Pendlay Row,Jalón,2,fuerza_hipertrofia
Principiante,Peso libre,Fuerza / hipertrofia,Principal,Chest,Horizontal Push,Bodybuilding,Sin dato,Single Arm Kettlebell Bottoms Up Decline Bench Press,Empuje,2,fuerza_hipertrofia
Intermedio,Peso libre,Fuerza / hipertrofia,Principal,Shoulders,Vertical Push,Sin clasificar,https://youtu.be/6sbNXcg-R0Y,Double Kettlebell Split Jerk,Empuje,3,fuerza_hipertrofia
Intermedio,Peso libre,Condicion fisica / potencia,Tecnica,Shoulders,Horizontal Pull,Ballistics,https://youtu.be/zfWpy9oMOqc?si=8gZawgsKgTeeGHck&utm_source=MTQxZ,Double Kettlebell High Pull,Empuje,8,potencia_funcional
Principiante,Otro equipo,Movilidad / estabilidad,Calentamiento,Abdominals,Anti-Rotational,Sin clasificar,https://youtu.be/TvPRtxN8uoA,Superband Pallof Press,Core,3,movilidad_estabilidad
Principiante,Otro equipo,Movilidad / estabilidad,Calentamiento,Abdominals,Anti-Rotational,Sin clasificar,https://youtu.be/V-SoYj9uQV8,Superband Half Kneeling Pallof Press,Core,3,movilidad_estabilidad
Principiante,Otro equipo,Condicion fisica / potencia,Principal,Glutes,Hip External Rotation,Sin clasificar,Sin dato,Superband Single Leg Standing Bent Knee Hip External Rotation,Pierna,3,potencia_funcional
Principiante,Peso libre,Fuerza / hipertrofia,Principal,Forearms,Elbow Flexion,Bodybuilding,Sin dato,Macebell Reverse Grip Offset Bicep Curl,General,-3,fuerza_hipertrofia
Principiante,Calistenia / barras,Fuerza / hipertrofia,Principal,Shoulders,Horizontal Pull,Sin clasificar,https://youtu.be/s1Cuq185q6Y?si=TNXwSjV_mkE_2ty0,Ring Archer Row,Empuje,3,fuerza_hipertrofia
Intermedio,Otro equipo,Fuerza / hipertrofia,Principal,Shoulders,Rotational,Bodybuilding,https://youtu.be/f-sh_ImlQUo,Single Arm Landmine Row to Rotational Shoulder Press,Empuje,2,fuerza_hipertrofia
Principiante,Sin equipo,Fuerza / hipertrofia,Principal,Quadriceps,Knee Dominant,Calisthenics,https://youtu.be/DExb7UaAlbg,Bodyweight Hand Assisted Skater Squat,Pierna,5,fuerza_hipertrofia
Principiante,Otro equipo,Fuerza / hipertrofia,Principal,Glutes,Hip Hinge,Bodybuilding,https://youtu.be/ZuKowDpVVXM,Superband Pull Through,Pierna,2,fuerza_hipertrofia
Principiante,Otro equipo,Fuerza / hipertrofia,Principal,Glutes,Hip Extension,Bodybuilding,https://youtu.be/k30hN0vhlsY?si=ycYwNbMrFEnA94pG,Miniband Quadruped Hip Extension,Pierna,0,fuerza_hipertrofia
Principiante,Gimnasio / maquina,Condicion fisica / potencia,Principal,Adductors,Hip Adduction,Sin clasificar,https://youtu.be/UyXncDziNGo?si=W4GuZaUvoWtiIOxj,Cable Hip Adduction,General,3,potencia_funcional
Principiante,Otro equipo,Movilidad / estabilidad,Calentamiento,Abdominals,Anti-Rotational,Sin clasificar,https://youtu.be/yUzjX1LdySo?si=2LpxjTl8N8OHsKqd,Superband Tall Kneeling Pallof Press,Core,3,movilidad_estabilidad
Principiante,Accesorios funcionales,Fuerza / hipertrofia,Principal,Hamstrings,Knee Dominant,Sin clasificar,https://youtu.be/vcCVej7p_vc,Slider Eccentric Hamstring Curl,Pierna,0,fuerza_hipertrofia
Principiante,Otro equipo,Fuerza / hipertrofia,Principal,Quadriceps,Knee Dominant,Sin clasificar,https://youtu.be/VTtLrBvHoJ8,Landmine Low Hold Lateral Lunge,Pierna,3,fuerza_hipertrofia
Principiante,Peso libre,Fuerza / hipertrofia,Principal,Back,Hip Hinge,Bodybuilding,https://youtu.be/4m288BpgfcQ,Double Kettlebell Sumo Deadlift,Cadera,2,fuerza_hipertrofia
Principiante,Accesorios funcionales,Fuerza / hipertrofia,Principal,Chest,Horizontal Push,Sin clasificar,https://youtu.be/-RTSF7qbrhs?si=hznPEKw9aLONjGpz,Slider Kneeling Reach Push Up,Empuje,3,fuerza_hipertrofia
Principiante,Accesorios funcionales,Core / estabilidad,Principal,Abdominals,Spinal Flexion,Sin clasificar,https://youtu.be/Kj89v76f-l8?si=_B0Uc1Xs1x1S0G_M,Slider Parallette Knee Tuck,Core,1,core_estabilidad
Principiante,Otro equipo,Movilidad / estabilidad,Calentamiento,Shoulders,Sin clasificar,Mobility,https://youtu.be/MPtMYQH9vvg?si=eEJrNr3oqGzcma8_,Superband Shoulder Dislocates,Empuje,2,movilidad_estabilidad
Principiante,Otro equipo,Movilidad / estabilidad,Calentamiento,Shoulders,Sin clasificar,Mobility,https://youtu.be/AJmPEWu4FiM?si=0h2x72A-kGfK3a_0,Superband Alternating Shoulder Dislocates,Empuje,2,movilidad_estabilidad
Principiante,Otro equipo,Movilidad / estabilidad,Calentamiento,Shoulders,Sin clasificar,Mobility,https://youtu.be/3WOAWkEKZGA?si=lSddj94elx-N7ZKJ,Superband Prone Shoulder Dislocates,Empuje,2,movilidad_estabilidad
Avanzado,Calistenia / barras,Movilidad / estabilidad,Principal avanzado,Abdominals,Isometric Hold,Calisthenics,https://youtu.be/lwcHmXvw-T4,Ring L Sit,Core,-2,movilidad_estabilidad
Principiante,Ligas,Movilidad / estabilidad,Calentamiento,Shoulders,Sin clasificar,Mobility,https://youtu.be/YwELfevh5vs?si=tmPYSbe-vfbiD0vx,Resistance Band Prone Shoulder Dislocates,Empuje,2,movilidad_estabilidad
Principiante,Ligas,Movilidad / estabilidad,Calentamiento,Shoulders,Sin clasificar,Mobility,Sin dato,Resistance Band Alternating Shoulder Dislocates,Empuje,2,movilidad_estabilidad
Principiante,Gimnasio / maquina,Fuerza / hipertrofia,Principal,Biceps,Elbow Flexion,Bodybuilding,https://youtu.be/zGyaLrwHJjs?si=sg4m9llWui7pmOT_,Cable Straight Bar Spider Curl,Jalón,-3,fuerza_hipertrofia
Intermedio,Peso libre,Fuerza / hipertrofia,Principal,Quadriceps,Knee Dominant,Bodybuilding,https://youtu.be/IvN-CSDnvoc,Double Kettlebell Bottoms Up Front Rack Squat,Pierna,2,fuerza_hipertrofia
Intermedio,Peso libre,Fuerza / hipertrofia,Principal,Quadriceps,Knee Dominant,Bodybuilding,https://youtu.be/TT7Ra3TnlZY,Barbell Back Rack Cyclist Squat,Pierna,2,fuerza_hipertrofia
Avanzado,Sin equipo,Core / estabilidad,Principal avanzado,Abdominals,Spinal Flexion,Sin clasificar,https://youtu.be/AN4MBtCsJqo,Gravity Boots Inverted Sit Up,Core,1,core_estabilidad
Principiante,Peso libre,Fuerza / hipertrofia,Principal,Quadriceps,Knee Dominant,Bodybuilding,https://youtu.be/G7e7EenICzQ,Double Kettlebell Front Rack Knee Over Toe Split Squat,Pierna,2,fuerza_hipertrofia
Intermedio,Peso libre,Fuerza / hipertrofia,Principal,Quadriceps,Knee Dominant,Bodybuilding,Sin dato,Double Kettlebell Overhead Knee Over Toe Split Squat,Pierna,2,fuerza_hipertrofia
Intermedio,Peso libre,Fuerza / hipertrofia,Principal,Quadriceps,Knee Dominant,Bodybuilding,https://youtu.be/uQGRzdjxHes,Barbell Back Rack Step Up,Pierna,2,fuerza_hipertrofia
Intermedio,Peso libre,Fuerza / hipertrofia,Principal,Quadriceps,Knee Dominant,Bodybuilding,https://youtu.be/YR_7r6EzJdA,Barbell Front Rack Step Up,Pierna,2,fuerza_hipertrofia
Avanzado,Peso libre,Movilidad / estabilidad,Calentamiento,Abdominals,Anti-Extension,Sin clasificar,https://youtu.be/_lI_GB0DI3o,Barbell Standing Rollout,Core,1,movilidad_estabilidad
Principiante,Accesorios funcionales,Core / estabilidad,Principal,Abdominals,Rotational,Sin clasificar,https://youtu.be/4ESBjh2BcdE,Stability Ball Cable Russian Twist,Core,3,core_estabilidad
Principiante,Otro equipo,Fuerza / hipertrofia,Principal,Glutes,Hip Extension,Bodybuilding,https://youtu.be/rzjQ8XpXt1Q,Miniband Frog Pump,Pierna,0,fuerza_hipertrofia
Avanzado,Otro equipo,Fuerza / hipertrofia,Principal avanzado,Glutes,Hip External Rotation,Bodybuilding,Sin dato,Miniband Knee Hover Quadruped Fire Hydrant,Pierna,0,fuerza_hipertrofia
Principiante,Sin equipo,Condicion fisica / potencia,Principal,Glutes,Hip External Rotation,Sin clasificar,https://youtu.be/IFrN8GELc-k?feature=shared,Bodyweight Fire Hydrant,Pierna,3,potencia_funcional
Intermedio,Sin equipo,Condicion fisica / potencia,Principal,Glutes,Hip External Rotation,Sin clasificar,https://youtu.be/8nmBvZ1DkKQ?si=RUcdU_JPDGU_yIWv,Bodyweight Knee Hover Quadruped Fire Hydrant,Pierna,3,potencia_funcional
Principiante,Peso libre,Fuerza / hipertrofia,Principal,Biceps,Elbow Flexion,Bodybuilding,Sin dato,Dumbbell Crush Grip Spider Curl,Jalón,-3,fuerza_hipertrofia
Principiante,Peso libre,Fuerza / hipertrofia,Principal,Biceps,Elbow Flexion,Bodybuilding,https://youtu.be/KznrM_RhXDc?si=Qxgmd-eTnFuZ5rpo,Alternating Double Dumbbell Spider Curl,Jalón,-3,fuerza_hipertrofia
Intermedio,Sin equipo,Condicion fisica / potencia,Principal,Adductors,Hip Adduction,Sin clasificar,https://youtu.be/xkcOhvzzta0,Bodyweight Bent Knee Copenhagen Plank Side Raise,General,3,potencia_funcional
Principiante,Sin equipo,Movilidad / estabilidad,Calentamiento,Abdominals,Anti-Lateral Flexion,Calisthenics,https://youtu.be/PAHxwhBVsYY?si=pym-tzPNwmH8zNeP,Bodyweight Kneeling Side Plank,Core,3,movilidad_estabilidad
Intermedio,Sin equipo,Condicion fisica / potencia,Principal,Glutes,Rotational,Sin clasificar,https://youtu.be/20R2FqNUBsA?si=3Nuvhsgux27gQFjW,Bodyweight Wall Assisted Hip Airplane,Pierna,5,potencia_funcional
Principiante,Otro equipo,Condicion fisica / potencia,Principal,Shins,Ankle Dorsiflexion,Sin clasificar,https://youtu.be/fAf6Z7wu7fM?si=6K5_014ZCoGfknf8,Superband Single Leg Tibialis Raise,General,3,potencia_funcional
Avanzado,Peso libre,Fuerza / hipertrofia,Principal avanzado,Quadriceps,Knee Dominant,Sin clasificar,https://youtu.be/nwx6Ip7hd3I,Barbell Zercher Squat,Pierna,3,fuerza_hipertrofia
Avanzado,Peso libre,Condicion fisica / potencia,Tecnica,Quadriceps,Knee Dominant,Olympic Weightlifting,https://youtu.be/9xQp2sldyts,Barbell Squat Snatch,Pierna,5,potencia_funcional
Principiante,Peso libre,Fuerza / hipertrofia,Principal,Biceps,Elbow Flexion,Bodybuilding,Sin dato,Alternating Double Kettlebell Spider Curl,Jalón,-3,fuerza_hipertrofia
Avanzado,Peso libre,Fuerza / hipertrofia,Tecnica,Shoulders,Vertical Push,Olympic Weightlifting,https://youtu.be/PjY1rH4_MOA,Barbell Squat Clean to Split Jerk,Empuje,3,fuerza_hipertrofia
Principiante,Accesorios funcionales,Fuerza / hipertrofia,Principal,Chest,Horizontal Push,Sin clasificar,https://youtu.be/1UD0dTGE04w?si=q2odI18mbdJTtPDF,Slider Kneeling Alternating Reach Push Up,Empuje,3,fuerza_hipertrofia
Avanzado,Peso libre,Condicion fisica / potencia,Principal avanzado,Shoulders,Vertical Push,Sin clasificar,https://youtu.be/8DApihgXzGk,Barbell Hang Squat Clean to Thruster,Empuje,5,potencia_funcional
Avanzado,Peso libre,Condicion fisica / potencia,Principal avanzado,Shoulders,Vertical Push,Sin clasificar,https://youtu.be/4qZWqKDAhkQ,Barbell Squat Clean to Thruster,Empuje,5,potencia_funcional
Principiante,Sin equipo,Condicion fisica / potencia,Principal,Adductors,Hip Adduction,Sin clasificar,https://youtu.be/tKb76R21AfM?si=zsuYyzMMfjZleCpc,Bodyweight Copenhagen Plank,General,3,potencia_funcional
Principiante,Sin equipo,Condicion fisica / potencia,Principal,Adductors,Hip Adduction,Sin clasificar,https://youtu.be/obtdLUWZi-Y,Bodyweight Bent Knee Copenhagen Plank,General,3,potencia_funcional
Principiante,Peso libre,Fuerza / hipertrofia,Principal,Back,Sin clasificar,Sin clasificar,Sin dato,Single Arm Clubbell Inside Pullover,Jalón,1,fuerza_hipertrofia
Principiante,Otro equipo,Fuerza / hipertrofia,Principal,Glutes,Hip Extension,Bodybuilding,https://youtu.be/tPWyj85zsmg,Miniband Single Leg Hip Thrust,Pierna,0,fuerza_hipertrofia
Intermedio,Peso libre,Fuerza / hipertrofia,Principal,Back,Hip Hinge,Bodybuilding,https://youtu.be/s_Cx_ElOuQs,Barbell Deficit Snatch Grip Deadlift,Cadera,2,fuerza_hipertrofia
Principiante,Peso libre,Fuerza / hipertrofia,Principal,Back,Sin clasificar,Sin clasificar,Sin dato,Single Arm Clubbell Outside Pullover,Jalón,1,fuerza_hipertrofia
Principiante,Sin equipo,Fuerza / hipertrofia,Principal,Quadriceps,Knee Dominant,Bodybuilding,https://youtu.be/hTBEkHf8GmA,Bodyweight Hand Assisted Foot Elevated Knee Over Toe Split Squat,Pierna,2,fuerza_hipertrofia
Principiante,Sin equipo,Fuerza / hipertrofia,Principal,Quadriceps,Knee Dominant,Bodybuilding,https://youtu.be/Gu4qA5TevLU,Bodyweight Foot Elevated Knee Over Toe Split Squat,Pierna,2,fuerza_hipertrofia
Principiante,Peso libre,Fuerza / hipertrofia,Principal,Quadriceps,Knee Dominant,Bodybuilding,https://youtu.be/5-mxMxigTfw,Double Kettlebell Thruster,Pierna,2,fuerza_hipertrofia
Intermedio,Peso libre,Fuerza / hipertrofia,Principal,Shoulders,Rotational,Bodybuilding,https://youtu.be/DbKGRbkQ80E,Double Kettlebell Cossack Squat Thruster,Empuje,2,fuerza_hipertrofia
Intermedio,Peso libre,Fuerza / hipertrofia,Principal,Shoulders,Vertical Push,Bodybuilding,Sin dato,Double Kettlebell Alternating Cossack Squat Thruster,Empuje,2,fuerza_hipertrofia
Principiante,Otro equipo,Fuerza / hipertrofia,Principal,Trapezius,Scapular Elevation,Bodybuilding,https://youtu.be/I_qhTOdNkHo?si=7wY3icLNd-TkFk5i,Single Arm Landmine Shrug,Jalón,0,fuerza_hipertrofia
Principiante,Peso libre,Fuerza / hipertrofia,Principal,Quadriceps,Knee Dominant,Bodybuilding,https://youtu.be/Xmfx1eZMKmY,Double Kettlebell Front Rack Walking Lunge,Pierna,2,fuerza_hipertrofia
Avanzado,Peso libre,Fuerza / hipertrofia,Principal avanzado,Quadriceps,Knee Dominant,Bodybuilding,https://youtu.be/hcQJcKxc240,Double Kettlebell Overhead Walking Lunge,Pierna,2,fuerza_hipertrofia
Principiante,Peso libre,Movilidad / estabilidad,Principal,Shoulders,Isometric Hold,Sin clasificar,Sin dato,Plate Seated Steering Wheel,Empuje,1,movilidad_estabilidad
Avanzado,Otro equipo,Movilidad / estabilidad,Principal avanzado,Shoulders,Isometric Hold,Calisthenics,Sin dato,Parallette L Sit to Handstand,Empuje,-2,movilidad_estabilidad
Avanzado,Calistenia / barras,Movilidad / estabilidad,Principal avanzado,Abdominals,Isometric Hold,Calisthenics,https://youtu.be/pjk0vGe9YRU,Ring Straddle L Sit,Core,-2,movilidad_estabilidad
Principiante,Peso libre,Fuerza / hipertrofia,Principal,Shoulders,Vertical Push,Bodybuilding,https://youtu.be/VWnVBfRkLXE?si=AeN6Q9aAnShqxuIb,Double Kettlebell Seesaw Overhead Press,Empuje,2,fuerza_hipertrofia
Principiante,Peso libre,Fuerza / hipertrofia,Principal,Shoulders,Vertical Push,Bodybuilding,https://youtu.be/UiY-JIpmt24?si=ox4YNd9xIIVapyeB,Double Kettlebell Half Kneeling Seesaw Overhead Press,Empuje,2,fuerza_hipertrofia
Principiante,Peso libre,Fuerza / hipertrofia,Principal,Chest,Horizontal Push,Bodybuilding,Sin dato,Double Kettlebell Bottoms Up Seesaw Bench Press,Empuje,2,fuerza_hipertrofia
Principiante,Peso libre,Fuerza / hipertrofia,Principal,Chest,Horizontal Push,Bodybuilding,Sin dato,Double Kettlebell Bottoms Up Seesaw Incline Bench Press,Empuje,2,fuerza_hipertrofia
Principiante,Peso libre,Fuerza / hipertrofia,Principal,Chest,Horizontal Push,Bodybuilding,Sin dato,Double Kettlebell Bottoms Up Seesaw Decline Bench Press,Empuje,2,fuerza_hipertrofia
Principiante,Peso libre,Fuerza / hipertrofia,Principal,Chest,Horizontal Push,Bodybuilding,Sin dato,Double Kettlebell Bottoms Up Seesaw Floor Press,Empuje,2,fuerza_hipertrofia
Principiante,Peso libre,Fuerza / hipertrofia,Principal,Shoulders,Vertical Push,Bodybuilding,https://youtu.be/Lk0xszw7Tf8?si=GHtFcn5OVifRVyDQ,Double Dumbbell Tall Kneeling Seesaw Overhead Press,Empuje,2,fuerza_hipertrofia
Principiante,Peso libre,Fuerza / hipertrofia,Principal,Shoulders,Vertical Push,Bodybuilding,https://youtu.be/NP4p_SWAgnA?si=VoTKPhBbaaWrrYZH,Double Dumbbell Half Kneeling Seesaw Overhead Press,Empuje,2,fuerza_hipertrofia
Principiante,Peso libre,Fuerza / hipertrofia,Principal,Shoulders,Vertical Push,Bodybuilding,https://youtu.be/L_Y8osw78lA?si=3eK1QuOTlQjCzAxO,Double Dumbbell Seesaw Z Press,Empuje,2,fuerza_hipertrofia
Principiante,Accesorios funcionales,Core / estabilidad,Principal,Abdominals,Spinal Flexion,Sin clasificar,https://youtu.be/7L90imlW0es?si=gY7k7XVC43IRrv-N,Stability Ball Sit Up,Core,-4,core_estabilidad
Principiante,Otro equipo,Fuerza / hipertrofia,Principal,Biceps,Elbow Flexion,Bodybuilding,https://youtu.be/j83lzC2E4Ss?si=PcoF092JVJRpg8T4,EZ Bar Wide Grip Strict Bicep Curl,Jalón,-3,fuerza_hipertrofia
Intermedio,Peso libre,Condicion fisica / potencia,Tecnica,Quadriceps,Knee Dominant,Ballistics,https://youtu.be/6wyxpVY8PQ0,Double Kettlebell Squat Clean,Pierna,8,potencia_funcional
Intermedio,Peso libre,Movilidad / estabilidad,Principal,Abdominals,Isometric Hold,Sin clasificar,https://youtu.be/do1yf3NMXdg,Double Kettlebell Hollow Body Hold,Core,-4,movilidad_estabilidad
Principiante,Peso libre,Fuerza / hipertrofia,Principal,Back,Horizontal Pull,Bodybuilding,https://youtu.be/xkCR2CkkL1g?si=Qy0YPAcCasZF6kNk,Alternating Double Dumbbell Incline Bench Prone Row,Jalón,2,fuerza_hipertrofia
Principiante,Sin equipo,Condicion fisica / potencia,Principal,Adductors,Hip Adduction,Sin clasificar,https://youtu.be/UW52u8OaWhw?si=WdEOpAR_PSB9x9bR,Bodyweight Side Lying Hip Adduction,General,3,potencia_funcional
Intermedio,Otro equipo,Movilidad / estabilidad,Principal,Abdominals,Isometric Hold,Sin clasificar,https://youtu.be/8QRsSJ-Ny8M,Superband Hollow Body Hold,Core,-4,movilidad_estabilidad
Avanzado,Otro equipo,Fuerza / hipertrofia,Principal avanzado,Shoulders,Vertical Push,Calisthenics,https://youtu.be/3FYYo6lP-dw,Parallette Freestanding Handstand Push Up,Empuje,5,fuerza_hipertrofia
Intermedio,Accesorios funcionales,Fuerza / hipertrofia,Principal,Hamstrings,Knee Dominant,Sin clasificar,https://youtu.be/yAOulKW0al4,Slider Single Leg Eccentric Hamstring Curl,Pierna,0,fuerza_hipertrofia
Avanzado,Sin equipo,Fuerza / hipertrofia,Principal avanzado,Shoulders,Vertical Push,Calisthenics,https://youtu.be/aAErmRDDJKY,Bodyweight Freestanding Handstand Push Up,Empuje,5,fuerza_hipertrofia
Avanzado,Calistenia / barras,Fuerza / hipertrofia,Principal avanzado,Chest,Horizontal Push,Calisthenics,https://youtu.be/CXVqHGLmb3Q,Single Arm Ring Grip Push Up,Empuje,5,fuerza_hipertrofia
Intermedio,Otro equipo,Condicion fisica / potencia,Principal,Adductors,Hip Adduction,Sin clasificar,https://youtu.be/JG0Ay2QDVbI,Superband Side Plank Hanging Hip Adduction,General,3,potencia_funcional
Avanzado,Calistenia / barras,Fuerza / hipertrofia,Principal avanzado,Shoulders,Vertical Push,Calisthenics,https://youtu.be/ZNCupJIYP6M,Ring Strap Bulgarian Handstand Push Up,Empuje,5,fuerza_hipertrofia
Avanzado,Calistenia / barras,Fuerza / hipertrofia,Principal avanzado,Shoulders,Vertical Push,Calisthenics,Sin dato,Ring Freestanding Handstand Push Up,Empuje,5,fuerza_hipertrofia
Principiante,Accesorios funcionales,Condicion fisica / potencia,Principal,Glutes,Hip Extension,Sin clasificar,https://youtu.be/Rc5e-DsD--M,Stability Ball Feet Elevated Frog Pump,Pierna,3,potencia_funcional
Intermedio,Peso libre,Movilidad / estabilidad,Principal,Abdominals,Isometric Hold,Sin clasificar,https://youtu.be/HOQeoz3zQeo,Double Kettlebell Hollow Body Flutter Kicks,Core,-4,movilidad_estabilidad
Avanzado,Peso libre,Fuerza / hipertrofia,Principal avanzado,Quadriceps,Knee Dominant,Bodybuilding,Sin dato,Barbell Overhead Cyclist Squat,Pierna,2,fuerza_hipertrofia
Intermedio,Peso libre,Fuerza / hipertrofia,Principal,Quadriceps,Knee Dominant,Bodybuilding,https://youtu.be/IU_0IBe4G9w,Barbell Front Rack Cyclist Squat,Pierna,2,fuerza_hipertrofia
Intermedio,Peso libre,Condicion fisica / potencia,Tecnica,Shoulders,Hip Hinge,Ballistics,https://youtu.be/NAZ9uF9S_wk,Double Kettlebell Dead Clean to Push Press,Cadera,8,potencia_funcional
Avanzado,Sin equipo,Fuerza / hipertrofia,Principal avanzado,Shoulders,Vertical Push,Calisthenics,https://youtu.be/Gzz3ku70W3I,Bodyweight Bent Arm Press Handstand,Empuje,5,fuerza_hipertrofia
Intermedio,Peso libre,Fuerza / hipertrofia,Principal,Quadriceps,Knee Dominant,Bodybuilding,Sin dato,Barbell Cyclist Thruster,Pierna,2,fuerza_hipertrofia
Avanzado,Otro equipo,Fuerza / hipertrofia,Principal avanzado,Shoulders,Vertical Push,Calisthenics,Sin dato,Parallette L Sit to Bent Arm Press Handstand,Empuje,0,fuerza_hipertrofia
Intermedio,Otro equipo,Fuerza / hipertrofia,Principal,Quadriceps,Knee Dominant,Bodybuilding,Sin dato,Alternating Single Arm Landmine Thruster,Pierna,2,fuerza_hipertrofia
Principiante,Peso libre,Fuerza / hipertrofia,Principal,Quadriceps,Knee Dominant,Bodybuilding,https://youtu.be/2Tt0XZ2pZyE,Single Arm Dumbbell Cyclist Thruster,Pierna,2,fuerza_hipertrofia
Intermedio,Otro equipo,Fuerza / hipertrofia,Principal,Quadriceps,Knee Dominant,Bodybuilding,Sin dato,Alternating Single Arm Landmine Cyclist Thruster,Pierna,2,fuerza_hipertrofia
Intermedio,Peso libre,Fuerza / hipertrofia,Principal,Quadriceps,Knee Dominant,Bodybuilding,Sin dato,Barbell Low Bar Cyclist Squat,Pierna,2,fuerza_hipertrofia
Principiante,Peso libre,Fuerza / hipertrofia,Principal,Quadriceps,Knee Dominant,Bodybuilding,https://youtu.be/ExJCssj4YV0,Double Kettlebell Front Rack Split Squat,Pierna,2,fuerza_hipertrofia
Intermedio,Peso libre,Fuerza / hipertrofia,Principal,Quadriceps,Knee Dominant,Bodybuilding,https://youtu.be/Q3yDIeMfdNg,Double Kettlebell Front Rack Bulgarian Split Squat,Pierna,2,fuerza_hipertrofia
Intermedio,Peso libre,Fuerza / hipertrofia,Principal,Quadriceps,Knee Dominant,Bodybuilding,https://youtu.be/2Pk8jmse6vY,Double Kettlebell Overhead Squat,Pierna,2,fuerza_hipertrofia
Avanzado,Sin equipo,Fuerza / hipertrofia,Principal avanzado,Shoulders,Vertical Push,Calisthenics,https://youtu.be/mYQAYnr2hlg?si=gqlNGvKWytXXQP1H,Bodyweight Chest Roll to Straight Body Press Handstand,Empuje,5,fuerza_hipertrofia
Intermedio,Peso libre,Fuerza / hipertrofia,Principal,Quadriceps,Knee Dominant,Bodybuilding,Sin dato,Single Arm Kettlebell Overhead Contralateral Knee Over Toe Split Squat,Pierna,2,fuerza_hipertrofia
Avanzado,Calistenia / barras,Fuerza / hipertrofia,Principal avanzado,Shoulders,Vertical Push,Calisthenics,https://youtu.be/TxkC9nrvOho,Ring Bent Arm Bent Body Press Handstand,Empuje,5,fuerza_hipertrofia
Principiante,Peso libre,Fuerza / hipertrofia,Principal,Back,Hip Hinge,Bodybuilding,https://youtu.be/1XyV5eNL1z0,Single Arm Kettlebell Sumo Deadlift,Cadera,2,fuerza_hipertrofia
Principiante,Peso libre,Fuerza / hipertrofia,Principal,Quadriceps,Knee Dominant,Bodybuilding,Sin dato,Single Arm Kettlebell Front Rack Contralateral Knee Over Toe Split Squat,Pierna,2,fuerza_hipertrofia
Avanzado,Calistenia / barras,Fuerza / hipertrofia,Principal avanzado,Triceps,Vertical Push,Calisthenics,Sin dato,Ring Dip to Handstand,Empuje,5,fuerza_hipertrofia
Avanzado,Calistenia / barras,Movilidad / estabilidad,Principal avanzado,Shoulders,Isometric Hold,Calisthenics,Sin dato,Ring Handstand to Elbow Lever to Handstand,Empuje,3,movilidad_estabilidad
Avanzado,Calistenia / barras,Fuerza / hipertrofia,Principal avanzado,Shoulders,Vertical Push,Calisthenics,Sin dato,Ring Dip Straight Body Press to Handstand,Empuje,5,fuerza_hipertrofia
Principiante,Peso libre,Condicion fisica / potencia,Tecnica,Glutes,Hip Hinge,Ballistics,https://youtu.be/1cVT3ee9mgU,Kettlebell Swing,Pierna,8,potencia_funcional
Intermedio,Peso libre,Condicion fisica / potencia,Tecnica,Glutes,Hip Hinge,Ballistics,https://youtu.be/WK4ughYoUEI?si=2mvQ9x0jZEF2zzRA,Alternating Single Arm Kettlebell Swing,Pierna,8,potencia_funcional
Intermedio,Peso libre,Condicion fisica / potencia,Tecnica,Glutes,Hip Hinge,Ballistics,https://youtu.be/dPN2mj5R2S8,Alternating Single Arm Kettlebell Clean,Pierna,8,potencia_funcional
Intermedio,Peso libre,Condicion fisica / potencia,Tecnica,Glutes,Hip Hinge,Ballistics,https://youtu.be/0aq5EW0euvA,Alternating Single Arm Kettlebell Snatch,Pierna,8,potencia_funcional
Avanzado,Calistenia / barras,Fuerza / hipertrofia,Principal avanzado,Shoulders,Vertical Push,Calisthenics,Sin dato,Ring Straight Arm L Sit Straddle Press Handstand,Empuje,0,fuerza_hipertrofia
Avanzado,Peso libre,Fuerza / hipertrofia,Principal avanzado,Quadriceps,Knee Dominant,Bodybuilding,Sin dato,Single Arm Kettlebell Bottoms Up Overhead Contralateral Knee Over Toe Split Squat,Pierna,2,fuerza_hipertrofia
Intermedio,Peso libre,Condicion fisica / potencia,Tecnica,Glutes,Hip Hinge,Ballistics,https://youtu.be/L2WY5gYUb1U,Single Arm Kettlebell Staggered Stance Swing,Pierna,8,potencia_funcional
Intermedio,Peso libre,Condicion fisica / potencia,Tecnica,Glutes,Hip Hinge,Ballistics,https://youtu.be/Ss7KjOjCpVU,Alternating Single Arm Kettlebell Alternating Staggered Stance Swing,Pierna,8,potencia_funcional
Intermedio,Peso libre,Condicion fisica / potencia,Tecnica,Glutes,Hip Hinge,Ballistics,https://youtu.be/QVvrdVbq9qs,Single Arm Kettlebell Half Kneeling Swing,Pierna,8,potencia_funcional
Principiante,Peso libre,Condicion fisica / potencia,Tecnica,Glutes,Hip Hinge,Ballistics,https://youtu.be/zrvtXpwVTOI,Double Kettlebell Outside Swing,Pierna,8,potencia_funcional
Intermedio,Peso libre,Condicion fisica / potencia,Tecnica,Glutes,Hip Hinge,Ballistics,https://youtu.be/Fx-qV1dHGi4?feature=shared,Double Kettlebell Outside Half Snatch,Pierna,8,potencia_funcional
Intermedio,Peso libre,Condicion fisica / potencia,Tecnica,Glutes,Hip Hinge,Ballistics,https://youtu.be/QtlvLhVFR40,Double Kettlebell Outside Clean,Pierna,8,potencia_funcional
Intermedio,Peso libre,Condicion fisica / potencia,Tecnica,Abdominals,Rotational,Ballistics,https://youtu.be/YBJnavxcbUA,Single Arm Kettlebell Side Swing,Core,8,potencia_funcional
Principiante,Peso libre,Core / estabilidad,Principal,Abdominals,Rotational,Sin clasificar,https://youtu.be/59_aq7COfts,Kettlebell Feet Elevated Russian Twist,Core,3,core_estabilidad
Intermedio,Peso libre,Core / estabilidad,Principal,Abdominals,Rotational,Grinds,https://youtu.be/wjYNzITBDqg,Single Arm Kettlebell Half Kneeling Windmill,Core,3,core_estabilidad
Avanzado,Peso libre,Movilidad / estabilidad,Calentamiento,Quadriceps,Knee Dominant,Balance,Sin dato,Double Kettlebell Front Rack Skater Squat,Pierna,4,movilidad_estabilidad
Avanzado,Peso libre,Movilidad / estabilidad,Calentamiento,Quadriceps,Knee Dominant,Balance,https://youtu.be/q1TuasYdM2M,Kettlebell Horn Grip Skater Squat,Pierna,4,movilidad_estabilidad
Avanzado,Peso libre,Movilidad / estabilidad,Calentamiento,Quadriceps,Knee Dominant,Balance,https://youtu.be/-A7yvmUv8Cw,Double Kettlebell Front Rack Pistol Squat,Pierna,4,movilidad_estabilidad
Avanzado,Calistenia / barras,Fuerza / hipertrofia,Principal avanzado,Shoulders,Vertical Push,Calisthenics,Sin dato,Ring Straight Arm Pike Press Handstand,Empuje,5,fuerza_hipertrofia
Intermedio,Peso libre,Movilidad / estabilidad,Principal,Abdominals,Isometric Hold,Sin clasificar,https://youtu.be/JGY8VuvaEHc?si=LVWYZO5Qt-3WONJf,Single Arm Kettlebell Hollow Body Flutter Kicks,Core,-4,movilidad_estabilidad
Avanzado,Calistenia / barras,Core / estabilidad,Principal avanzado,Abdominals,Vertical Pull,Calisthenics,https://youtu.be/FRBr2pomeOM?si=15TQvL3xIskTVzVA,Ring Back Lever Pullout,Jalón,5,core_estabilidad
Intermedio,Peso libre,Condicion fisica / potencia,Tecnica,Shoulders,Hip Hinge,Ballistics,https://youtu.be/5Fx69TRWARc,Double Kettlebell Clean to Overhead Press,Cadera,8,potencia_funcional
Intermedio,Peso libre,Fuerza / hipertrofia,Principal,Shoulders,Rotational,Sin clasificar,https://youtu.be/-0FIWmBbo9U,Kettlebell Alternating Halo to Horn Grip Bottoms Up Squat,Empuje,3,fuerza_hipertrofia
Avanzado,Calistenia / barras,Core / estabilidad,Principal avanzado,Abdominals,Vertical Pull,Calisthenics,https://youtu.be/J34xkKOc9GI,Ring German Hang Pullout,Jalón,5,core_estabilidad
Avanzado,Calistenia / barras,Fuerza / hipertrofia,Principal avanzado,Back,Horizontal Pull,Calisthenics,Sin dato,Ring Dead Hang to Front Lever Pull Up,Jalón,5,fuerza_hipertrofia
Intermedio,Peso libre,Condicion fisica / potencia,Tecnica,Abdominals,Rotational,Ballistics,Sin dato,Single Arm Kettlebell Side to Side Swing,Core,8,potencia_funcional
Avanzado,Peso libre,Core / estabilidad,Principal avanzado,Abdominals,Rotational,Grinds,https://youtu.be/jpgvV6wdXVw,Single Arm Kettlebell Bottoms Up Turkish Get Up,Core,3,core_estabilidad
Intermedio,Peso libre,Fuerza / hipertrofia,Principal,Quadriceps,Knee Dominant,Bodybuilding,https://youtu.be/vBkzGpZSEF4,Single Arm Kettlebell Thruster,Pierna,2,fuerza_hipertrofia
Intermedio,Peso libre,Fuerza / hipertrofia,Principal,Quadriceps,Knee Dominant,Bodybuilding,https://youtu.be/AeK6i-5gvJ0,Alternating Double Kettlebell Thruster,Pierna,2,fuerza_hipertrofia
Intermedio,Peso libre,Condicion fisica / potencia,Tecnica,Shoulders,Hip Hinge,Ballistics,https://youtu.be/EF4ep3h5Olk,Single Arm Kettlebell Bottoms Up Dead Clean to Overhead Press,Cadera,8,potencia_funcional
Avanzado,Peso libre,Condicion fisica / potencia,Tecnica,Glutes,Hip Hinge,Ballistics,https://youtu.be/lWVxdK_AT2s?si=lgWC5CSMGVpQHo9t,Single Arm Kettlebell Tactical Snatch,Pierna,8,potencia_funcional
Avanzado,Peso libre,Condicion fisica / potencia,Tecnica,Quadriceps,Hip Hinge,Ballistics,https://youtu.be/oReUJtUlMGU,Single Arm Kettlebell Snatch to Overhead Contralateral Reverse Lunge,Pierna,8,potencia_funcional
Avanzado,Peso libre,Condicion fisica / potencia,Tecnica,Quadriceps,Hip Hinge,Ballistics,https://youtu.be/VpURrAKPhcE?si=gSYbC8kpIa5xMxr8,Double Kettlebell Snatch to Overhead Alternating Reverse Lunge,Pierna,8,potencia_funcional
Intermedio,Peso libre,Condicion fisica / potencia,Tecnica,Quadriceps,Hip Hinge,Ballistics,https://youtu.be/oqjLx5Injps,Single Arm Kettlebell Clean to Front Rack Contralateral Reverse Lunge,Pierna,8,potencia_funcional
Intermedio,Peso libre,Condicion fisica / potencia,Tecnica,Quadriceps,Hip Hinge,Ballistics,Sin dato,Double Kettlebell Clean to Front Rack Alternating Reverse Lunge,Pierna,8,potencia_funcional
Avanzado,Calistenia / barras,Fuerza / hipertrofia,Principal avanzado,Back,Horizontal Pull,Calisthenics,Sin dato,Ring Full Front Lever Pull Up,Jalón,5,fuerza_hipertrofia
Intermedio,Peso libre,Fuerza / hipertrofia,Principal,Shoulders,Vertical Push,Sin clasificar,https://youtu.be/DeoexkyNuns?si=WrruI69jETw4SBe-,Single Arm Kettlebell Split Jerk,Empuje,3,fuerza_hipertrofia
Avanzado,Otro equipo,Movilidad / estabilidad,Principal avanzado,Shoulders,Isometric Hold,Calisthenics,Sin dato,Parallette Stalder Press to Handstand,Empuje,3,movilidad_estabilidad
Avanzado,Peso libre,Condicion fisica / potencia,Tecnica,Glutes,Hip Hinge,Ballistics,Sin dato,Double Kettlebell Bottoms Up Clean to Front Rack Squat,Pierna,8,potencia_funcional
Avanzado,Calistenia / barras,Fuerza / hipertrofia,Principal avanzado,Biceps,Vertical Pull,Calisthenics,https://youtu.be/S22n8oqcDSY?si=GFs-J_IAwjttVe0y,Single Arm Ring Chin Up,Jalón,5,fuerza_hipertrofia
Avanzado,Peso libre,Fuerza / hipertrofia,Principal avanzado,Quadriceps,Knee Dominant,Sin clasificar,https://youtu.be/kSlZIksA8XQ,Double Kettlebell Bottoms Up Overhead Squat,Pierna,3,fuerza_hipertrofia
Intermedio,Peso libre,Fuerza / hipertrofia,Principal,Quadriceps,Knee Dominant,Bodybuilding,https://youtu.be/ZjNbjnGz1Cg,Double Kettlebell Bottoms Up Thruster,Pierna,2,fuerza_hipertrofia
Avanzado,Calistenia / barras,Movilidad / estabilidad,Principal avanzado,Back,Isometric Hold,Calisthenics,https://youtu.be/HZbee93OIdo,Ring Iron Cross,Jalón,3,movilidad_estabilidad
Avanzado,Otro equipo,Fuerza / hipertrofia,Principal avanzado,Chest,Horizontal Push,Calisthenics,Sin dato,Parallette Full Planche Push Up,Empuje,5,fuerza_hipertrofia
Avanzado,Otro equipo,Fuerza / hipertrofia,Principal avanzado,Chest,Horizontal Push,Calisthenics,Sin dato,Parallette Straddle Planche Push Up,Empuje,5,fuerza_hipertrofia
Avanzado,Calistenia / barras,Fuerza / hipertrofia,Principal avanzado,Back,Horizontal Pull,Calisthenics,Sin dato,Bar Dead Hang to Front Lever Pull Up,Jalón,5,fuerza_hipertrofia
Avanzado,Calistenia / barras,Fuerza / hipertrofia,Principal avanzado,Back,Horizontal Pull,Calisthenics,Sin dato,Bar Full Front Lever Pull Up,Jalón,5,fuerza_hipertrofia
Avanzado,Peso libre,Fuerza / hipertrofia,Principal avanzado,Quadriceps,Knee Dominant,Bodybuilding,https://youtu.be/F_t7_XRdLbs?si=moBf8_s1adbBBwRY,Barbell Overhead Bulgarian Split Squat,Pierna,2,fuerza_hipertrofia
Avanzado,Peso libre,Fuerza / hipertrofia,Principal avanzado,Shoulders,Vertical Push,Bodybuilding,Sin dato,Barbell Bulgarian Split Squat Thruster,Empuje,2,fuerza_hipertrofia
Avanzado,Peso libre,Fuerza / hipertrofia,Principal avanzado,Quadriceps,Knee Dominant,Bodybuilding,Sin dato,Single Arm Barbell Overhead Bulgarian Split Squat,Pierna,2,fuerza_hipertrofia
Avanzado,Sin equipo,Fuerza / hipertrofia,Principal avanzado,Chest,Horizontal Push,Calisthenics,Sin dato,Bodyweight Full Planche Push Up,Empuje,5,fuerza_hipertrofia
Avanzado,Sin equipo,Fuerza / hipertrofia,Principal avanzado,Chest,Horizontal Push,Calisthenics,https://youtu.be/qgNYrUdn1Oo?si=66l491gj5kmLLjA0,Bodyweight Straddle Planche Push Up,Empuje,5,fuerza_hipertrofia
Avanzado,Calistenia / barras,Fuerza / hipertrofia,Principal avanzado,Chest,Horizontal Push,Calisthenics,Sin dato,Ring Grip Full Planche Push Up,Empuje,5,fuerza_hipertrofia
Avanzado,Sin equipo,Fuerza / hipertrofia,Principal avanzado,Chest,Horizontal Push,Calisthenics,https://youtu.be/CGeBvG5XP7U?si=nGM9dXX2v8dyqJA_,Bodyweight Two Finger Full Planche Push Up,Empuje,5,fuerza_hipertrofia
Avanzado,Calistenia / barras,Fuerza / hipertrofia,Principal avanzado,Chest,Horizontal Push,Calisthenics,Sin dato,Ring Grip Straddle Planche Push Up,Empuje,5,fuerza_hipertrofia
Intermedio,Sin equipo,Fuerza / hipertrofia,Principal,Chest,Horizontal Push,Animal Flow,https://youtu.be/wcBXDGhqnBU,Bodyweight Push Up to Alternating Kick Through,Empuje,3,fuerza_hipertrofia
Intermedio,Sin equipo,Fuerza / hipertrofia,Principal,Chest,Horizontal Push,Sin clasificar,https://youtu.be/zR7oQp1Ucq8,Bodyweight Standing Walkout Push Up,Empuje,3,fuerza_hipertrofia
Intermedio,Calistenia / barras,Fuerza / hipertrofia,Principal,Back,Vertical Pull,Calisthenics,https://youtu.be/cLqkGqiva1M,Ring Pull Up,Jalón,5,fuerza_hipertrofia
Avanzado,Peso libre,Core / estabilidad,Principal avanzado,Abdominals,Rotational,Grinds,https://youtu.be/P-dqLz-r5po,Single Arm Plate Windmill,Core,3,core_estabilidad
Avanzado,Peso libre,Core / estabilidad,Principal avanzado,Abdominals,Rotational,Grinds,https://youtu.be/4_RrnWT847k,Single Arm Plate Turkish Get Up,Core,3,core_estabilidad
Intermedio,Sin equipo,Fuerza / hipertrofia,Principal,Shoulders,Vertical Push,Calisthenics,https://youtu.be/QIZ6RXq72ZI,Bodyweight Pike Push Up,Empuje,5,fuerza_hipertrofia
Intermedio,Otro equipo,Fuerza / hipertrofia,Principal,Shoulders,Vertical Push,Calisthenics,https://youtu.be/EqXFl_YxF8k,Parallette Feet Elevated Pike Push Up,Empuje,5,fuerza_hipertrofia
Intermedio,Peso libre,Fuerza / hipertrofia,Principal,Shoulders,Vertical Push,Bodybuilding,https://youtu.be/eJ9MLnNV6FY,Barbell Sots Press,Empuje,2,fuerza_hipertrofia
Avanzado,Peso libre,Condicion fisica / potencia,Tecnica,Glutes,Hip Hinge,Ballistics,https://youtu.be/jcC9NyGLGyg,Double Kettlebell Bottoms Up Snatch,Pierna,8,potencia_funcional
Avanzado,Peso libre,Condicion fisica / potencia,Tecnica,Glutes,Hip Hinge,Ballistics,Sin dato,Alternating Single Arm Kettlebell Bottoms Up Snatch,Pierna,8,potencia_funcional
Intermedio,Peso libre,Movilidad / estabilidad,Calentamiento,Abdominals,Anti-Rotational,Sin clasificar,Sin dato,Alternating Single Arm Kettlebell Around the World High Catch,Core,3,movilidad_estabilidad
Intermedio,Peso libre,Movilidad / estabilidad,Calentamiento,Abdominals,Anti-Rotational,Sin clasificar,Sin dato,Alternating Single Arm Kettlebell Tall Kneeling Around the World High Catch,Core,3,movilidad_estabilidad
Principiante,Peso libre,Movilidad / estabilidad,Calentamiento,Abdominals,Anti-Rotational,Sin clasificar,https://youtu.be/6AzrdFj3Qfc?si=52vAx7-XXfvkSz_l,Single Arm Kettlebell Around the World,Core,3,movilidad_estabilidad
Intermedio,Peso libre,Fuerza / hipertrofia,Principal,Shoulders,Vertical Push,Bodybuilding,https://youtu.be/Ib-8BOyAgTQ,Single Arm Dumbbell Z Press,Empuje,2,fuerza_hipertrofia
Intermedio,Otro equipo,Fuerza / hipertrofia,Principal,Chest,Horizontal Push,Calisthenics,https://youtu.be/JtBPG6VeJ9Q,Parallette Feet Elevated Push Up,Empuje,5,fuerza_hipertrofia
Intermedio,Accesorios funcionales,Fuerza / hipertrofia,Principal,Triceps,Horizontal Push,Sin clasificar,https://youtu.be/-2fkjhJfcP8,Stability Ball Feet Elevated Diamond Push Up,Empuje,3,fuerza_hipertrofia
Intermedio,Sin equipo,Fuerza / hipertrofia,Principal,Triceps,Elbow Extension,Calisthenics,https://youtu.be/O8WGl4_aYTQ?si=eq7Ylf5fkEliBcxD,Bodyweight Tricep Extension,Empuje,0,fuerza_hipertrofia
Principiante,Peso libre,Movilidad / estabilidad,Calentamiento,Abdominals,Anti-Rotational,Sin clasificar,https://youtu.be/ekR7MDSWwEQ,Alternating Single Arm Kettlebell Around the World,Core,3,movilidad_estabilidad
Principiante,Peso libre,Movilidad / estabilidad,Calentamiento,Abdominals,Anti-Rotational,Sin clasificar,https://youtu.be/9vZ0CU0dHcE,Single Arm Kettlebell Tall Kneeling Around the World,Core,3,movilidad_estabilidad
Principiante,Peso libre,Movilidad / estabilidad,Calentamiento,Abdominals,Anti-Rotational,Sin clasificar,Sin dato,Alternating Single Arm Tall Kneeling Around the World,Core,3,movilidad_estabilidad
Avanzado,Peso libre,Condicion fisica / potencia,Tecnica,Glutes,Hip Hinge,Ballistics,https://youtu.be/fLXYRpxW4FI?si=AjNKRKLLVjzA8Uow,Single Arm Kettlebell Waiter Clean,Pierna,8,potencia_funcional
Avanzado,Peso libre,Condicion fisica / potencia,Tecnica,Glutes,Hip Hinge,Ballistics,https://youtu.be/eH7w5psLPpk?si=XnO0PygbF5fzKCsm,Alternating Single Arm Kettlebell Waiter Clean,Pierna,8,potencia_funcional
Avanzado,Peso libre,Condicion fisica / potencia,Tecnica,Glutes,Hip Hinge,Ballistics,https://youtu.be/K8atAt0LaTU?si=9XbtgY4Ntm5G8h7v,Double Kettlebell Waiter Clean,Pierna,8,potencia_funcional
Avanzado,Peso libre,Condicion fisica / potencia,Tecnica,Glutes,Hip Hinge,Ballistics,https://youtu.be/6yF_kl-76jw?si=rsxf0dRezcQc83ke,Double Kettlebell Waiter Clean to Overhead Press,Pierna,8,potencia_funcional
Avanzado,Peso libre,Condicion fisica / potencia,Tecnica,Glutes,Hip Hinge,Ballistics,Sin dato,Single Arm Kettlebell Tactical Waiter Clean,Pierna,8,potencia_funcional
Avanzado,Peso libre,Condicion fisica / potencia,Tecnica,Glutes,Hip Hinge,Ballistics,https://youtu.be/0WjMjA_4SoE?si=J46etYGhA2sshEat,Double Kettlebell Waiter Clean to Alternating Overhead Press,Pierna,8,potencia_funcional
Avanzado,Peso libre,Condicion fisica / potencia,Tecnica,Glutes,Hip Hinge,Ballistics,Sin dato,Single Arm Kettlebell Waiter Snatch,Pierna,8,potencia_funcional
Avanzado,Peso libre,Condicion fisica / potencia,Tecnica,Glutes,Hip Hinge,Ballistics,Sin dato,Alternating Single Arm Kettlebell Waiter Snatch,Pierna,8,potencia_funcional
Avanzado,Peso libre,Movilidad / estabilidad,Calentamiento,Quadriceps,Knee Dominant,Balance,Sin dato,Barbell Overhead Pistol Squat,Pierna,4,movilidad_estabilidad
Intermedio,Peso libre,Fuerza / hipertrofia,Principal,Forearms,Wrist Flexion,Sin clasificar,https://youtu.be/k6F6ugHyTcA?si=XfnVnbcVgnDkbrFv,Barbell Seated Wrist Curl,General,-2,fuerza_hipertrofia
Intermedio,Peso libre,Fuerza / hipertrofia,Principal,Chest,Horizontal Push,Bodybuilding,https://youtu.be/D82M_YDEGJ8,Single Arm Dumbbell Hollow Body Chest Press,Empuje,-3,fuerza_hipertrofia
Avanzado,Peso libre,Condicion fisica / potencia,Tecnica,Glutes,Hip Hinge,Ballistics,Sin dato,Single Arm Kettlebell Tactical Waiter Snatch,Pierna,8,potencia_funcional
Avanzado,Peso libre,Fuerza / hipertrofia,Principal avanzado,Quadriceps,Knee Dominant,Bodybuilding,Sin dato,Single Arm Barbell Overhead Knee Over Toe Split Squat,Pierna,2,fuerza_hipertrofia
Avanzado,Peso libre,Fuerza / hipertrofia,Principal avanzado,Shoulders,Vertical Push,Bodybuilding,Sin dato,Single Arm Barbell Knee Over Toe Split Squat Thruster,Empuje,2,fuerza_hipertrofia
Avanzado,Peso libre,Fuerza / hipertrofia,Principal avanzado,Shoulders,Vertical Push,Bodybuilding,Sin dato,Barbell Knee Over Toe Split Squat Thruster,Empuje,2,fuerza_hipertrofia
Avanzado,Peso libre,Condicion fisica / potencia,Tecnica,Glutes,Hip Hinge,Ballistics,Sin dato,Double Kettlebell Waiter Snatch,Pierna,8,potencia_funcional
Avanzado,Peso libre,Condicion fisica / potencia,Tecnica,Shoulders,Vertical Push,Ballistics,https://youtu.be/PX80lILLVhw?si=vmOhrWhU-xCpO4kr,Double Kettlebell Waiter Clean to Thruster,Empuje,8,potencia_funcional
Principiante,Peso libre,Condicion fisica / potencia,Tecnica,Glutes,Hip Hinge,Ballistics,https://youtu.be/cZSh_cYNXTw,Kettlebell Start Stop Swing,Pierna,8,potencia_funcional
Intermedio,Peso libre,Condicion fisica / potencia,Tecnica,Glutes,Hip Hinge,Ballistics,https://youtu.be/qdMDbLUg9_w?si=9t5V4loMJW5VI5mV,Double Kettlebell Dead Clean,Pierna,8,potencia_funcional
Avanzado,Peso libre,Fuerza / hipertrofia,Principal avanzado,Shoulders,Vertical Push,Bodybuilding,Sin dato,Single Arm Barbell Bulgarian Split Squat Thruster,Empuje,2,fuerza_hipertrofia
Avanzado,Peso libre,Core / estabilidad,Principal avanzado,Abdominals,Rotational,Grinds,Sin dato,Single Arm Barbell Windmill,Core,3,core_estabilidad
Principiante,Sin equipo,Core / estabilidad,Principal,Abdominals,Rotational,Grinds,https://youtu.be/87I2gbRgtUI?si=4hUJ0N3X8wu8MMKC,Bodyweight Windmill,Core,3,core_estabilidad
Intermedio,Otro equipo,Movilidad / estabilidad,Calentamiento,Abdominals,Anti-Rotational,Balance,https://youtu.be/a4ctQ6GYixo?si=WP2e4CVK5KsFEluY,Superband Isometric Split Squat Pallof Press,Core,4,movilidad_estabilidad
Avanzado,Peso libre,Core / estabilidad,Principal avanzado,Abdominals,Rotational,Grinds,https://youtu.be/VAFM8kbz8uA?si=UAPSMjiSnRLN3jl3,Single Arm Barbell Turkish Get Up,Core,3,core_estabilidad
Intermedio,Sin equipo,Condicion fisica / potencia,Tecnica,Chest,Horizontal Push,Plyometric,https://youtu.be/jmzZ2wQdXao,Bodyweight Plate Plyometric Push Up,Empuje,8,potencia_funcional
Intermedio,Peso libre,Fuerza / hipertrofia,Principal,Back,Horizontal Pull,Bodybuilding,https://youtu.be/KsEBTYuqemI,Single Arm Dumbbell Single Leg Contralateral Bent Over Row,Jalón,2,fuerza_hipertrofia
Intermedio,Peso libre,Fuerza / hipertrofia,Principal,Back,Horizontal Pull,Bodybuilding,https://youtu.be/LrbAy459jkg?si=UDFXUQgUuwN4hkBz,Double Dumbbell Single Leg Bent Over Row,Jalón,2,fuerza_hipertrofia
Intermedio,Peso libre,Fuerza / hipertrofia,Principal,Quadriceps,Knee Dominant,Bodybuilding,https://youtu.be/lbnYFCHrjvk,Single Arm Kettlebell Bottoms Up Thruster,Pierna,2,fuerza_hipertrofia
Intermedio,Peso libre,Fuerza / hipertrofia,Principal,Quadriceps,Knee Dominant,Bodybuilding,Sin dato,Alternating Double Kettlebell Bottoms Up Thruster,Pierna,2,fuerza_hipertrofia
Intermedio,Peso libre,Condicion fisica / potencia,Tecnica,Glutes,Hip Hinge,Ballistics,https://youtu.be/Lcm7DcXbm-U,Single Arm Kettlebell Dead Clean,Pierna,8,potencia_funcional
Intermedio,Peso libre,Condicion fisica / potencia,Tecnica,Glutes,Hip Hinge,Ballistics,https://youtu.be/FAtcUX6VxWo,Alternating Single Arm Kettlebell Dead Clean,Pierna,8,potencia_funcional
Intermedio,Peso libre,Fuerza / hipertrofia,Principal,Back,Horizontal Pull,Bodybuilding,https://youtu.be/O1mck-Oil5Y,Single Arm Dumbbell Bird Dog Row,Jalón,2,fuerza_hipertrofia
Avanzado,Peso libre,Core / estabilidad,Principal avanzado,Abdominals,Rotational,Grinds,https://youtu.be/U6kn-AypL7c,Single Arm Kettlebell Bottoms Up Half Kneeling Windmill,Core,3,core_estabilidad
Intermedio,Peso libre,Movilidad / estabilidad,Calentamiento,Abdominals,Anti-Rotational,Sin clasificar,Sin dato,Alternating Single Arm Kettlebell Half Kneeling Around the World High Catch,Core,3,movilidad_estabilidad
Intermedio,Peso libre,Fuerza / hipertrofia,Principal,Back,Horizontal Pull,Bodybuilding,https://youtu.be/U_kv9LRu6_I?si=o6wONfSHOO4nrgpy,Double Dumbbell Renegade Row,Jalón,2,fuerza_hipertrofia
Avanzado,Peso libre,Movilidad / estabilidad,Calentamiento,Quadriceps,Knee Dominant,Balance,Sin dato,Single Arm Barbell Overhead Toe Balance Squat,Pierna,4,movilidad_estabilidad
Avanzado,Peso libre,Movilidad / estabilidad,Calentamiento,Quadriceps,Knee Dominant,Balance,Sin dato,Barbell Overhead Toe Balance Squat,Pierna,4,movilidad_estabilidad
Intermedio,Calistenia / barras,Movilidad / estabilidad,Calentamiento,Abdominals,Anti-Extension,Calisthenics,https://youtu.be/LMQIG45Wwd8,Ring Kneeling Rollout,Core,3,movilidad_estabilidad
Avanzado,Calistenia / barras,Movilidad / estabilidad,Calentamiento,Abdominals,Anti-Extension,Calisthenics,Sin dato,Single Arm Ring Kneeling Rollout,Core,3,movilidad_estabilidad
Avanzado,Calistenia / barras,Movilidad / estabilidad,Calentamiento,Abdominals,Anti-Extension,Calisthenics,https://youtu.be/or7xH0BirKw?si=5oL6x2NsxvCfWaBo,Ring Standing Rollout,Core,3,movilidad_estabilidad
Intermedio,Otro equipo,Fuerza / hipertrofia,Principal,Shoulders,Vertical Push,Sin clasificar,https://youtu.be/5Cs27w8WVz4,Single Arm Landmine Shoulder Press,Empuje,3,fuerza_hipertrofia
Intermedio,Otro equipo,Fuerza / hipertrofia,Principal,Shoulders,Vertical Push,Sin clasificar,https://youtu.be/owbzzfb-0PQ,Alternating Single Arm Landmine Shoulder Press,Empuje,3,fuerza_hipertrofia
Intermedio,Peso libre,Fuerza / hipertrofia,Principal,Shoulders,Rotational,Grinds,https://youtu.be/xO7fmvTpy3M,Single Arm Kettlebell Bent Press,Empuje,3,fuerza_hipertrofia
Intermedio,Peso libre,Core / estabilidad,Principal,Abdominals,Rotational,Sin clasificar,Sin dato,Alternating Single Arm Kettlebell Around the World High Catch to Squat,Core,3,core_estabilidad
Intermedio,Peso libre,Fuerza / hipertrofia,Principal,Quadriceps,Knee Dominant,Bodybuilding,Sin dato,Double Kettlebell Overhead Alternating Cossack Squat,Pierna,2,fuerza_hipertrofia
Principiante,Peso libre,Fuerza / hipertrofia,Principal,Quadriceps,Knee Dominant,Bodybuilding,https://youtu.be/sBuAJggOIxE?si=CST2KlC-8f_fnogp,Double Kettlebell Front Rack Cossack Squat,Pierna,2,fuerza_hipertrofia
Intermedio,Peso libre,Fuerza / hipertrofia,Principal,Quadriceps,Knee Dominant,Bodybuilding,https://youtu.be/j9sFzOeMmxY?si=i2yJV3WJb2pBCf0X,Double Kettlebell Front Rack Low Switch Cossack Squat,Pierna,2,fuerza_hipertrofia
Intermedio,Peso libre,Condicion fisica / potencia,Tecnica,Shoulders,Vertical Push,Ballistics,Sin dato,Alternating Single Arm Kettlebell Bottoms Up Clean to Overhead Press,Empuje,8,potencia_funcional
Intermedio,Peso libre,Condicion fisica / potencia,Tecnica,Shoulders,Vertical Push,Ballistics,Sin dato,Double Kettlebell Bottoms Up Clean to Overhead Press,Empuje,8,potencia_funcional
Avanzado,Peso libre,Fuerza / hipertrofia,Principal avanzado,Quadriceps,Knee Dominant,Bodybuilding,Sin dato,Double Kettlebell Bottoms Up Overhead Knee Over Toe Split Squat,Pierna,2,fuerza_hipertrofia
Intermedio,Otro equipo,Fuerza / hipertrofia,Principal,Shoulders,Vertical Push,Sin clasificar,https://youtu.be/ORoOn93dnh4,Single Arm Landmine Half Kneeling Contralateral Shoulder Press,Empuje,3,fuerza_hipertrofia
Principiante,Sin equipo,Fuerza / hipertrofia,Principal,Quadriceps,Knee Dominant,Bodybuilding,https://youtu.be/kBQ1krvKFBU,Bodyweight Bulgarian Split Squat,Pierna,2,fuerza_hipertrofia
Principiante,Peso libre,Core / estabilidad,Principal,Abdominals,Spinal Flexion,Sin clasificar,https://youtu.be/vjAjAERSkIk,Plate Otis Up,Core,1,core_estabilidad
Avanzado,Peso libre,Movilidad / estabilidad,Calentamiento,Quadriceps,Knee Dominant,Balance,Sin dato,Double Kettlebell Overhead Pistol Squat,Pierna,4,movilidad_estabilidad
Avanzado,Peso libre,Movilidad / estabilidad,Calentamiento,Quadriceps,Knee Dominant,Balance,https://youtu.be/WPIrFREyNaw,Double Kettlebell Bottoms Up Front Rack Pistol Squat,Pierna,4,movilidad_estabilidad
Avanzado,Peso libre,Movilidad / estabilidad,Calentamiento,Quadriceps,Knee Dominant,Balance,Sin dato,Double Kettlebell Bottoms Up Overhead Pistol Squat,Pierna,4,movilidad_estabilidad
Intermedio,Peso libre,Condicion fisica / potencia,Tecnica,Shoulders,Hip Hinge,Ballistics,https://youtu.be/NqZPSUqSJlA,Double Kettlebell Clean to Sots Press,Cadera,8,potencia_funcional
Avanzado,Peso libre,Condicion fisica / potencia,Tecnica,Shoulders,Vertical Push,Ballistics,Sin dato,Double Kettlebell Bottoms Up Clean to Sots Press,Empuje,8,potencia_funcional
Intermedio,Otro equipo,Fuerza / hipertrofia,Principal,Shoulders,Vertical Push,Sin clasificar,https://youtu.be/TVTHezj2ZLg,Single Arm Landmine Tall Kneeling Shoulder Press,Empuje,3,fuerza_hipertrofia
Intermedio,Otro equipo,Fuerza / hipertrofia,Principal,Shoulders,Vertical Push,Bodybuilding,https://youtu.be/app94pzXOuU,Single Arm Landmine Z Press,Empuje,2,fuerza_hipertrofia
Intermedio,Peso libre,Fuerza / hipertrofia,Principal,Shoulders,Vertical Push,Bodybuilding,https://youtu.be/D73Oy2m-Uoc,Barbell Z Press,Empuje,2,fuerza_hipertrofia
Intermedio,Calistenia / barras,Fuerza / hipertrofia,Principal,Biceps,Elbow Flexion,Sin clasificar,https://youtu.be/gn5Uy0z5DyY?si=cNwcH7q0lucOSGDX,Single Arm Suspension Bicep Curl,Jalón,-2,fuerza_hipertrofia
Intermedio,Calistenia / barras,Fuerza / hipertrofia,Principal,Chest,Horizontal Push,Sin clasificar,https://youtu.be/qTD9lWjff84,Suspension Atomic Push Up,Empuje,3,fuerza_hipertrofia
Intermedio,Otro equipo,Fuerza / hipertrofia,Principal,Triceps,Horizontal Push,Calisthenics,Sin dato,Parallette Feet Elevated Close Grip Push Up,Empuje,5,fuerza_hipertrofia
Intermedio,Peso libre,Condicion fisica / potencia,Principal,Shoulders,Hip Hinge,Sin clasificar,https://youtu.be/J6xUudO95Gc,Double Kettlebell Clean to Thruster,Cadera,5,potencia_funcional
Intermedio,Sin equipo,Fuerza / hipertrofia,Principal,Chest,Horizontal Push,Calisthenics,https://youtu.be/_Qbz_54_9Sw,Bodyweight Archer Push Up,Empuje,5,fuerza_hipertrofia
Intermedio,Otro equipo,Fuerza / hipertrofia,Principal,Chest,Horizontal Push,Calisthenics,https://youtu.be/Wg2mF-GjD10,Parallette Archer Push Up,Empuje,5,fuerza_hipertrofia
Intermedio,Calistenia / barras,Movilidad / estabilidad,Calentamiento,Chest,Anti-Rotational,Sin clasificar,https://youtu.be/PenQnEuayM4,Single Arm Suspension Push Up,Empuje,3,movilidad_estabilidad
Intermedio,Calistenia / barras,Fuerza / hipertrofia,Principal,Back,Rotational,Calisthenics,https://youtu.be/ABSpTs17ObA,Ring Skin the Cat,Jalón,5,fuerza_hipertrofia
Avanzado,Peso libre,Fuerza / hipertrofia,Principal avanzado,Quadriceps,Knee Dominant,Bodybuilding,Sin dato,Double Kettlebell Bottoms Up Overhead Bulgarian Split Squat,Pierna,2,fuerza_hipertrofia
Avanzado,Peso libre,Fuerza / hipertrofia,Principal avanzado,Quadriceps,Knee Dominant,Bodybuilding,Sin dato,Single Arm Kettlebell Bottoms Up Overhead Contralateral Bulgarian Split Squat,Pierna,2,fuerza_hipertrofia
Intermedio,Peso libre,Fuerza / hipertrofia,Principal,Quadriceps,Knee Dominant,Bodybuilding,https://youtu.be/DGzBcpLm8T4?si=VFc6IG7H7vAlBgxV,Single Arm Kettlebell Suitcase Contralateral Bulgarian Split Squat,Pierna,2,fuerza_hipertrofia
Intermedio,Peso libre,Fuerza / hipertrofia,Principal,Quadriceps,Knee Dominant,Bodybuilding,Sin dato,Single Arm Kettlebell Suitcase Ipsilateral Bulgarian Split Squat,Pierna,2,fuerza_hipertrofia
Intermedio,Peso libre,Fuerza / hipertrofia,Principal,Quadriceps,Knee Dominant,Bodybuilding,Sin dato,Double Kettlebell Bottoms Up Front Rack Bulgarian Split Squat,Pierna,2,fuerza_hipertrofia
Intermedio,Peso libre,Fuerza / hipertrofia,Principal,Quadriceps,Knee Dominant,Bodybuilding,https://youtu.be/2mDqNOd-Pco?si=MiZ8nJsVAje_rZfb,Double Kettlebell Suitcase Bulgarian Split Squat,Pierna,2,fuerza_hipertrofia
Avanzado,Peso libre,Fuerza / hipertrofia,Principal avanzado,Shoulders,Vertical Push,Bodybuilding,Sin dato,Double Kettlebell Bulgarian Split Squat Thruster,Empuje,2,fuerza_hipertrofia
Avanzado,Peso libre,Fuerza / hipertrofia,Principal avanzado,Shoulders,Vertical Push,Bodybuilding,Sin dato,Double Kettlebell Bottoms Up Bulgarian Split Squat Thruster,Empuje,2,fuerza_hipertrofia
Intermedio,Peso libre,Fuerza / hipertrofia,Principal,Quadriceps,Knee Dominant,Bodybuilding,Sin dato,Single Arm Kettlebell Bottoms Up Front Rack Contralateral Bulgarian Split Squat,Pierna,2,fuerza_hipertrofia
Intermedio,Peso libre,Fuerza / hipertrofia,Principal,Quadriceps,Knee Dominant,Bodybuilding,Sin dato,Single Arm Kettlebell Front Rack Contralateral Bulgarian Split Squat,Pierna,2,fuerza_hipertrofia
Intermedio,Calistenia / barras,Fuerza / hipertrofia,Principal,Back,Horizontal Pull,Calisthenics,https://youtu.be/u3XIZSv2Npw,Ring Feet Elevated Row,Jalón,5,fuerza_hipertrofia
Intermedio,Peso libre,Fuerza / hipertrofia,Principal,Quadriceps,Knee Dominant,Bodybuilding,Sin dato,Single Arm Kettlebell Bottoms Up Front Rack Ipsilateral Bulgarian Split Squat,Pierna,2,fuerza_hipertrofia
Intermedio,Calistenia / barras,Fuerza / hipertrofia,Principal,Back,Horizontal Pull,Calisthenics,https://youtu.be/k84lpDtf5kQ,Ring Feet Elevated Bulgarian Row,Jalón,5,fuerza_hipertrofia
Intermedio,Calistenia / barras,Fuerza / hipertrofia,Principal,Back,Horizontal Pull,Calisthenics,Sin dato,Ring Feet Elevated Archer Row,Jalón,5,fuerza_hipertrofia
Intermedio,Calistenia / barras,Fuerza / hipertrofia,Principal,Chest,Horizontal Push,Calisthenics,https://youtu.be/u8tOhNwiL70,Ring Push Up,Empuje,5,fuerza_hipertrofia
Intermedio,Calistenia / barras,Fuerza / hipertrofia,Principal,Chest,Horizontal Adduction,Sin clasificar,https://youtu.be/ytAxGbZ7g80,Ring Chest Fly,Empuje,-2,fuerza_hipertrofia
Intermedio,Peso libre,Fuerza / hipertrofia,Principal,Chest,Horizontal Push,Calisthenics,https://youtu.be/kw3ht7nZbXs?si=9ZaHvZoUYJK9H_2w,Double Kettlebell Feet Elevated Push Up,Empuje,5,fuerza_hipertrofia
Intermedio,Peso libre,Fuerza / hipertrofia,Principal,Shoulders,Vertical Push,Bodybuilding,https://youtu.be/DrpIWrG7rl8,Single Arm Kettlebell Bottoms Up Half Kneeling Contralateral Overhead Press,Empuje,2,fuerza_hipertrofia
Intermedio,Otro equipo,Fuerza / hipertrofia,Principal,Chest,Horizontal Push,Calisthenics,https://youtu.be/NENoxvoyaTw,Parallette Alternating Shoulder Tap Push Up,Empuje,5,fuerza_hipertrofia
Intermedio,Otro equipo,Fuerza / hipertrofia,Principal,Chest,Horizontal Push,Calisthenics,https://youtu.be/tpCOg3ZKn3w?si=e_92TbjIAIy3thZh,Parallette Dive Bomber Push Up,Empuje,5,fuerza_hipertrofia
Intermedio,Peso libre,Fuerza / hipertrofia,Principal,Quadriceps,Knee Dominant,Bodybuilding,https://youtu.be/kz5dpeSigAI,Barbell Front Rack Bulgarian Split Squat,Pierna,2,fuerza_hipertrofia
Intermedio,Peso libre,Fuerza / hipertrofia,Principal,Quadriceps,Knee Dominant,Bodybuilding,https://youtu.be/CeNiZ52DzU0,Barbell Back Rack Bulgarian Split Squat,Pierna,2,fuerza_hipertrofia
Avanzado,Calistenia / barras,Movilidad / estabilidad,Calentamiento,Quadriceps,Knee Dominant,Balance,Sin dato,Single Arm Suspension Contralateral Pistol Squat,Pierna,4,movilidad_estabilidad
Intermedio,Peso libre,Fuerza / hipertrofia,Principal,Quadriceps,Knee Dominant,Bodybuilding,https://youtu.be/QB9bEZQl6Mg,Barbell Front Rack Alternating Curtsy Lunge,Pierna,2,fuerza_hipertrofia
Avanzado,Sin equipo,Movilidad / estabilidad,Principal avanzado,Abdominals,Isometric Hold,Calisthenics,https://youtu.be/LXmJg15hurY?si=kuUaXsoiL3fnTOE7,Bodyweight Dragon Flag,Core,-2,movilidad_estabilidad
Intermedio,Peso libre,Fuerza / hipertrofia,Principal,Quadriceps,Knee Dominant,Bodybuilding,Sin dato,Single Arm Kettlebell Front Rack Ipsilateral Bulgarian Split Squat,Pierna,2,fuerza_hipertrofia
Intermedio,Sin equipo,Fuerza / hipertrofia,Principal,Chest,Horizontal Push,Calisthenics,https://youtu.be/y94uWhVJ3D4?si=TIKacdZm8d8i5e6M,Bodyweight Dive Bomber Push Up,Empuje,5,fuerza_hipertrofia
Intermedio,Peso libre,Fuerza / hipertrofia,Principal,Shoulders,Vertical Push,Sin clasificar,Sin dato,Barbell Staggered Stance Push Press,Empuje,3,fuerza_hipertrofia
Avanzado,Otro equipo,Movilidad / estabilidad,Principal avanzado,Abdominals,Isometric Hold,Calisthenics,https://youtu.be/v6oj7ImoVP4?si=F3GtqX0vk8YHIyZm,Parallette Full Planche,Core,3,movilidad_estabilidad
Intermedio,Peso libre,Fuerza / hipertrofia,Principal,Back,Horizontal Pull,Bodybuilding,https://youtu.be/731lQp2shpY,Double Dumbbell Renegade Row to Push Up,Jalón,2,fuerza_hipertrofia
Avanzado,Calistenia / barras,Movilidad / estabilidad,Principal avanzado,Back,Isometric Hold,Calisthenics,https://youtu.be/qO5ZqLJD_ZQ,Ring Inverted Iron Cross,Jalón,3,movilidad_estabilidad
Principiante,Peso libre,Fuerza / hipertrofia,Principal,Shoulders,Shoulder Flexion,Bodybuilding,https://youtu.be/b2ELsjM9KQQ,Barbell Reverse Grip Front Raise,Empuje,0,fuerza_hipertrofia
Avanzado,Calistenia / barras,Movilidad / estabilidad,Principal avanzado,Abdominals,Isometric Hold,Calisthenics,https://youtu.be/ch0kaD--kIA,Ring Tuck Planche,Core,3,movilidad_estabilidad
Intermedio,Peso libre,Fuerza / hipertrofia,Principal,Forearms,Wrist Extension,Sin clasificar,Sin dato,Barbell Seated Reverse Grip Wrist Curl,General,-2,fuerza_hipertrofia
Avanzado,Calistenia / barras,Movilidad / estabilidad,Principal avanzado,Abdominals,Isometric Hold,Calisthenics,Sin dato,Ring Full Planche,Core,3,movilidad_estabilidad
Intermedio,Otro equipo,Fuerza / hipertrofia,Principal,Chest,Horizontal Push,Calisthenics,Sin dato,Alternating Single Arm Parallette Push Up,Empuje,5,fuerza_hipertrofia
Intermedio,Calistenia / barras,Fuerza / hipertrofia,Principal,Back,Vertical Pull,Calisthenics,Sin dato,Ring Scapular Pull Up,Jalón,5,fuerza_hipertrofia
Avanzado,Calistenia / barras,Movilidad / estabilidad,Principal avanzado,Abdominals,Isometric Hold,Calisthenics,Sin dato,Ring Grip Full Planche,Core,3,movilidad_estabilidad
Avanzado,Sin equipo,Movilidad / estabilidad,Principal avanzado,Abdominals,Isometric Hold,Calisthenics,https://youtu.be/hTpQCPjYZ3w?si=jlVsTRhe4TDGXMhx,Bodyweight Full Planche,Core,3,movilidad_estabilidad
Principiante,Gimnasio / maquina,Condicion fisica / potencia,Principal,Abductors,Hip Abduction,Sin clasificar,https://youtu.be/MZi0M3OJEVw,Cable Quadruped Hip Abduction,General,3,potencia_funcional
Intermedio,Peso libre,Fuerza / hipertrofia,Principal,Chest,Horizontal Push,Bodybuilding,https://youtu.be/a9IZD74jAfw?si=-nGBSNLL5nllir0b,Barbell Reverse Grip Bench Press,Empuje,2,fuerza_hipertrofia
Avanzado,Peso libre,Core / estabilidad,Principal avanzado,Abdominals,Rotational,Grinds,https://youtu.be/q4JSQU9lyfs,Double Kettlebell Turkish Get Up,Core,3,core_estabilidad
Intermedio,Peso libre,Fuerza / hipertrofia,Principal,Shoulders,Vertical Push,Bodybuilding,https://youtu.be/jtOoPLn8OEQ,Single Arm Kettlebell Rotational Overhead Press,Empuje,2,fuerza_hipertrofia
Intermedio,Peso libre,Fuerza / hipertrofia,Principal,Shoulders,Vertical Push,Bodybuilding,https://youtu.be/ygiRarZWXHw,Single Arm Kettlebell Z Press,Empuje,2,fuerza_hipertrofia
Avanzado,Otro equipo,Movilidad / estabilidad,Principal avanzado,Abdominals,Isometric Hold,Calisthenics,https://youtu.be/2qWMe_2rlFk?si=MrPXRqDAKW9xxM_5,Parallette Straddle Planche,Core,3,movilidad_estabilidad
Intermedio,Peso libre,Fuerza / hipertrofia,Principal,Shoulders,Vertical Push,Bodybuilding,https://youtu.be/1znq_EvBvCg,Single Arm Kettlebell Sots Press,Empuje,2,fuerza_hipertrofia
Avanzado,Calistenia / barras,Movilidad / estabilidad,Principal avanzado,Abdominals,Isometric Hold,Calisthenics,Sin dato,Ring Straddle Planche,Core,3,movilidad_estabilidad
Intermedio,Peso libre,Fuerza / hipertrofia,Principal,Back,Horizontal Pull,Bodybuilding,https://youtu.be/SUqsBTSldyk,Double Kettlebell Renegade Row,Jalón,2,fuerza_hipertrofia
Intermedio,Peso libre,Core / estabilidad,Principal,Abdominals,Spinal Flexion,Sin clasificar,https://youtu.be/zCBlmAdxfI0,Barbell Turkish Sit Up,Core,1,core_estabilidad
Intermedio,Peso libre,Core / estabilidad,Principal,Abdominals,Spinal Flexion,Sin clasificar,https://youtu.be/A7sXEmRwTQQ,Plate Turkish Sit Up,Core,1,core_estabilidad
Intermedio,Peso libre,Fuerza / hipertrofia,Principal,Back,Horizontal Pull,Bodybuilding,https://youtu.be/i8VL6OjVlCY,Double Kettlebell Renegade Row to Push Up,Jalón,2,fuerza_hipertrofia
Avanzado,Peso libre,Core / estabilidad,Principal avanzado,Abdominals,Spinal Flexion,Sin clasificar,Sin dato,Single Arm Barbell Turkish Sit Up,Core,1,core_estabilidad
Principiante,Peso libre,Fuerza / hipertrofia,Principal,Hamstrings,Hip Hinge,Bodybuilding,https://youtu.be/SozT7TcG-p0?si=8DX3-uViiOfh2BvX,Dumbbell Crush Grip Romanian Deadlift,Cadera,2,fuerza_hipertrofia
Intermedio,Peso libre,Fuerza / hipertrofia,Principal,Shoulders,Vertical Push,Bodybuilding,https://youtu.be/wlAJN3GzJWA,Single Arm Kettlebell Half Kneeling Contralateral Overhead Press,Empuje,2,fuerza_hipertrofia
Avanzado,Peso libre,Fuerza / hipertrofia,Principal avanzado,Shoulders,Vertical Push,Bodybuilding,Sin dato,Double Kettlebell Knee Over Toe Split Squat Thruster,Empuje,2,fuerza_hipertrofia
Avanzado,Peso libre,Fuerza / hipertrofia,Principal avanzado,Shoulders,Vertical Push,Bodybuilding,Sin dato,Double Kettlebell Bottoms Up Knee Over Toe Split Squat Thruster,Empuje,2,fuerza_hipertrofia
Intermedio,Peso libre,Fuerza / hipertrofia,Principal,Shoulders,Vertical Push,Bodybuilding,https://youtu.be/XFxoHtiGZtw,Single Arm Kettlebell Bottoms Up Z Press,Empuje,2,fuerza_hipertrofia
Intermedio,Peso libre,Fuerza / hipertrofia,Principal,Shoulders,Vertical Push,Bodybuilding,https://youtu.be/s2hAm9S-6fY,Double Kettlebell Bottoms Up Z Press,Empuje,2,fuerza_hipertrofia
Intermedio,Peso libre,Fuerza / hipertrofia,Principal,Shoulders,Vertical Push,Bodybuilding,https://youtu.be/D6UYO_ZbLJ8,Double Kettlebell Sots Press,Empuje,2,fuerza_hipertrofia
Intermedio,Peso libre,Fuerza / hipertrofia,Principal,Shoulders,Vertical Push,Bodybuilding,https://youtu.be/_Q2mHbn6ggA?si=QGGePHfV1X7MFEdF,Alternating Double Kettlebell Sots Press,Empuje,2,fuerza_hipertrofia
Intermedio,Peso libre,Fuerza / hipertrofia,Principal,Shoulders,Vertical Push,Bodybuilding,https://youtu.be/L0DwNTS4psM,Double Kettlebell Seesaw Sots Press,Empuje,2,fuerza_hipertrofia
Intermedio,Peso libre,Movilidad / estabilidad,Principal,Abdominals,Isometric Hold,Sin clasificar,https://youtu.be/Btp-pKPfvEU,Dumbbell Crush Grip Hollow Body Flutter Kicks,Core,-4,movilidad_estabilidad
Intermedio,Peso libre,Fuerza / hipertrofia,Principal,Shoulders,Vertical Push,Sin clasificar,https://youtu.be/HDzbviKeH8A,Double Kettlebell Bottoms Up Seesaw Overhead Press,Empuje,3,fuerza_hipertrofia
Intermedio,Otro equipo,Movilidad / estabilidad,Principal,Abdominals,Isometric Hold,Calisthenics,https://youtu.be/JHYVvhWqNzE,Parallette Crow Pose,Core,3,movilidad_estabilidad
Intermedio,Peso libre,Fuerza / hipertrofia,Principal,Shoulders,Vertical Push,Bodybuilding,Sin dato,Double Kettlebell Bottoms Up Seesaw Z Press,Empuje,2,fuerza_hipertrofia
Intermedio,Calistenia / barras,Movilidad / estabilidad,Calentamiento,Shoulders,Horizontal Pull,Balance,Sin dato,Suspension Single Leg Standing Bent Knee Reverse Fly,Empuje,4,movilidad_estabilidad
Intermedio,Peso libre,Fuerza / hipertrofia,Principal,Quadriceps,Knee Dominant,Bodybuilding,Sin dato,Kettlebell Bottoms Up Horn Grip Goblet Bulgarian Split Squat,Pierna,2,fuerza_hipertrofia
Avanzado,Peso libre,Condicion fisica / potencia,Tecnica,Quadriceps,Hip Hinge,Ballistics,Sin dato,Double Kettlebell Snatch to Overhead Squat,Pierna,8,potencia_funcional
Intermedio,Calistenia / barras,Movilidad / estabilidad,Calentamiento,Shoulders,Sin clasificar,Balance,Sin dato,Suspension Single Leg Standing Bent Knee Y Raise,Empuje,2,movilidad_estabilidad
Intermedio,Calistenia / barras,Movilidad / estabilidad,Calentamiento,Shoulders,Shoulder External Rotation,Balance,Sin dato,Suspension Single Leg Standing Bent Knee Face Pull,Empuje,2,movilidad_estabilidad
Intermedio,Peso libre,Condicion fisica / potencia,Tecnica,Glutes,Hip Hinge,Ballistics,Sin dato,Single Arm Kettlebell Half Kneeling Dead Clean,Pierna,8,potencia_funcional
Intermedio,Peso libre,Movilidad / estabilidad,Calentamiento,Hip Flexors,Locomotion,Balance,https://youtu.be/NJ4t_HAgJ0M,Barbell Overhead March,Core,4,movilidad_estabilidad
Avanzado,Peso libre,Movilidad / estabilidad,Calentamiento,Hip Flexors,Locomotion,Balance,Sin dato,Single Arm Barbell Overhead March,Core,4,movilidad_estabilidad
Intermedio,Peso libre,Condicion fisica / potencia,Tecnica,Glutes,Hip Hinge,Ballistics,https://youtu.be/2LM9Y67n6Aw,Single Arm Kettlebell Half Kneeling Clean,Pierna,8,potencia_funcional
Intermedio,Peso libre,Condicion fisica / potencia,Tecnica,Glutes,Hip Hinge,Ballistics,https://youtu.be/Ak5wI3oLbjA?si=ZcxpayHQ4EbHkxWD,Single Arm Kettlebell Half Kneeling Snatch,Pierna,8,potencia_funcional
Principiante,Peso libre,Fuerza / hipertrofia,Principal,Quadriceps,Knee Dominant,Bodybuilding,https://youtu.be/UnevKvSIDLo?si=Y2g3UwUxqNMlZHdo,Double Kettlebell Front Rack Alternating Curtsy Lunge,Pierna,2,fuerza_hipertrofia
Principiante,Accesorios funcionales,Fuerza / hipertrofia,Principal,Quadriceps,Knee Dominant,Bodybuilding,https://youtu.be/Gj12f62lLeM?si=VhTsZJu7DxtPvx73,Slider Lateral Lunge,Pierna,2,fuerza_hipertrofia
Intermedio,Peso libre,Movilidad / estabilidad,Calentamiento,Quadriceps,Knee Dominant,Balance,Sin dato,Kettlebell Bottoms Up Horn Grip Toe Balance Squat,Pierna,4,movilidad_estabilidad
Intermedio,Peso libre,Condicion fisica / potencia,Tecnica,Shoulders,Hip Hinge,Ballistics,https://youtu.be/8xYUgNA1Hi0?si=B1HQJvZslYYHAgLt,Double Kettlebell Dead Clean to Overhead Press,Cadera,8,potencia_funcional
Intermedio,Peso libre,Condicion fisica / potencia,Tecnica,Shoulders,Hip Hinge,Ballistics,https://youtu.be/3p8swLoH5no,Double Kettlebell Dead Clean to Thruster,Cadera,8,potencia_funcional
Intermedio,Calistenia / barras,Movilidad / estabilidad,Calentamiento,Shoulders,Shoulder External Rotation,Balance,Sin dato,Suspension Single Leg Standing Bent Knee Face Pull to Overhead Press,Empuje,2,movilidad_estabilidad
Intermedio,Calistenia / barras,Movilidad / estabilidad,Calentamiento,Shoulders,Shoulder External Rotation,Balance,Sin dato,Suspension Single Leg Standing Bent Knee Cuban Press,Empuje,2,movilidad_estabilidad
Intermedio,Peso libre,Movilidad / estabilidad,Calentamiento,Shoulders,Vertical Push,Balance,Sin dato,Double Kettlebell Single Leg Standing Bent Knee Overhead Press,Empuje,4,movilidad_estabilidad
Intermedio,Peso libre,Condicion fisica / potencia,Tecnica,Glutes,Hip Hinge,Ballistics,https://youtu.be/VfKFRnS5FDY,Single Arm Kettlebell Dead Snatch,Pierna,8,potencia_funcional
Intermedio,Peso libre,Condicion fisica / potencia,Tecnica,Glutes,Hip Hinge,Ballistics,https://youtu.be/z0tHucwkYgM?si=VThu2f_wRIcFlNP3,Alternating Single Arm Kettlebell Dead Snatch,Pierna,8,potencia_funcional
Intermedio,Peso libre,Condicion fisica / potencia,Tecnica,Glutes,Hip Hinge,Ballistics,https://youtu.be/t8Z9LTj5b6Y,Double Kettlebell Dead Half Snatch,Pierna,8,potencia_funcional
Avanzado,Accesorios funcionales,Fuerza / hipertrofia,Principal avanzado,Quadriceps,Knee Dominant,Bodybuilding,Sin dato,Slider Barbell Overhead Reverse Lunge,Pierna,2,fuerza_hipertrofia
Intermedio,Peso libre,Movilidad / estabilidad,Calentamiento,Shoulders,Vertical Push,Balance,Sin dato,Single Arm Kettlebell Single Leg Standing Bent Knee Contralateral Overhead Press,Empuje,4,movilidad_estabilidad
Intermedio,Calistenia / barras,Movilidad / estabilidad,Calentamiento,Biceps,Elbow Flexion,Balance,Sin dato,Suspension Single Leg Standing Bent Knee Bicep Curl,Jalón,-1,movilidad_estabilidad
Principiante,Peso libre,Core / estabilidad,Principal,Abdominals,Spinal Flexion,Sin clasificar,Sin dato,Double Kettlebell Otis Up,Core,1,core_estabilidad
Principiante,Peso libre,Core / estabilidad,Principal,Abdominals,Spinal Flexion,Sin clasificar,Sin dato,Single Arm Kettlebell Otis Up,Core,1,core_estabilidad
Principiante,Peso libre,Core / estabilidad,Principal,Abdominals,Spinal Flexion,Sin clasificar,Sin dato,Kettlebell Horn Grip Otis Up,Core,1,core_estabilidad
Intermedio,Peso libre,Core / estabilidad,Principal,Abdominals,Spinal Flexion,Sin clasificar,Sin dato,Double Kettlebell Bottoms Up Otis Up,Core,1,core_estabilidad
Intermedio,Peso libre,Core / estabilidad,Principal,Abdominals,Spinal Flexion,Sin clasificar,Sin dato,Single Arm Kettlebell Bottoms Up Otis Up,Core,1,core_estabilidad
Principiante,Peso libre,Fuerza / hipertrofia,Principal,Hamstrings,Hip Hinge,Bodybuilding,https://youtu.be/RFuCfiMfJ1w,Double Dumbbell Staggered Stance Romanian Deadlift,Cadera,2,fuerza_hipertrofia
Intermedio,Peso libre,Fuerza / hipertrofia,Principal,Hamstrings,Hip Hinge,Bodybuilding,https://youtu.be/UDKuhQqMIBs,Barbell Staggered Stance Romanian Deadlift,Cadera,2,fuerza_hipertrofia
Intermedio,Peso libre,Core / estabilidad,Principal,Abdominals,Spinal Flexion,Sin clasificar,Sin dato,Single Arm Kettlebell Bottoms Up Turkish Sit Up,Core,1,core_estabilidad
Avanzado,Calistenia / barras,Core / estabilidad,Principal avanzado,Abdominals,Spinal Flexion,Calisthenics,https://youtu.be/SxLuhaSaPM4,Ring Hanging Knees to Elbows,Core,3,core_estabilidad
Intermedio,Peso libre,Movilidad / estabilidad,Calentamiento,Shoulders,Rotational,Mobility,Sin dato,Single Arm Plate Teacup,Empuje,4,movilidad_estabilidad
Intermedio,Peso libre,Core / estabilidad,Principal,Abdominals,Spinal Flexion,Sin clasificar,Sin dato,Double Kettlebell Bottoms Up Turkish Sit Up,Core,1,core_estabilidad
Intermedio,Otro equipo,Fuerza / hipertrofia,Principal,Hamstrings,Knee Dominant,Sin clasificar,https://youtu.be/4u74sLMSObs,Superband Assisted Nordic Hamstring Curl,Pierna,0,fuerza_hipertrofia
Intermedio,Peso libre,Core / estabilidad,Principal,Abdominals,Spinal Flexion,Bodybuilding,Sin dato,Double Kettlebell Bottoms Up Turkish Sit Up to Z Press,Core,0,core_estabilidad
Intermedio,Sin equipo,Movilidad / estabilidad,Calentamiento,Glutes,Hip Extension,Mobility,https://youtu.be/UZLEwSROzyQ?si=Pk3NabO_4gvYWivn,Bodyweight Alternating Shin Box Hip Extension,Pierna,2,movilidad_estabilidad
Intermedio,Peso libre,Core / estabilidad,Principal,Abdominals,Spinal Flexion,Bodybuilding,https://youtu.be/FOdI5tm_JZs?si=-JnXwtZzA1jDzCcB,Single Arm Kettlebell Turkish Sit Up to Z Press,Core,0,core_estabilidad
Intermedio,Peso libre,Core / estabilidad,Principal,Abdominals,Spinal Flexion,Bodybuilding,Sin dato,Single Arm Kettlebell Bottoms Up Turkish Sit Up to Z Press,Core,0,core_estabilidad
Intermedio,Calistenia / barras,Fuerza / hipertrofia,Principal,Biceps,Vertical Pull,Calisthenics,https://youtu.be/rJiYA9jn3YI,Ring Chin Up,Jalón,5,fuerza_hipertrofia
Principiante,Peso libre,Fuerza / hipertrofia,Principal,Quadriceps,Rotational,Bodybuilding,https://youtu.be/jkbJFWzllH4,Single Arm Kettlebell Rotational Thruster,Pierna,2,fuerza_hipertrofia
Avanzado,Peso libre,Fuerza / hipertrofia,Principal avanzado,Quadriceps,Knee Dominant,Bodybuilding,Sin dato,Double Kettlebell Bottoms Up Front Rack Low Switch Cossack Squat,Pierna,2,fuerza_hipertrofia
Intermedio,Peso libre,Condicion fisica / potencia,Principal,Glutes,Hip Hinge,Sin clasificar,Sin dato,Double Kettlebell Bottoms Up Dead Clean,Pierna,5,potencia_funcional
Principiante,Peso libre,Condicion fisica / potencia,Principal,Forearms,Loaded Carry,Sin clasificar,https://youtu.be/mKfCI8ADAjQ?si=ZGUBS2ZPrlbJQKmA,Single Arm Dumbbell Suitcase Carry,Carga,5,potencia_funcional
Principiante,Peso libre,Fuerza / hipertrofia,Principal,Chest,Horizontal Push,Bodybuilding,https://youtu.be/CyHxva5XYYY,Double Dumbbell Glute Bridge Isometric Bench Press,Empuje,2,fuerza_hipertrofia
Intermedio,Peso libre,Condicion fisica / potencia,Principal,Shoulders,Vertical Push,Sin clasificar,Sin dato,Double Kettlebell Bottoms Up Dead Clean to Overhead Press,Empuje,5,potencia_funcional
Intermedio,Peso libre,Condicion fisica / potencia,Principal,Shoulders,Vertical Push,Sin clasificar,Sin dato,Double Kettlebell Bottoms Up Dead Clean to Thruster,Empuje,5,potencia_funcional
Principiante,Sin equipo,Fuerza / hipertrofia,Principal,Quadriceps,Knee Dominant,Bodybuilding,https://youtu.be/DgJtQJxYVTk,Bodyweight Foot Elevated Cossack Squat,Pierna,2,fuerza_hipertrofia
Avanzado,Peso libre,Fuerza / hipertrofia,Principal avanzado,Quadriceps,Knee Dominant,Bodybuilding,Sin dato,Barbell Overhead Foot Elevated Cossack Squat,Pierna,2,fuerza_hipertrofia
Avanzado,Otro equipo,Movilidad / estabilidad,Calentamiento,Abdominals,Rotational,Balance,Sin dato,Landmine Isometric Split Squat Oblique Twist,Core,4,movilidad_estabilidad
Avanzado,Peso libre,Fuerza / hipertrofia,Principal avanzado,Quadriceps,Knee Dominant,Bodybuilding,Sin dato,Barbell Back Rack Foot Elevated Cossack Squat,Pierna,2,fuerza_hipertrofia
Avanzado,Peso libre,Fuerza / hipertrofia,Principal avanzado,Quadriceps,Knee Dominant,Bodybuilding,Sin dato,Barbell Front Rack Foot Elevated Cossack Squat,Pierna,2,fuerza_hipertrofia
Intermedio,Peso libre,Fuerza / hipertrofia,Principal,Back,Horizontal Pull,Calisthenics,https://youtu.be/6AptmglPQ30,Barbell Feet Elevated Inverted Row,Jalón,5,fuerza_hipertrofia
Avanzado,Peso libre,Fuerza / hipertrofia,Principal avanzado,Quadriceps,Knee Dominant,Bodybuilding,Sin dato,Barbell Overhead Low Switch Cossack Squat,Pierna,2,fuerza_hipertrofia
Avanzado,Peso libre,Core / estabilidad,Principal avanzado,Abdominals,Rotational,Grinds,https://youtu.be/t9S2E15cyTg?si=pUmpNP-D71uC7XAL,Double Kettlebell Windmill,Core,3,core_estabilidad
Avanzado,Peso libre,Movilidad / estabilidad,Principal avanzado,Abdominals,Isometric Hold,Sin clasificar,https://youtu.be/8i1-ngFRLLs,Double Kettlebell Dragon Flag,Core,-4,movilidad_estabilidad
Intermedio,Peso libre,Fuerza / hipertrofia,Principal,Shoulders,Vertical Push,Sin clasificar,https://youtu.be/dnLBRh6bQJQ,Barbell Staggered Stance Overhead Press,Empuje,3,fuerza_hipertrofia
Avanzado,Peso libre,Condicion fisica / potencia,Principal avanzado,Shoulders,Vertical Push,Sin clasificar,Sin dato,Double Kettlebell Front Rack 90/90 Hip Shift to Alternating Overhead Press,Empuje,5,potencia_funcional
Principiante,Peso libre,Movilidad / estabilidad,Calentamiento,Abdominals,Anti-Extension,Postural,https://youtu.be/pXcG0IH2Nkg,Kettlebell Dead Bug,Core,1,movilidad_estabilidad
Avanzado,Otro equipo,Movilidad / estabilidad,Calentamiento,Abdominals,Rotational,Balance,Sin dato,Battle Rope Isometric Split Squat Alternating Side Slam,Core,4,movilidad_estabilidad
Principiante,Otro equipo,Condicion fisica / potencia,Principal,Adductors,Hip Adduction,Sin clasificar,https://youtu.be/O2fzFpGvDWI,Superband Standing Hip Adduction,General,3,potencia_funcional
Principiante,Otro equipo,Condicion fisica / potencia,Principal,Adductors,Hip Adduction,Sin clasificar,https://youtu.be/9Ryl38GZHiI,Superband Lateral Step Hip Adduction,General,3,potencia_funcional
Intermedio,Peso libre,Fuerza / hipertrofia,Principal,Quadriceps,Knee Dominant,Bodybuilding,Sin dato,Double Kettlebell Bottoms Up Front Rack Walking Lunge,Pierna,2,fuerza_hipertrofia
Intermedio,Peso libre,Condicion fisica / potencia,Tecnica,Quadriceps,Knee Dominant,Ballistics,https://youtu.be/Xo9kEM4A6ao?si=RzutoHlEo0zoz1LZ,Kettlebell Dead Clean to Horn Grip Squat,Pierna,8,potencia_funcional
Intermedio,Peso libre,Movilidad / estabilidad,Calentamiento,Hip Flexors,Locomotion,Balance,https://youtu.be/mLc2zI4rkMQ?si=bYMHmbsvqyX3__ZV,Double Kettlebell Bottoms Up Front Rack March,Core,4,movilidad_estabilidad
Intermedio,Peso libre,Movilidad / estabilidad,Calentamiento,Hip Flexors,Locomotion,Balance,Sin dato,Double Kettlebell Bottoms Up Overhead March,Core,4,movilidad_estabilidad
Principiante,Calistenia / barras,Fuerza / hipertrofia,Principal,Quadriceps,Knee Dominant,Bodybuilding,https://youtu.be/ThQT_AIqcNU?si=Y06NKpeBBOkHRplH,Suspension Alternating Cossack Squat,Pierna,2,fuerza_hipertrofia
Intermedio,Otro equipo,Movilidad / estabilidad,Calentamiento,Biceps,Sin clasificar,Balance,https://youtu.be/ynczWiOjUqE?si=TWU55ZzVAfcrcb5B,Battle Rope Single Leg Standing Alternating Wave,Jalón,2,movilidad_estabilidad
Principiante,Otro equipo,Fuerza / hipertrofia,Principal,Triceps,Vertical Push,Calisthenics,https://youtu.be/QjzY6vf495U?si=dG_1Ixlx0Man-AIC,Superband Assisted Dips,Empuje,5,fuerza_hipertrofia
Avanzado,Otro equipo,Movilidad / estabilidad,Calentamiento,Biceps,Sin clasificar,Balance,Sin dato,Battle Rope Isometric Split Squat Alternating Wave,Jalón,2,movilidad_estabilidad
Intermedio,Peso libre,Condicion fisica / potencia,Tecnica,Back,Horizontal Pull,Ballistics,https://youtu.be/ey7YgyPONOk,Alternating Single Arm Kettlebell Ballistic Row,Jalón,8,potencia_funcional
Intermedio,Peso libre,Fuerza / hipertrofia,Principal,Shoulders,Vertical Push,Sin clasificar,https://youtu.be/Pt-6EI8mcEU?si=Lxresx17SBitLvtO,Double Kettlebell Bottoms Up Overhead Press,Empuje,3,fuerza_hipertrofia
Principiante,Calistenia / barras,Fuerza / hipertrofia,Principal,Quadriceps,Knee Dominant,Bodybuilding,https://youtu.be/sng5EOSZSSo,Suspension Split Squat,Pierna,2,fuerza_hipertrofia
Avanzado,Peso libre,Condicion fisica / potencia,Tecnica,Glutes,Hip Hinge,Ballistics,https://youtu.be/dLyfCN_7JHw,Single Arm Kettlebell Tactical Clean,Pierna,8,potencia_funcional
Principiante,Calistenia / barras,Fuerza / hipertrofia,Principal,Quadriceps,Knee Dominant,Bodybuilding,https://youtu.be/dzbJzUQjDYA?feature=shared,Suspension Cyclist Squat,Pierna,2,fuerza_hipertrofia
Intermedio,Peso libre,Condicion fisica / potencia,Tecnica,Shoulders,Rotational,Ballistics,https://youtu.be/WMog8YuuVaM?si=WsH2sh1FFH3SBamT,Macebell 360,Empuje,8,potencia_funcional
Intermedio,Calistenia / barras,Movilidad / estabilidad,Calentamiento,Quadriceps,Knee Dominant,Balance,https://youtu.be/8pe73RwDAzY?si=ASSfIEGoxhWjeAi_,Single Arm Suspension Contralateral Skater Squat,Pierna,4,movilidad_estabilidad
Intermedio,Peso libre,Condicion fisica / potencia,Tecnica,Shoulders,Rotational,Ballistics,https://youtu.be/ITUpuwk3odY?si=KGOrc3k9Flt-oF1v,Single Arm Macebell 360,Empuje,8,potencia_funcional
Intermedio,Peso libre,Fuerza / hipertrofia,Principal,Quadriceps,Rotational,Bodybuilding,Sin dato,Double Kettlebell Front Rack Pivot Split Squat,Pierna,2,fuerza_hipertrofia
Avanzado,Peso libre,Fuerza / hipertrofia,Principal avanzado,Quadriceps,Rotational,Bodybuilding,Sin dato,Double Kettlebell Bottoms Up Front Rack Pivot Split Squat,Pierna,2,fuerza_hipertrofia
Avanzado,Peso libre,Fuerza / hipertrofia,Principal avanzado,Quadriceps,Rotational,Bodybuilding,Sin dato,Double Kettlebell Bottoms Up Overhead Pivot Split Squat,Pierna,2,fuerza_hipertrofia
Principiante,Sin equipo,Fuerza / hipertrofia,Principal,Quadriceps,Knee Dominant,Bodybuilding,https://youtu.be/BAlXJ5lLMAA?si=H1cfMWF52YWOMraL,Bodyweight Cyclist Squat,Pierna,2,fuerza_hipertrofia
Intermedio,Peso libre,Condicion fisica / potencia,Tecnica,Abdominals,Rotational,Ballistics,https://youtu.be/_ChDukjxUag,Kettlebell Half Kneeling Rotational Swing,Core,8,potencia_funcional
Intermedio,Peso libre,Condicion fisica / potencia,Tecnica,Shoulders,Hip Hinge,Ballistics,https://youtu.be/_A6K7V6FHSM?si=uMrzYlHgGYbenNf1,Double Kettlebell Clean to Push Jerk,Cadera,8,potencia_funcional
Intermedio,Peso libre,Condicion fisica / potencia,Tecnica,Shoulders,Hip Hinge,Ballistics,Sin dato,Alternating Single Arm Kettlebell Clean to Push Jerk,Cadera,8,potencia_funcional
Avanzado,Peso libre,Movilidad / estabilidad,Calentamiento,Abdominals,Rotational,Balance,https://youtu.be/ECAIMMQDUC4?si=WgJIciK_Kd14WYVj,Kettlebell Isometric Split Squat Low to High Chop,Core,4,movilidad_estabilidad
Avanzado,Peso libre,Movilidad / estabilidad,Calentamiento,Shoulders,Rotational,Balance,Sin dato,Kettlebell Isometric Split Squat Alternating Halo,Empuje,4,movilidad_estabilidad
Principiante,Peso libre,Movilidad / estabilidad,Calentamiento,Hip Flexors,Locomotion,Balance,https://youtu.be/aAbVFCqY4Ac,Double Kettlebell Front Rack March,Core,4,movilidad_estabilidad
Principiante,Peso libre,Movilidad / estabilidad,Calentamiento,Hip Flexors,Locomotion,Balance,https://youtu.be/i-q8SKGy--Q,Double Kettlebell Suitcase March,Core,4,movilidad_estabilidad
Avanzado,Peso libre,Condicion fisica / potencia,Tecnica,Shoulders,Rotational,Ballistics,https://youtu.be/KpDxyxOCjCE,Single Arm Kettlebell Rotational Half Snatch,Empuje,8,potencia_funcional
Intermedio,Peso libre,Condicion fisica / potencia,Tecnica,Quadriceps,Hip Hinge,Ballistics,Sin dato,Double Kettlebell Dead Clean to Front Rack Squat,Pierna,8,potencia_funcional
Avanzado,Peso libre,Movilidad / estabilidad,Calentamiento,Glutes,Hip Extension,Mobility,Sin dato,Double Kettlebell Front Rack Alternating Shin Box Hip Extension,Pierna,2,movilidad_estabilidad
Avanzado,Peso libre,Movilidad / estabilidad,Calentamiento,Glutes,Hip Extension,Mobility,Sin dato,Double Kettlebell Overhead Alternating Shin Box Hip Extension,Pierna,2,movilidad_estabilidad
Avanzado,Peso libre,Core / estabilidad,Principal avanzado,Abdominals,Rotational,Grinds,Sin dato,Double Kettlebell Bottoms Up Turkish Get Up,Core,3,core_estabilidad
Avanzado,Accesorios funcionales,Fuerza / hipertrofia,Principal avanzado,Hamstrings,Knee Dominant,Bodybuilding,https://youtu.be/MBoaZQwukmw?si=uMFzO0l7TuqVArPp,Slider Single Leg Hamstring Curl,Pierna,-1,fuerza_hipertrofia
Intermedio,Peso libre,Core / estabilidad,Principal,Abdominals,Rotational,Sin clasificar,https://youtu.be/4SXAEL7ZdSk?feature=shared,Kettlebell Staggered Stance Rotational Swing,Core,3,core_estabilidad
Principiante,Calistenia / barras,Fuerza / hipertrofia,Principal,Quadriceps,Knee Dominant,Bodybuilding,Sin dato,Single Arm Suspension Cyclist Squat,Pierna,2,fuerza_hipertrofia
Intermedio,Peso libre,Fuerza / hipertrofia,Principal,Quadriceps,Knee Dominant,Bodybuilding,Sin dato,Single Arm Kettlebell Suitcase Alternating Curtsy Lunge Pass Through,Pierna,2,fuerza_hipertrofia
Intermedio,Peso libre,Fuerza / hipertrofia,Principal,Quadriceps,Hip Dominant,Powerlifting,https://youtu.be/nknf16JJTZo?si=h2lVyRQ8npFOB0v4,Barbell Low Bar Pause Back Squat,Pierna,1,fuerza_hipertrofia
Intermedio,Peso libre,Fuerza / hipertrofia,Tecnica,Quadriceps,Knee Dominant,Olympic Weightlifting,https://youtu.be/mN5Z5GH7ofM?si=5wK63ZJAw0Zc5Wti,Barbell Front Rack Pause Squat,Pierna,3,fuerza_hipertrofia
Intermedio,Peso libre,Fuerza / hipertrofia,Principal,Quadriceps,Knee Dominant,Sin clasificar,Sin dato,Barbell High Bar Pause Back Squat,Pierna,3,fuerza_hipertrofia
Intermedio,Peso libre,Fuerza / hipertrofia,Principal,Quadriceps,Knee Dominant,Sin clasificar,Sin dato,Barbell Overhead Pause Squat,Pierna,3,fuerza_hipertrofia
Intermedio,Peso libre,Fuerza / hipertrofia,Principal,Quadriceps,Knee Dominant,Bodybuilding,https://youtu.be/yXwmVzRHPPw?si=K_LXsBOKmt9dza3B,Single Arm Kettlebell Suitcase Walking Lunge Pass Through,Pierna,2,fuerza_hipertrofia
Avanzado,Calistenia / barras,Core / estabilidad,Principal avanzado,Abdominals,Spinal Flexion,Calisthenics,Sin dato,Ring Hanging Knees to Wrists,Core,3,core_estabilidad
Principiante,Accesorios funcionales,Fuerza / hipertrofia,Principal,Quadriceps,Knee Dominant,Bodybuilding,Sin dato,Slider Suspension Lateral Lunge,Pierna,2,fuerza_hipertrofia
Intermedio,Peso libre,Condicion fisica / potencia,Tecnica,Shoulders,Rotational,Ballistics,https://youtu.be/6FjCQJRBNlo?si=RBXNRNqOkwVOMCGq,Macebell 10 to 2,Empuje,8,potencia_funcional
Principiante,Peso libre,Fuerza / hipertrofia,Principal,Quadriceps,Knee Dominant,Bodybuilding,https://youtu.be/2WxpkosHXLg?si=kPBJD_6N8w568qJ-,Dumbbell Goblet Cyclist Squat,Pierna,2,fuerza_hipertrofia
Intermedio,Accesorios funcionales,Fuerza / hipertrofia,Principal,Quadriceps,Knee Dominant,Bodybuilding,Sin dato,Slider Barbell Front Rack Lateral Lunge,Pierna,2,fuerza_hipertrofia
Intermedio,Accesorios funcionales,Fuerza / hipertrofia,Principal,Quadriceps,Knee Dominant,Bodybuilding,Sin dato,Slider Barbell Back Rack Lateral Lunge,Pierna,2,fuerza_hipertrofia
Avanzado,Peso libre,Fuerza / hipertrofia,Principal avanzado,Quadriceps,Knee Dominant,Bodybuilding,https://youtu.be/ulzoZOHicyU?si=OfrqYrKBRnV6RCrc,Barbell Overhead Alternating Cossack Squat,Pierna,2,fuerza_hipertrofia
Avanzado,Peso libre,Fuerza / hipertrofia,Principal avanzado,Quadriceps,Knee Dominant,Bodybuilding,https://youtu.be/eqaz6nCxF8k?si=OEXiCUefeX011B_I,Barbell Overhead Alternating Reverse Lunge,Pierna,2,fuerza_hipertrofia
Intermedio,Peso libre,Movilidad / estabilidad,Calentamiento,Biceps,Sin clasificar,Balance,Sin dato,Macebell Single Leg Standing Bent Knee Ballistic Curl,Jalón,-1,movilidad_estabilidad
Principiante,Peso libre,Condicion fisica / potencia,Principal,Forearms,Loaded Carry,Sin clasificar,https://youtu.be/kaQWccrfY40,Double Kettlebell Suitcase Carry,Carga,5,potencia_funcional
Principiante,Peso libre,Condicion fisica / potencia,Principal,Forearms,Loaded Carry,Sin clasificar,https://youtu.be/HNgMpdUEpgw,Single Arm Kettlebell Suitcase Carry,Carga,5,potencia_funcional
Intermedio,Peso libre,Fuerza / hipertrofia,Principal,Quadriceps,Knee Dominant,Bodybuilding,https://youtu.be/hTNWWqL9oc8?si=cTXB5vGf2EIHhx3r,Double Kettlebell Bottoms Up Front Rack Cossack Squat,Pierna,2,fuerza_hipertrofia
Intermedio,Peso libre,Movilidad / estabilidad,Calentamiento,Abdominals,Anti-Extension,Sin clasificar,https://youtu.be/WQyNCzqNqso,Alternating Single Arm Kettlebell Knee Hover Quadruped Pull Through,Core,1,movilidad_estabilidad
Intermedio,Peso libre,Condicion fisica / potencia,Tecnica,Shoulders,Horizontal Pull,Ballistics,https://youtu.be/mP1BHxBeAEM,Single Arm Kettlebell High Pull,Empuje,8,potencia_funcional
Intermedio,Otro equipo,Movilidad / estabilidad,Calentamiento,Shoulders,Shoulder External Rotation,Mobility,https://youtu.be/52D7xnpFFGY?si=UBcZ3G1BNtRbk97O,Double Indian Club Outer Heart Shaped Swing,Empuje,2,movilidad_estabilidad
Intermedio,Peso libre,Fuerza / hipertrofia,Principal,Quadriceps,Knee Dominant,Bodybuilding,Sin dato,Alternating Single Arm Kettlebell Thruster,Pierna,2,fuerza_hipertrofia
Principiante,Peso libre,Fuerza / hipertrofia,Principal,Quadriceps,Knee Dominant,Bodybuilding,Sin dato,Double Kettlebell Suitcase Knee Over Toe Split Squat,Pierna,2,fuerza_hipertrofia
Intermedio,Peso libre,Fuerza / hipertrofia,Principal,Back,Knee Dominant,Bodybuilding,Sin dato,Double Kettlebell Sumo Deadlift to Push Up,Pierna,2,fuerza_hipertrofia
Intermedio,Peso libre,Condicion fisica / potencia,Principal,Shoulders,Hip Hinge,Sin clasificar,Sin dato,Alternating Single Arm Kettlebell Clean to Thruster,Cadera,5,potencia_funcional
Principiante,Calistenia / barras,Fuerza / hipertrofia,Principal,Quadriceps,Knee Dominant,Bodybuilding,https://youtu.be/jNjDO9lEenw?si=Ci4DITj3193GY1tI,Suspension Alternating Curtsy Lunge,Pierna,2,fuerza_hipertrofia
Intermedio,Peso libre,Movilidad / estabilidad,Calentamiento,Abdominals,Knee Dominant,Balance,https://youtu.be/_uJQvQG57Y8,Single Arm Kettlebell Single Leg Balance Transfer,Pierna,4,movilidad_estabilidad
Intermedio,Peso libre,Fuerza / hipertrofia,Principal,Quadriceps,Knee Dominant,Bodybuilding,https://youtu.be/whSju0ip_78?si=emNV0JUVUhF8Qrf1,Barbell Front Rack Alternating Forward Lunge,Pierna,2,fuerza_hipertrofia
Intermedio,Peso libre,Fuerza / hipertrofia,Principal,Quadriceps,Knee Dominant,Bodybuilding,https://youtu.be/dpBy5qAG2Hs?si=x6xfYJbZr1Bols2r,Barbell Front Rack Alternating Reverse Lunge,Pierna,2,fuerza_hipertrofia
Avanzado,Peso libre,Fuerza / hipertrofia,Principal avanzado,Quadriceps,Knee Dominant,Bodybuilding,https://youtu.be/9eDpB8LJLgQ?si=CKsCerZuXFHay_Dr,Barbell Overhead Alternating Forward Lunge,Pierna,2,fuerza_hipertrofia
Intermedio,Peso libre,Condicion fisica / potencia,Tecnica,Shoulders,Rotational,Ballistics,Sin dato,Macebell Alternating 360,Empuje,8,potencia_funcional
Intermedio,Peso libre,Condicion fisica / potencia,Tecnica,Shoulders,Rotational,Ballistics,Sin dato,Clubbell Shield Cast,Empuje,8,potencia_funcional
Intermedio,Peso libre,Condicion fisica / potencia,Tecnica,Shoulders,Rotational,Ballistics,https://youtu.be/W2slZ8Mmyvs?si=CDhf0Oi-nPW136Jx,Single Arm Clubbell Shield Cast,Empuje,8,potencia_funcional
Principiante,Peso libre,Fuerza / hipertrofia,Principal,Quadriceps,Knee Dominant,Sin clasificar,https://youtu.be/Gj3ancpDFKU?si=TKfk3RmqTwztmb1j,Macebell Barbarian Squat,Pierna,3,fuerza_hipertrofia
Intermedio,Peso libre,Fuerza / hipertrofia,Principal,Quadriceps,Knee Dominant,Sin clasificar,Sin dato,Single Arm Macebell Barbarian Squat,Pierna,3,fuerza_hipertrofia
Intermedio,Peso libre,Condicion fisica / potencia,Tecnica,Shoulders,Rotational,Ballistics,https://youtu.be/L1pxDgvsT9s?si=ajAmx9ThwNQY_hj2,Alternating Double Clubbell Shield Cast,Empuje,8,potencia_funcional
Intermedio,Peso libre,Fuerza / hipertrofia,Principal,Shoulders,Sin clasificar,Sin clasificar,Sin dato,Double Clubbell Side Shoulder Cast,Empuje,1,fuerza_hipertrofia
Avanzado,Peso libre,Movilidad / estabilidad,Calentamiento,Abdominals,Rotational,Balance,Sin dato,Macebell Isometric Split Squat Low to High Chop,Core,4,movilidad_estabilidad
Intermedio,Peso libre,Fuerza / hipertrofia,Principal,Shoulders,Shoulder Abduction,Sin clasificar,Sin dato,Double Clubbell Side Shoulder Cast to Side Flag Press,Empuje,1,fuerza_hipertrofia
Intermedio,Peso libre,Condicion fisica / potencia,Tecnica,Shoulders,Rotational,Ballistics,https://youtu.be/uIqkGCpjsx8?si=_GzAaZAVU4-bAgla,Clubbell Mill,Empuje,8,potencia_funcional
Intermedio,Peso libre,Condicion fisica / potencia,Tecnica,Shoulders,Rotational,Ballistics,Sin dato,Clubbell Half Kneeling Shield Cast,Empuje,8,potencia_funcional
Intermedio,Peso libre,Fuerza / hipertrofia,Principal,Shoulders,Sin clasificar,Sin clasificar,https://youtu.be/ekVV4qI2q9A?si=E3yTJpSwWDur0p82,Double Clubbell Iron Cross,Empuje,1,fuerza_hipertrofia
Intermedio,Peso libre,Fuerza / hipertrofia,Principal,Shoulders,Sin clasificar,Sin clasificar,Sin dato,Double Clubbell Half Kneeling Iron Cross,Empuje,1,fuerza_hipertrofia
Intermedio,Peso libre,Fuerza / hipertrofia,Principal,Shoulders,Rotational,Sin clasificar,Sin dato,Clubbell Gamma Cast,Empuje,3,fuerza_hipertrofia
Intermedio,Peso libre,Fuerza / hipertrofia,Principal,Shoulders,Rotational,Sin clasificar,Sin dato,Clubbell Half Kneeling Gamma Cast,Empuje,3,fuerza_hipertrofia
Intermedio,Peso libre,Fuerza / hipertrofia,Principal,Shoulders,Shoulder Abduction,Sin clasificar,https://youtu.be/_bnWJymK0tU?si=vYh91PF76xgOyPll,Double Clubbell Side Flag Press,Empuje,1,fuerza_hipertrofia
Principiante,Peso libre,Fuerza / hipertrofia,Principal,Quadriceps,Knee Dominant,Bodybuilding,Sin dato,Single Arm Kettlebell Suitcase Foot Elevated Contralateral Knee Over Toe Split Squat,Pierna,2,fuerza_hipertrofia
Principiante,Peso libre,Fuerza / hipertrofia,Principal,Quadriceps,Knee Dominant,Bodybuilding,https://youtu.be/eGYP6B7LKtY?si=OkQLiBCrooH2qA67,Single Arm Kettlebell Suitcase Contralateral Knee Over Toe Split Squat,Pierna,2,fuerza_hipertrofia
Intermedio,Otro equipo,Movilidad / estabilidad,Calentamiento,Shoulders,Sin clasificar,Mobility,https://youtu.be/If9fXNTF4wI?si=Lk9xqqbULe2D5Xbs,Double Indian Club Inner Heart Shaped Swing,Empuje,2,movilidad_estabilidad
Intermedio,Otro equipo,Movilidad / estabilidad,Calentamiento,Shoulders,Sin clasificar,Mobility,https://youtu.be/M_uslqzI28g?si=0zmBqTp2C8IMe5gJ,Alternating Double Indian Club Inner Heart Shaped Swing,Empuje,2,movilidad_estabilidad
Intermedio,Peso libre,Fuerza / hipertrofia,Principal,Shoulders,Shoulder Abduction,Sin clasificar,Sin dato,Alternating Double Clubbell Side Flag Press,Empuje,1,fuerza_hipertrofia
Intermedio,Peso libre,Fuerza / hipertrofia,Principal,Shoulders,Shoulder Abduction,Sin clasificar,https://youtu.be/uuLZZUozsdM?si=IcPMq75KQuzVIQM5,Single Arm Clubbell Side Flag Press,Empuje,1,fuerza_hipertrofia
Intermedio,Peso libre,Condicion fisica / potencia,Tecnica,Abdominals,Rotational,Ballistics,https://youtu.be/n8S_z0p25jA?si=fak8MwjeEUMtDoZ2,Single Arm Clubbell Inside Circle,Core,8,potencia_funcional
Intermedio,Peso libre,Condicion fisica / potencia,Tecnica,Abdominals,Rotational,Ballistics,Sin dato,Alternating Double Clubbell Inside Circle,Core,8,potencia_funcional
Intermedio,Peso libre,Fuerza / hipertrofia,Principal,Shoulders,Sin clasificar,Sin clasificar,Sin dato,Single Arm Clubbell Side Shoulder Cast,Empuje,1,fuerza_hipertrofia
Principiante,Peso libre,Fuerza / hipertrofia,Principal,Forearms,Elbow Flexion,Bodybuilding,https://youtu.be/TUX58GM5fRQ?si=D4ei3VOcTd3GzGQn,Barbell Reverse Grip Bicep Curl,General,-3,fuerza_hipertrofia
Intermedio,Peso libre,Condicion fisica / potencia,Tecnica,Shoulders,Rotational,Ballistics,https://youtu.be/sdICKS1Hsl8?si=TQcKHRoyYYB_DXgZ,Single Arm Clubbell Reverse Mill,Empuje,8,potencia_funcional
Intermedio,Peso libre,Fuerza / hipertrofia,Principal,Quadriceps,Knee Dominant,Sin clasificar,Sin dato,Clubbell Clean to Barbarian Squat,Pierna,3,fuerza_hipertrofia
Intermedio,Peso libre,Fuerza / hipertrofia,Principal,Shoulders,Rotational,Sin clasificar,Sin dato,Clubbell Tall Kneeling Gamma Cast,Empuje,3,fuerza_hipertrofia
Intermedio,Peso libre,Condicion fisica / potencia,Tecnica,Abdominals,Rotational,Ballistics,Sin dato,Clubbell Inside Circle,Core,8,potencia_funcional
Intermedio,Peso libre,Condicion fisica / potencia,Tecnica,Shoulders,Rotational,Ballistics,Sin dato,Clubbell Tall Kneeling Shield Cast,Empuje,8,potencia_funcional
Avanzado,Peso libre,Movilidad / estabilidad,Calentamiento,Shoulders,Rotational,Balance,Sin dato,Clubbell Isometric Split Squat Shield Cast,Empuje,4,movilidad_estabilidad
Avanzado,Peso libre,Movilidad / estabilidad,Calentamiento,Shoulders,Rotational,Balance,Sin dato,Clubbell Single Leg Standing Bent Knee Shield Cast,Empuje,4,movilidad_estabilidad
Intermedio,Peso libre,Condicion fisica / potencia,Tecnica,Shoulders,Rotational,Ballistics,Sin dato,Single Arm Clubbell Tall Kneeling Shield Cast,Empuje,8,potencia_funcional
Intermedio,Peso libre,Condicion fisica / potencia,Tecnica,Shoulders,Rotational,Ballistics,https://youtu.be/JL7-80LGmmU?si=wgcrQiv7L3ETryrv,Single Arm Clubbell Mill,Empuje,8,potencia_funcional
Avanzado,Peso libre,Movilidad / estabilidad,Calentamiento,Shoulders,Sin clasificar,Balance,Sin dato,Double Clubbell Isometric Split Squat Iron Cross,Empuje,2,movilidad_estabilidad
Avanzado,Peso libre,Fuerza / hipertrofia,Principal avanzado,Shoulders,Sin clasificar,Sin clasificar,Sin dato,Double Clubbell Single Leg Standing Bent Knee Iron Cross,Empuje,1,fuerza_hipertrofia
Principiante,Peso libre,Fuerza / hipertrofia,Principal,Back,Hip Hinge,Bodybuilding,https://youtu.be/aXwilZfmDyo,Double Kettlebell Suitcase Deadlift,Cadera,2,fuerza_hipertrofia
Intermedio,Peso libre,Condicion fisica / potencia,Tecnica,Glutes,Hip Hinge,Ballistics,https://youtu.be/iPSx3HFBDJQ?si=yE7krt1ftsmuaend,Double Kettlebell Bottoms Up Clean,Pierna,8,potencia_funcional
Intermedio,Peso libre,Condicion fisica / potencia,Tecnica,Shoulders,Rotational,Ballistics,https://youtu.be/vwRppLKenzw?si=lWbUFOXUJgHzwIVl,Double Clubbell Mill,Empuje,8,potencia_funcional
Intermedio,Peso libre,Condicion fisica / potencia,Tecnica,Shoulders,Rotational,Ballistics,https://youtu.be/p8aWK-U6uVQ?si=uIoHZ9IRigICcYkI,Alternating Single Arm Clubbell Mill,Empuje,8,potencia_funcional
Avanzado,Peso libre,Movilidad / estabilidad,Calentamiento,Shoulders,Rotational,Balance,Sin dato,Clubbell Isometric Split Squat Gamma Cast,Empuje,4,movilidad_estabilidad
Avanzado,Peso libre,Fuerza / hipertrofia,Principal avanzado,Shoulders,Rotational,Sin clasificar,Sin dato,Clubbell Single Leg Standing Bent Knee Gamma Cast,Empuje,3,fuerza_hipertrofia
Intermedio,Peso libre,Condicion fisica / potencia,Tecnica,Shoulders,Rotational,Ballistics,https://youtu.be/dAeNDa33dCg?si=DOdJKyHWeDTnUFjC,Macebell Alternating 360 to Ballistic Curl,Empuje,5,potencia_funcional
Intermedio,Calistenia / barras,Fuerza / hipertrofia,Principal,Biceps,Vertical Pull,Calisthenics,https://youtu.be/8mryJ3w2S78?si=feHRqrceUl_6Xatw,Bar Chin Up,Jalón,5,fuerza_hipertrofia
Intermedio,Calistenia / barras,Fuerza / hipertrofia,Principal,Back,Vertical Pull,Calisthenics,https://youtu.be/HRV5YKKaeVw?si=2FwPXMnKZC4QXyAO,Bar Pull Up,Jalón,5,fuerza_hipertrofia
Intermedio,Peso libre,Condicion fisica / potencia,Tecnica,Abdominals,Rotational,Ballistics,Sin dato,Single Arm Clubbell Side Swing,Core,8,potencia_funcional
Intermedio,Peso libre,Condicion fisica / potencia,Tecnica,Abdominals,Rotational,Ballistics,https://youtu.be/9JrqgpJfxFs?si=ltubZdnwDPFzi-8r,Single Arm Clubbell Inside Pendulum,Core,8,potencia_funcional
Intermedio,Peso libre,Condicion fisica / potencia,Tecnica,Glutes,Hip Hinge,Ballistics,https://youtu.be/IABFtVxvqdo?si=Krk5vT1xDU9YcRb2,Double Clubbell Swipe,Pierna,8,potencia_funcional
Intermedio,Peso libre,Condicion fisica / potencia,Tecnica,Glutes,Hip Hinge,Ballistics,https://youtu.be/EZNev-kvl6A?si=GsKx6-ERsaOYXjDd,Single Arm Clubbell Swipe,Pierna,8,potencia_funcional
Intermedio,Peso libre,Condicion fisica / potencia,Tecnica,Abdominals,Rotational,Ballistics,Sin dato,Single Arm Clubbell Cross Body Swipe,Core,8,potencia_funcional
Intermedio,Calistenia / barras,Fuerza / hipertrofia,Principal,Back,Vertical Pull,Calisthenics,https://youtu.be/pE8PJsWEV7k?si=sXWG_h39gmTbgsNw,Bar Scapular Pull Up,Jalón,5,fuerza_hipertrofia
Avanzado,Peso libre,Condicion fisica / potencia,Tecnica,Shoulders,Rotational,Ballistics,Sin dato,Single Arm Clubbell Inside Circle to Shield Cast,Empuje,8,potencia_funcional
Principiante,Peso libre,Fuerza / hipertrofia,Principal,Quadriceps,Knee Dominant,Sin clasificar,https://youtu.be/SnRUNmL46So?si=LiGATOKJlrhb676E,Clubbell Barbarian Squat,Pierna,3,fuerza_hipertrofia
Intermedio,Peso libre,Condicion fisica / potencia,Tecnica,Abdominals,Rotational,Ballistics,Sin dato,Single Arm Clubbell Inside Circle to Outside Circle,Core,8,potencia_funcional
Intermedio,Peso libre,Condicion fisica / potencia,Tecnica,Abdominals,Rotational,Ballistics,Sin dato,Clubbell Inside Circle to Outside Circle,Core,8,potencia_funcional
Principiante,Peso libre,Fuerza / hipertrofia,Principal,Quadriceps,Knee Dominant,Sin clasificar,Sin dato,Double Clubbell Barbarian Squat,Pierna,3,fuerza_hipertrofia
Intermedio,Peso libre,Condicion fisica / potencia,Tecnica,Abdominals,Rotational,Ballistics,Sin dato,Single Arm Clubbell Side to Side Swing,Core,8,potencia_funcional
Avanzado,Peso libre,Condicion fisica / potencia,Tecnica,Abdominals,Rotational,Ballistics,Sin dato,Alternating Single Arm Clubbell Side to Side Swing,Core,8,potencia_funcional
Avanzado,Peso libre,Condicion fisica / potencia,Tecnica,Shoulders,Rotational,Ballistics,Sin dato,Clubbell Alternating Inside Pendulum to Gamma Cast,Empuje,8,potencia_funcional
Avanzado,Peso libre,Movilidad / estabilidad,Calentamiento,Shoulders,Rotational,Balance,Sin dato,Single Arm Clubbell Single Leg Standing Bent Knee Contralateral Shield Cast,Empuje,4,movilidad_estabilidad
Intermedio,Calistenia / barras,Fuerza / hipertrofia,Principal,Back,Rotational,Calisthenics,https://youtu.be/mqZDdpFh1gA?si=5Sz7M4RZJh4kpYFa,Bar Skin the Cat,Jalón,5,fuerza_hipertrofia
Intermedio,Peso libre,Fuerza / hipertrofia,Principal,Shoulders,Vertical Push,Bodybuilding,https://youtu.be/fyC2FBk2vho?si=9A4Unc4H-ndiHFMC,Single Arm Kettlebell Bottoms Up Tall Kneeling Overhead Press,Empuje,2,fuerza_hipertrofia
Intermedio,Peso libre,Fuerza / hipertrofia,Principal,Shoulders,Sin clasificar,Sin clasificar,Sin dato,Single Arm Clubbell Inside Circle to Front Flag Press,Empuje,1,fuerza_hipertrofia
Intermedio,Peso libre,Fuerza / hipertrofia,Principal,Quadriceps,Knee Dominant,Bodybuilding,Sin dato,Double Clubbell Order Bulgarian Split Squat,Pierna,2,fuerza_hipertrofia
Avanzado,Peso libre,Condicion fisica / potencia,Tecnica,Quadriceps,Knee Dominant,Olympic Weightlifting,https://youtu.be/DaKC_BEN5bk?si=-Q3RkXcSiRxscR4n,Barbell Hang Squat Clean,Pierna,5,potencia_funcional
Intermedio,Peso libre,Movilidad / estabilidad,Calentamiento,Abdominals,Anti-Extension,Sin clasificar,https://youtu.be/178a2eYjaow?si=5BIFyTIH_gQo8ef1,Alternating Single Arm Kettlebell Feet Elevated Plank Pull Through,Core,1,movilidad_estabilidad
Principiante,Otro equipo,Core / estabilidad,Principal,Hip Flexors,Hip Flexion,Sin clasificar,https://youtu.be/hcB3BdFBk9o?si=NCYoHHaTofHXzx2y,Miniband Supine Alternating Hip Flexion,Core,1,core_estabilidad
Intermedio,Peso libre,Fuerza / hipertrofia,Principal,Shoulders,Vertical Push,Bodybuilding,https://youtu.be/zlosFkTwleE?si=kPNf5P_AJZd7Sqrn,Double Kettlebell Bottoms Up Tall Kneeling Overhead Press,Empuje,2,fuerza_hipertrofia
Intermedio,Peso libre,Fuerza / hipertrofia,Principal,Shoulders,Vertical Push,Bodybuilding,Sin dato,Alternating Double Kettlebell Bottoms Up Tall Kneeling Overhead Press,Empuje,2,fuerza_hipertrofia
Intermedio,Peso libre,Fuerza / hipertrofia,Principal,Shoulders,Vertical Push,Bodybuilding,https://youtu.be/IoGfLT_8cPA?si=0w2tJHQG6XulCr7c,Double Kettlebell Bottoms Up Half Kneeling Overhead Press,Empuje,2,fuerza_hipertrofia
Intermedio,Peso libre,Fuerza / hipertrofia,Principal,Shoulders,Vertical Push,Bodybuilding,Sin dato,Alternating Double Kettlebell Bottoms Up Half Kneeling Overhead Press,Empuje,2,fuerza_hipertrofia
Principiante,Peso libre,Fuerza / hipertrofia,Principal,Quadriceps,Knee Dominant,Sin clasificar,Sin dato,Single Arm Clubbell Barbarian Squat,Pierna,3,fuerza_hipertrofia
Avanzado,Peso libre,Movilidad / estabilidad,Calentamiento,Shoulders,Rotational,Balance,Sin dato,Single Arm Clubbell Single Leg Standing Bent Knee Ipsilateral Shield Cast,Empuje,4,movilidad_estabilidad
Principiante,Peso libre,Fuerza / hipertrofia,Principal,Quadriceps,Knee Dominant,Bodybuilding,Sin dato,Clubbell Order Cyclist Squat,Pierna,2,fuerza_hipertrofia
Intermedio,Peso libre,Fuerza / hipertrofia,Principal,Quadriceps,Knee Dominant,Bodybuilding,Sin dato,Single Arm Clubbell Order Contralateral Bulgarian Split Squat,Pierna,2,fuerza_hipertrofia
Intermedio,Peso libre,Condicion fisica / potencia,Tecnica,Shoulders,Rotational,Ballistics,https://youtu.be/7DW72Ft1LEo?si=kejdZkBMg1CFxl99,Alternating Single Arm Macebell 10 to 2,Empuje,8,potencia_funcional
Intermedio,Peso libre,Fuerza / hipertrofia,Principal,Shoulders,Vertical Push,Bodybuilding,Sin dato,Double Kettlebell Bottoms Up Tall Kneeling Seesaw Overhead Press,Empuje,2,fuerza_hipertrofia
Intermedio,Peso libre,Fuerza / hipertrofia,Principal,Back,Rotational,Sin clasificar,Sin dato,Clubbell Inside Pendulum to Inside Pullover,Jalón,3,fuerza_hipertrofia
Principiante,Peso libre,Fuerza / hipertrofia,Principal,Quadriceps,Knee Dominant,Sin clasificar,Sin dato,Clubbell Order Squat,Pierna,3,fuerza_hipertrofia
Intermedio,Peso libre,Fuerza / hipertrofia,Principal,Quadriceps,Knee Dominant,Bodybuilding,Sin dato,Single Arm Clubbell Order Ipsilateral Bulgarian Split Squat,Pierna,2,fuerza_hipertrofia
Principiante,Peso libre,Fuerza / hipertrofia,Principal,Quadriceps,Knee Dominant,Sin clasificar,Sin dato,Single Arm Clubbell Order Squat,Pierna,3,fuerza_hipertrofia
Principiante,Peso libre,Fuerza / hipertrofia,Principal,Quadriceps,Knee Dominant,Sin clasificar,Sin dato,Double Clubbell Order Squat,Pierna,3,fuerza_hipertrofia
Intermedio,Peso libre,Fuerza / hipertrofia,Principal,Back,Rotational,Sin clasificar,Sin dato,Clubbell Alternating Inside Pendulum to Inside Pullover,Jalón,3,fuerza_hipertrofia
Intermedio,Peso libre,Movilidad / estabilidad,Calentamiento,Shoulders,Rotational,Mobility,Sin dato,Single Arm Kettlebell Bottoms Up Arm Bar,Empuje,4,movilidad_estabilidad
Intermedio,Peso libre,Movilidad / estabilidad,Calentamiento,Shoulders,Rotational,Mobility,https://youtu.be/dlqDSzgxNwM?si=_l4eia6JX0ovy0ss,Single Arm Kettlebell Bottoms Up Arm Bar Rotation,Empuje,4,movilidad_estabilidad
Intermedio,Peso libre,Fuerza / hipertrofia,Principal,Chest,Horizontal Push,Calisthenics,https://youtu.be/80WFnCM9Kbo?si=kxvBbrzAla92I6YM,Double Kettlebell Push Up,Empuje,5,fuerza_hipertrofia
Intermedio,Sin equipo,Movilidad / estabilidad,Principal,Abdominals,Isometric Hold,Calisthenics,https://youtu.be/KMCZ6Pjg9_k?si=qLUPw94vxQVVs7nw,Bodyweight Pseudo Planche Lean,Core,3,movilidad_estabilidad
Intermedio,Peso libre,Condicion fisica / potencia,Tecnica,Shoulders,Rotational,Ballistics,Sin dato,Macebell 360 to Single Arm 360,Empuje,8,potencia_funcional
Intermedio,Otro equipo,Fuerza / hipertrofia,Principal,Chest,Horizontal Push,Calisthenics,https://youtu.be/-S5Zz3Hl6a4?si=8XSysf7jjGJx2X07,Tire Feet Elevated Decline Push Up,Empuje,5,fuerza_hipertrofia
Intermedio,Sin equipo,Fuerza / hipertrofia,Principal,Chest,Horizontal Push,Calisthenics,https://youtu.be/1ZTYpiJJDZ8?feature=shared,Bodyweight Bench Feet Elevated Decline Push Up,Empuje,5,fuerza_hipertrofia
Intermedio,Sin equipo,Fuerza / hipertrofia,Principal,Chest,Horizontal Push,Calisthenics,https://youtu.be/5DTn4Euw6To?si=Qt5r8kEOx3ZW_AO9,Bodyweight Box Feet Elevated Decline Push Up,Empuje,5,fuerza_hipertrofia
Intermedio,Sin equipo,Fuerza / hipertrofia,Principal,Shoulders,Vertical Push,Calisthenics,https://youtu.be/s5VyQrNhEYY?si=9tSA6c3bjeje5MfX,Bodyweight Feet Elevated Pike Push Up,Empuje,5,fuerza_hipertrofia
Intermedio,Otro equipo,Fuerza / hipertrofia,Principal,Shoulders,Vertical Push,Calisthenics,Sin dato,Tire Feet Elevated Pike Push Up,Empuje,5,fuerza_hipertrofia
Intermedio,Peso libre,Fuerza / hipertrofia,Principal,Shoulders,Vertical Push,Sin clasificar,Sin dato,Double Kettlebell Bottoms Up Push Jerk,Empuje,3,fuerza_hipertrofia
Intermedio,Peso libre,Fuerza / hipertrofia,Principal,Shoulders,Vertical Push,Sin clasificar,Sin dato,Alternating Double Kettlebell Bottoms Up Push Jerk,Empuje,3,fuerza_hipertrofia
Intermedio,Peso libre,Fuerza / hipertrofia,Principal,Shoulders,Vertical Push,Sin clasificar,https://youtu.be/J5LEpIZSDS0?si=SukDsqWl5cS7XyF-,Single Arm Kettlebell Bottoms Up Overhead Press,Empuje,3,fuerza_hipertrofia
Intermedio,Peso libre,Fuerza / hipertrofia,Principal,Shoulders,Vertical Push,Sin clasificar,Sin dato,Single Arm Kettlebell Bottoms Up Push Press,Empuje,3,fuerza_hipertrofia
Intermedio,Otro equipo,Core / estabilidad,Principal,Abdominals,Rotational,Sin clasificar,Sin dato,Bulgarian Bag Side to Side Swing,Core,3,core_estabilidad
Intermedio,Peso libre,Fuerza / hipertrofia,Principal,Shoulders,Vertical Push,Bodybuilding,Sin dato,Single Arm Kettlebell Bottoms Up Half Kneeling Ipsilateral Overhead Press,Empuje,2,fuerza_hipertrofia
Intermedio,Calistenia / barras,Fuerza / hipertrofia,Principal,Back,Rotational,Calisthenics,https://youtu.be/1PiO_woAgDc?si=-nYhvQs3zKrAR7im,Single Ring Rotational Row,Jalón,5,fuerza_hipertrofia
Intermedio,Otro equipo,Fuerza / hipertrofia,Principal,Shoulders,Vertical Push,Bodybuilding,https://youtu.be/yQToM9xx5Y4?si=AAnvcezbT07hvy8I,Trap Bar Bottoms Up Tall Kneeling Overhead Press,Empuje,2,fuerza_hipertrofia
Principiante,Peso libre,Condicion fisica / potencia,Tecnica,Glutes,Hip Hinge,Ballistics,Sin dato,Clubbell Clean,Pierna,8,potencia_funcional
Principiante,Peso libre,Condicion fisica / potencia,Tecnica,Glutes,Hip Hinge,Ballistics,Sin dato,Double Clubbell Clean,Pierna,8,potencia_funcional
Principiante,Peso libre,Condicion fisica / potencia,Tecnica,Glutes,Hip Hinge,Ballistics,Sin dato,Single Arm Clubbell Clean,Pierna,8,potencia_funcional
Intermedio,Otro equipo,Fuerza / hipertrofia,Principal,Shoulders,Vertical Push,Bodybuilding,https://youtu.be/nz99ncuEEt4?feature=shared,Trap Bar Z Press,Empuje,2,fuerza_hipertrofia
Intermedio,Otro equipo,Fuerza / hipertrofia,Principal,Chest,Horizontal Push,Bodybuilding,Sin dato,Trap Bar Bottoms Up Floor Press,Empuje,2,fuerza_hipertrofia
Intermedio,Otro equipo,Fuerza / hipertrofia,Principal,Chest,Horizontal Push,Bodybuilding,https://youtu.be/I8WCjE1hTPM?si=riNSekDaoROPTCoF,Trap Bar Bottoms Up Bench Press,Empuje,2,fuerza_hipertrofia
Avanzado,Otro equipo,Condicion fisica / potencia,Principal avanzado,Shoulders,Rotational,Sin clasificar,https://youtu.be/2UpONYbzL7c?si=C2NbwmasH7LSljdz,Bulgarian Bag Alternating Spin to Side Swing Squat,Empuje,5,potencia_funcional
Intermedio,Otro equipo,Condicion fisica / potencia,Principal,Glutes,Hip Hinge,Sin clasificar,https://youtu.be/qFNcznHSBo8?si=5hfD700tGnPBWD3l,Bulgarian Bag Swipe,Pierna,5,potencia_funcional
Intermedio,Otro equipo,Condicion fisica / potencia,Tecnica,Glutes,Hip Hinge,Ballistics,https://youtu.be/9-gxBjR4OyE?si=Z1RZknDb7e1_9QmD,Bulgarian Bag Snatch,Pierna,8,potencia_funcional
Avanzado,Otro equipo,Condicion fisica / potencia,Tecnica,Shoulders,Rotational,Ballistics,Sin dato,Bulgarian Bag Alternating Rotational Snatch,Empuje,8,potencia_funcional
Avanzado,Otro equipo,Condicion fisica / potencia,Tecnica,Abdominals,Rotational,Ballistics,https://youtu.be/KCyWRqPHOCQ?si=bsZ5UbqpPjccsnEp,Bulgarian Bag Alternating Side Swing Squat,Core,8,potencia_funcional
Intermedio,Otro equipo,Condicion fisica / potencia,Tecnica,Glutes,Hip Hinge,Ballistics,Sin dato,Bulgarian Bag Dead Clean,Pierna,8,potencia_funcional
Principiante,Otro equipo,Condicion fisica / potencia,Tecnica,Glutes,Hip Hinge,Ballistics,https://youtu.be/Q7rAfqN-NH0?si=zEMPL2_L-ZEUhtLj,Bulgarian Bag Swing,Pierna,8,potencia_funcional
Principiante,Otro equipo,Fuerza / hipertrofia,Principal,Quadriceps,Knee Dominant,Sin clasificar,https://youtu.be/jAo338cgsmU?si=1dPZPEL1g1HDUuIC,Bulgarian Bag Front Rack Squat,Pierna,3,fuerza_hipertrofia
Principiante,Otro equipo,Fuerza / hipertrofia,Principal,Quadriceps,Knee Dominant,Sin clasificar,https://youtu.be/ctrXJi1QgEQ?si=O95czG8N3RjyL-Y-,Bulgarian Bag Back Rack Squat,Pierna,3,fuerza_hipertrofia
Avanzado,Otro equipo,Condicion fisica / potencia,Principal avanzado,Glutes,Hip Hinge,Sin clasificar,https://youtu.be/gVYqz0SXsXE?si=WX6MR6-rxwXauydO,Bulgarian Bag Swing Squat,Pierna,5,potencia_funcional
Intermedio,Otro equipo,Fuerza / hipertrofia,Principal,Quadriceps,Knee Dominant,Sin clasificar,Sin dato,Bulgarian Bag Alternating Forward Lunge with Rotation,Pierna,3,fuerza_hipertrofia
Intermedio,Otro equipo,Movilidad / estabilidad,Calentamiento,Biceps,Sin clasificar,Balance,https://youtu.be/6d6b8cx0pO0?si=NKi1a2se39GGFRx3,Battle Rope Single Leg Standing Double Wave,Jalón,2,movilidad_estabilidad
Intermedio,Otro equipo,Movilidad / estabilidad,Calentamiento,Abdominals,Sin clasificar,Balance,Sin dato,Battle Rope Single Leg Standing Power Slam,Core,2,movilidad_estabilidad
Intermedio,Otro equipo,Fuerza / hipertrofia,Principal,Chest,Horizontal Push,Bodybuilding,https://youtu.be/FFWOG7Xk5RE?si=JwIHWZtHK6_oDHhQ,Landmine V Grip Tall Kneeling Chest Press,Empuje,2,fuerza_hipertrofia
Avanzado,Peso libre,Condicion fisica / potencia,Tecnica,Shoulders,Rotational,Ballistics,Sin dato,Double Clubbell Swipe to Alternating Shield Cast,Empuje,8,potencia_funcional
Intermedio,Peso libre,Fuerza / hipertrofia,Principal,Quadriceps,Knee Dominant,Bodybuilding,Sin dato,Double Clubbell Order Cyclist Squat,Pierna,2,fuerza_hipertrofia
Intermedio,Peso libre,Fuerza / hipertrofia,Principal,Quadriceps,Knee Dominant,Bodybuilding,Sin dato,Single Arm Clubbell Order Cyclist Squat,Pierna,2,fuerza_hipertrofia
Intermedio,Peso libre,Fuerza / hipertrofia,Principal,Shoulders,Vertical Push,Bodybuilding,Sin dato,Alternating Double Kettlebell Bottoms Up Z Press,Empuje,2,fuerza_hipertrofia
Intermedio,Otro equipo,Condicion fisica / potencia,Principal,Shoulders,Shoulder Abduction,Sin clasificar,https://youtu.be/bB3WGOVrqAg?si=Pby2lcyL_Cq98LT9,Battle Rope Single Leg Standing Clap,Empuje,3,potencia_funcional
Intermedio,Peso libre,Condicion fisica / potencia,Tecnica,Shoulders,Rotational,Ballistics,Sin dato,Single Arm Macebell Mill,Empuje,8,potencia_funcional
Intermedio,Peso libre,Fuerza / hipertrofia,Principal,Quadriceps,Knee Dominant,Bodybuilding,https://youtu.be/ggVuR079WHM?si=QWRGadB6a4zrJrLz,Dumbbell Goblet Low Switch Cossack Squat,Pierna,2,fuerza_hipertrofia
Intermedio,Peso libre,Condicion fisica / potencia,Principal,Shoulders,Hip Hinge,Sin clasificar,Sin dato,Double Kettlebell Clean to Alternating Thruster,Cadera,5,potencia_funcional
Intermedio,Peso libre,Condicion fisica / potencia,Principal,Shoulders,Hip Hinge,Sin clasificar,Sin dato,Double Kettlebell Clean to Alternating Overhead Press,Cadera,5,potencia_funcional
Intermedio,Peso libre,Condicion fisica / potencia,Principal,Shoulders,Vertical Push,Sin clasificar,Sin dato,Double Kettlebell Bottoms Up Clean to Thruster,Empuje,5,potencia_funcional
Intermedio,Peso libre,Condicion fisica / potencia,Principal,Shoulders,Vertical Push,Sin clasificar,Sin dato,Double Kettlebell Bottoms Up Clean to Alternating Thruster,Empuje,5,potencia_funcional
Intermedio,Peso libre,Condicion fisica / potencia,Principal,Shoulders,Vertical Push,Sin clasificar,Sin dato,Double Kettlebell Bottoms Up Clean to Alternating Overhead Press,Empuje,5,potencia_funcional
Intermedio,Peso libre,Condicion fisica / potencia,Tecnica,Shoulders,Hip Hinge,Ballistics,Sin dato,Double Kettlebell Clean to Split Jerk,Cadera,8,potencia_funcional
Avanzado,Peso libre,Condicion fisica / potencia,Tecnica,Shoulders,Vertical Push,Ballistics,Sin dato,Double Kettlebell Bottoms Up Clean to Split Jerk,Empuje,8,potencia_funcional
Principiante,Peso libre,Fuerza / hipertrofia,Principal,Quadriceps,Knee Dominant,Bodybuilding,https://youtu.be/ZxjMX7k3Zp0?si=pZtrI1oUYV-FsjgX,Double Dumbbell Front Rack Cossack Squat,Pierna,2,fuerza_hipertrofia
Intermedio,Peso libre,Fuerza / hipertrofia,Principal,Quadriceps,Knee Dominant,Bodybuilding,Sin dato,Double Dumbbell Overhead Alternating Cossack Squat,Pierna,2,fuerza_hipertrofia
Intermedio,Peso libre,Fuerza / hipertrofia,Principal,Quadriceps,Knee Dominant,Bodybuilding,Sin dato,Double Dumbbell Overhead Cossack Squat,Pierna,2,fuerza_hipertrofia
Principiante,Peso libre,Fuerza / hipertrofia,Principal,Quadriceps,Knee Dominant,Bodybuilding,https://youtu.be/k6L3kWztcNs?si=GiG4ZJIK5HCWo7Rm,Double Dumbbell Low Hold Alternating Cossack Squat,Pierna,2,fuerza_hipertrofia
Principiante,Peso libre,Fuerza / hipertrofia,Principal,Quadriceps,Knee Dominant,Bodybuilding,Sin dato,Double Dumbbell Low Hold Cossack Squat,Pierna,2,fuerza_hipertrofia
Intermedio,Peso libre,Condicion fisica / potencia,Tecnica,Shoulders,Hip Hinge,Ballistics,Sin dato,Single Arm Kettlebell Clean to Split Jerk,Cadera,8,potencia_funcional
Intermedio,Peso libre,Condicion fisica / potencia,Tecnica,Shoulders,Hip Hinge,Ballistics,Sin dato,Alternating Single Arm Kettlebell Clean to Split Jerk,Cadera,8,potencia_funcional
Principiante,Calistenia / barras,Fuerza / hipertrofia,Principal,Quadriceps,Knee Dominant,Bodybuilding,Sin dato,Suspension Low Switch Cossack Squat,Pierna,2,fuerza_hipertrofia
Principiante,Calistenia / barras,Fuerza / hipertrofia,Principal,Quadriceps,Knee Dominant,Bodybuilding,https://youtu.be/kZdZsw22lU4?si=Y2-3ATlU1R18Acir,Suspension Cossack Squat,Pierna,2,fuerza_hipertrofia
Principiante,Calistenia / barras,Fuerza / hipertrofia,Principal,Quadriceps,Knee Dominant,Bodybuilding,Sin dato,Single Arm Suspension Alternating Cossack Squat,Pierna,2,fuerza_hipertrofia
Principiante,Calistenia / barras,Fuerza / hipertrofia,Principal,Quadriceps,Knee Dominant,Bodybuilding,Sin dato,Single Arm Suspension Contralateral Cossack Squat,Pierna,2,fuerza_hipertrofia
Principiante,Calistenia / barras,Fuerza / hipertrofia,Principal,Quadriceps,Knee Dominant,Bodybuilding,Sin dato,Single Arm Suspension Low Switch Cossack Squat,Pierna,2,fuerza_hipertrofia
Principiante,Calistenia / barras,Fuerza / hipertrofia,Principal,Quadriceps,Knee Dominant,Bodybuilding,Sin dato,Suspension Foot Elevated Cossack Squat,Pierna,2,fuerza_hipertrofia
Principiante,Calistenia / barras,Fuerza / hipertrofia,Principal,Quadriceps,Knee Dominant,Bodybuilding,Sin dato,Single Arm Suspension Foot Elevated Contralateral Cossack Squat,Pierna,2,fuerza_hipertrofia
Avanzado,Peso libre,Fuerza / hipertrofia,Principal avanzado,Quadriceps,Knee Dominant,Bodybuilding,Sin dato,Barbell Overhead Cossack Squat,Pierna,2,fuerza_hipertrofia
Avanzado,Peso libre,Fuerza / hipertrofia,Principal avanzado,Quadriceps,Knee Dominant,Bodybuilding,Sin dato,Barbell Front Rack Low Switch Cossack Squat,Pierna,2,fuerza_hipertrofia
Avanzado,Peso libre,Fuerza / hipertrofia,Principal avanzado,Quadriceps,Knee Dominant,Bodybuilding,Sin dato,Barbell Back Rack Low Switch Cossack Squat,Pierna,2,fuerza_hipertrofia
Intermedio,Peso libre,Fuerza / hipertrofia,Principal,Quadriceps,Knee Dominant,Bodybuilding,https://youtu.be/pOSa7abtPaQ?si=RtB71Qujc9eZBx-J,Barbell Back Rack Cossack Squat,Pierna,2,fuerza_hipertrofia
Intermedio,Peso libre,Fuerza / hipertrofia,Principal,Quadriceps,Knee Dominant,Bodybuilding,Sin dato,Barbell Front Rack Cossack Squat,Pierna,2,fuerza_hipertrofia
Intermedio,Otro equipo,Fuerza / hipertrofia,Principal,Quadriceps,Knee Dominant,Bodybuilding,https://youtu.be/DYVAGWST-E8?si=NbgYbTD-kINhnv6a,Landmine Goblet Cossack Squat,Pierna,2,fuerza_hipertrofia
Avanzado,Otro equipo,Fuerza / hipertrofia,Principal avanzado,Quadriceps,Knee Dominant,Bodybuilding,Sin dato,Landmine Goblet Low Switch Cossack Squat,Pierna,2,fuerza_hipertrofia
Avanzado,Otro equipo,Fuerza / hipertrofia,Principal avanzado,Quadriceps,Knee Dominant,Bodybuilding,Sin dato,Landmine Goblet Foot Elevated Cossack Squat,Pierna,2,fuerza_hipertrofia
Intermedio,Otro equipo,Fuerza / hipertrofia,Principal,Quadriceps,Knee Dominant,Bodybuilding,Sin dato,Landmine Low Hold Cossack Squat,Pierna,2,fuerza_hipertrofia
Avanzado,Otro equipo,Fuerza / hipertrofia,Principal avanzado,Quadriceps,Knee Dominant,Bodybuilding,Sin dato,Landmine Low Hold Low Switch Cossack Squat,Pierna,2,fuerza_hipertrofia
Avanzado,Otro equipo,Fuerza / hipertrofia,Principal avanzado,Quadriceps,Knee Dominant,Bodybuilding,Sin dato,Landmine Low Hold Foot Elevated Cossack Squat,Pierna,2,fuerza_hipertrofia
Principiante,Peso libre,Fuerza / hipertrofia,Principal,Quadriceps,Knee Dominant,Bodybuilding,https://youtu.be/qxb36LOiBsc?si=9n0Wr7YfIHCom-_w,Dumbbell Goblet Cossack Squat,Pierna,2,fuerza_hipertrofia
Principiante,Peso libre,Fuerza / hipertrofia,Principal,Quadriceps,Knee Dominant,Bodybuilding,https://youtu.be/cmB4dq8MgVk?si=s0qFLxm2MDbbX3dw,Single Arm Dumbbell Front Rack Contralateral Cossack Squat,Pierna,2,fuerza_hipertrofia
Avanzado,Peso libre,Fuerza / hipertrofia,Principal avanzado,Quadriceps,Knee Dominant,Bodybuilding,Sin dato,Double Dumbbell Overhead Low Switch Cossack Squat,Pierna,2,fuerza_hipertrofia
Avanzado,Peso libre,Fuerza / hipertrofia,Principal avanzado,Quadriceps,Knee Dominant,Bodybuilding,Sin dato,Double Dumbbell Overhead Foot Elevated Cossack Squat,Pierna,2,fuerza_hipertrofia
Intermedio,Peso libre,Fuerza / hipertrofia,Principal,Quadriceps,Knee Dominant,Bodybuilding,Sin dato,Double Dumbbell Front Rack Low Switch Cossack Squat,Pierna,2,fuerza_hipertrofia
Intermedio,Peso libre,Fuerza / hipertrofia,Principal,Quadriceps,Knee Dominant,Bodybuilding,https://youtu.be/d0gACX9heHk?si=U0snvFOFoR0LH9Ne,Double Dumbbell Front Rack Foot Elevated Cossack Squat,Pierna,2,fuerza_hipertrofia
Principiante,Peso libre,Fuerza / hipertrofia,Principal,Quadriceps,Knee Dominant,Bodybuilding,Sin dato,Single Arm Dumbbell Front Rack Alternating Cossack Squat,Pierna,2,fuerza_hipertrofia
Intermedio,Peso libre,Fuerza / hipertrofia,Principal,Quadriceps,Knee Dominant,Bodybuilding,Sin dato,Single Arm Dumbbell Front Rack Low Switch Cossack Squat,Pierna,2,fuerza_hipertrofia
Principiante,Peso libre,Fuerza / hipertrofia,Principal,Quadriceps,Knee Dominant,Bodybuilding,https://youtu.be/k4p89WEkl58?si=S4JsgnfzWmFK3l4G,Dumbbell Low Hold Cossack Squat,Pierna,2,fuerza_hipertrofia
Principiante,Peso libre,Fuerza / hipertrofia,Principal,Quadriceps,Knee Dominant,Bodybuilding,Sin dato,Dumbbell Low Hold Alternating Cossack Squat,Pierna,2,fuerza_hipertrofia
Intermedio,Peso libre,Fuerza / hipertrofia,Principal,Quadriceps,Knee Dominant,Bodybuilding,Sin dato,Double Dumbbell Low Hold Low Switch Cossack Squat,Pierna,2,fuerza_hipertrofia
Intermedio,Peso libre,Fuerza / hipertrofia,Principal,Quadriceps,Knee Dominant,Bodybuilding,Sin dato,Double Dumbbell Low Hold Foot Elevated Cossack Squat,Pierna,2,fuerza_hipertrofia
Intermedio,Peso libre,Fuerza / hipertrofia,Principal,Quadriceps,Knee Dominant,Bodybuilding,Sin dato,Dumbbell Low Hold Low Switch Cossack Squat,Pierna,2,fuerza_hipertrofia
Intermedio,Peso libre,Fuerza / hipertrofia,Principal,Quadriceps,Knee Dominant,Bodybuilding,Sin dato,Dumbbell Low Hold Foot Elevated Cossack Squat,Pierna,2,fuerza_hipertrofia
Intermedio,Peso libre,Fuerza / hipertrofia,Principal,Quadriceps,Knee Dominant,Bodybuilding,Sin dato,Single Arm Dumbbell Overhead Contralateral Cossack Squat,Pierna,2,fuerza_hipertrofia
Intermedio,Peso libre,Fuerza / hipertrofia,Principal,Quadriceps,Knee Dominant,Bodybuilding,Sin dato,Single Arm Dumbbell Overhead Ipsilateral Cossack Squat,Pierna,2,fuerza_hipertrofia
Avanzado,Peso libre,Condicion fisica / potencia,Tecnica,Shoulders,Vertical Push,Ballistics,Sin dato,Single Arm Kettlebell Bottoms Up Clean to Split Jerk,Empuje,8,potencia_funcional
Avanzado,Peso libre,Condicion fisica / potencia,Tecnica,Shoulders,Vertical Push,Ballistics,Sin dato,Alternating Single Arm Kettlebell Bottoms Up Clean to Split Jerk,Empuje,8,potencia_funcional
Avanzado,Peso libre,Fuerza / hipertrofia,Principal avanzado,Shoulders,Vertical Push,Sin clasificar,Sin dato,Double Kettlebell Bottoms Up Split Jerk,Empuje,3,fuerza_hipertrofia
Principiante,Peso libre,Fuerza / hipertrofia,Principal,Quadriceps,Knee Dominant,Bodybuilding,Sin dato,Clubbell Order Alternating Cossack Squat,Pierna,2,fuerza_hipertrofia
Principiante,Peso libre,Fuerza / hipertrofia,Principal,Quadriceps,Knee Dominant,Bodybuilding,Sin dato,Clubbell Order Cossack Squat,Pierna,2,fuerza_hipertrofia
Intermedio,Peso libre,Fuerza / hipertrofia,Principal,Quadriceps,Knee Dominant,Bodybuilding,Sin dato,Clubbell Order Low Switch Cossack Squat,Pierna,2,fuerza_hipertrofia
Intermedio,Peso libre,Fuerza / hipertrofia,Principal,Quadriceps,Knee Dominant,Bodybuilding,Sin dato,Clubbell Order Foot Elevated Cossack Squat,Pierna,2,fuerza_hipertrofia
Principiante,Peso libre,Fuerza / hipertrofia,Principal,Quadriceps,Knee Dominant,Bodybuilding,Sin dato,Double Clubbell Order Alternating Cossack Squat,Pierna,2,fuerza_hipertrofia
Principiante,Peso libre,Fuerza / hipertrofia,Principal,Quadriceps,Knee Dominant,Bodybuilding,Sin dato,Double Clubbell Order Cossack Squat,Pierna,2,fuerza_hipertrofia
Intermedio,Peso libre,Fuerza / hipertrofia,Principal,Quadriceps,Knee Dominant,Bodybuilding,Sin dato,Double Clubbell Order Low Switch Cossack Squat,Pierna,2,fuerza_hipertrofia
Intermedio,Peso libre,Fuerza / hipertrofia,Principal,Quadriceps,Knee Dominant,Bodybuilding,Sin dato,Double Clubbell Order Foot Elevated Cossack Squat,Pierna,2,fuerza_hipertrofia
Principiante,Peso libre,Fuerza / hipertrofia,Principal,Quadriceps,Knee Dominant,Bodybuilding,Sin dato,Single Arm Clubbell Order Contralateral Cossack Squat,Pierna,2,fuerza_hipertrofia
Principiante,Peso libre,Fuerza / hipertrofia,Principal,Quadriceps,Knee Dominant,Bodybuilding,Sin dato,Single Arm Clubbell Order Alternating Cossack Squat,Pierna,2,fuerza_hipertrofia
Intermedio,Peso libre,Fuerza / hipertrofia,Principal,Quadriceps,Knee Dominant,Bodybuilding,Sin dato,Single Arm Clubbell Order Low Switch Cossack Squat,Pierna,2,fuerza_hipertrofia
Intermedio,Peso libre,Fuerza / hipertrofia,Principal,Quadriceps,Knee Dominant,Bodybuilding,Sin dato,Single Arm Clubbell Order Foot Elevated Contralateral Cossack Squat,Pierna,2,fuerza_hipertrofia
Intermedio,Peso libre,Core / estabilidad,Principal,Abdominals,Loaded Carry,Sin clasificar,https://youtu.be/jb9Ge6SP8IA?si=FgQecwjAUfv-teLv,Heavy Sandbag Bear Hug Carry,Core,3,core_estabilidad
Principiante,Peso libre,Fuerza / hipertrofia,Principal,Glutes,Hip Extension,Bodybuilding,https://youtu.be/LxdfGyNBuRU?si=x25Sk4tkkLiyY4t2,Dumbbell Hip Thrust,Pierna,0,fuerza_hipertrofia
Intermedio,Peso libre,Condicion fisica / potencia,Principal,Shoulders,Loaded Carry,Sin clasificar,https://youtu.be/dpVFicHv1PY?si=vQiTWZmKGTiqkHiH,Double Dumbbell Overhead Carry,Empuje,5,potencia_funcional
Avanzado,Peso libre,Fuerza / hipertrofia,Principal avanzado,Shoulders,Vertical Push,Sin clasificar,Sin dato,Single Arm Kettlebell Bottoms Up Split Jerk,Empuje,3,fuerza_hipertrofia
Intermedio,Peso libre,Condicion fisica / potencia,Tecnica,Glutes,Hip Hinge,Ballistics,Sin dato,Alternating Single Arm Kettlebell Bottoms Up Clean,Pierna,8,potencia_funcional
Intermedio,Peso libre,Condicion fisica / potencia,Tecnica,Glutes,Hip Hinge,Ballistics,https://youtu.be/kMTZwJnCyjw?si=i72hlbqfO-UgCiPw,Single Arm Kettlebell Bottoms Up Clean,Pierna,8,potencia_funcional
Intermedio,Peso libre,Condicion fisica / potencia,Tecnica,Shoulders,Vertical Push,Ballistics,Sin dato,Alternating Single Arm Kettlebell Bottoms Up Clean to Thruster,Empuje,8,potencia_funcional
Intermedio,Peso libre,Condicion fisica / potencia,Principal,Quadriceps,Knee Dominant,Sin clasificar,Sin dato,Alternating Single Arm Kettlebell Bottoms Up Clean to Front Rack Squat,Pierna,5,potencia_funcional
Intermedio,Peso libre,Core / estabilidad,Principal,Abdominals,Loaded Carry,Sin clasificar,https://youtu.be/35IarWLcV0s?si=4lqKX0sntuR1xdEa,Heavy Sandbag Shoulder Carry,Core,3,core_estabilidad
Principiante,Peso libre,Core / estabilidad,Principal,Abdominals,Loaded Carry,Sin clasificar,https://youtu.be/dDq_T_H8h5E?si=g4wZK9kvKsPxqI3d,Double Dumbbell Front Rack Carry,Core,3,core_estabilidad
Principiante,Peso libre,Core / estabilidad,Principal,Abdominals,Loaded Carry,Sin clasificar,https://youtu.be/5rsJK_z8nkY?si=CD5k3-b0r_JJpfHM,Single Arm Dumbbell Front Rack Carry,Core,3,core_estabilidad
Principiante,Peso libre,Condicion fisica / potencia,Principal,Forearms,Loaded Carry,Sin clasificar,Sin dato,Double Clubbell Order Carry,Carga,5,potencia_funcional
Principiante,Peso libre,Condicion fisica / potencia,Principal,Forearms,Loaded Carry,Sin clasificar,Sin dato,Single Arm Clubbell Order Carry,Carga,5,potencia_funcional
Avanzado,Peso libre,Condicion fisica / potencia,Principal avanzado,Shoulders,Loaded Carry,Sin clasificar,https://youtu.be/ULpnqrFng5I?si=fKiyqdRwBpIeRaEx,Barbell Overhead Carry,Empuje,5,potencia_funcional
Avanzado,Peso libre,Condicion fisica / potencia,Principal avanzado,Shoulders,Loaded Carry,Sin clasificar,Sin dato,Single Arm Barbell Overhead Carry,Empuje,5,potencia_funcional
Intermedio,Peso libre,Core / estabilidad,Principal,Abdominals,Loaded Carry,Sin clasificar,https://youtu.be/ofwpNdE8yZU?si=T8V1vgUvY8g4tAZ9,Barbell Front Rack Carry,Core,3,core_estabilidad
Principiante,Peso libre,Fuerza / hipertrofia,Principal,Quadriceps,Knee Dominant,Bodybuilding,https://youtu.be/FKrUoffD_W4?si=d07P0wkoguJqTTRV,Double Kettlebell Suitcase Alternating Reverse Lunge,Pierna,2,fuerza_hipertrofia
Principiante,Peso libre,Fuerza / hipertrofia,Principal,Back,Knee Dominant,Bodybuilding,https://youtu.be/BoihxFxtsyY?si=kZuvg9gJ179nJ1Xh,Alternating Single Arm Kettlebell Sumo Deadlift,Pierna,2,fuerza_hipertrofia
Principiante,Peso libre,Movilidad / estabilidad,Calentamiento,Hip Flexors,Locomotion,Balance,https://youtu.be/Pjxd7M8bNU0?si=OeEny9WikOBA8B3P,Single Arm Kettlebell Suitcase March,Core,4,movilidad_estabilidad
Intermedio,Peso libre,Movilidad / estabilidad,Calentamiento,Hip Flexors,Locomotion,Balance,Sin dato,Single Arm Kettlebell Bottoms Up Overhead March,Core,4,movilidad_estabilidad
Intermedio,Peso libre,Movilidad / estabilidad,Calentamiento,Hip Flexors,Locomotion,Balance,Sin dato,Single Arm Kettlebell Bottoms Up Front Rack March,Core,4,movilidad_estabilidad
Intermedio,Peso libre,Condicion fisica / potencia,Tecnica,Glutes,Hip Hinge,Ballistics,https://youtu.be/5NV0b_RCWKk?si=LoNm1gGN8i-9QLGP,Double Kettlebell Half Snatch,Pierna,8,potencia_funcional
Intermedio,Peso libre,Condicion fisica / potencia,Tecnica,Glutes,Hip Hinge,Ballistics,Sin dato,Alternating Single Arm Kettlebell Half Snatch,Pierna,8,potencia_funcional
Intermedio,Peso libre,Condicion fisica / potencia,Tecnica,Glutes,Hip Hinge,Ballistics,https://youtu.be/iVaFwCBP1GM?si=9YPJCkbg5ckTydxm,Single Arm Kettlebell Half Snatch,Pierna,8,potencia_funcional
Avanzado,Peso libre,Condicion fisica / potencia,Tecnica,Shoulders,Hip Hinge,Ballistics,Sin dato,Double Kettlebell Half Snatch to Thruster,Cadera,8,potencia_funcional
Intermedio,Peso libre,Fuerza / hipertrofia,Principal,Quadriceps,Knee Dominant,Bodybuilding,Sin dato,Double Kettlebell Overhead Cossack Squat,Pierna,2,fuerza_hipertrofia
Intermedio,Peso libre,Fuerza / hipertrofia,Principal,Quadriceps,Knee Dominant,Sin clasificar,https://youtu.be/ymSWvrARnCo?si=wSCDvQEQ8xPtVqbn,Heavy Sandbag Bear Hug Squat,Pierna,3,fuerza_hipertrofia
Intermedio,Peso libre,Fuerza / hipertrofia,Principal,Quadriceps,Knee Dominant,Sin clasificar,https://youtu.be/VhCVdzYN820?si=07qvbVC4lpqJVZxR,Heavy Sandbag Shoulder Squat,Pierna,3,fuerza_hipertrofia
Avanzado,Peso libre,Core / estabilidad,Principal avanzado,Abdominals,Rotational,Grinds,https://youtu.be/nUjB7PY_ch8?si=qTE38YBxSMytqVEV,Heavy Sandbag Turkish Get Up,Core,3,core_estabilidad
Intermedio,Peso libre,Condicion fisica / potencia,Principal,Quadriceps,Knee Dominant,Sin clasificar,https://youtu.be/68d5tiCgUy8?si=QZZ5qWDdvMU5WTQ_,Heavy Sandbag Bear Hug Alternating Forward Lunge,Pierna,5,potencia_funcional
Intermedio,Peso libre,Fuerza / hipertrofia,Principal,Quadriceps,Knee Dominant,Bodybuilding,https://youtu.be/dd8M3MLhfjc?si=C40Jnp1OsYedBuT1,Heavy Sandbag Bear Hug Alternating Reverse Lunge,Pierna,2,fuerza_hipertrofia
Intermedio,Peso libre,Fuerza / hipertrofia,Principal,Quadriceps,Knee Dominant,Sin clasificar,https://youtu.be/2EkAq9e24EY?feature=shared,Heavy Sandbag Shoulder Alternating Forward Lunge,Pierna,3,fuerza_hipertrofia
Intermedio,Peso libre,Fuerza / hipertrofia,Principal,Quadriceps,Knee Dominant,Bodybuilding,https://youtu.be/T4jp-7X-ai8?feature=shared,Heavy Sandbag Shoulder Alternating Reverse Lunge,Pierna,2,fuerza_hipertrofia
Intermedio,Peso libre,Fuerza / hipertrofia,Principal,Quadriceps,Knee Dominant,Sin clasificar,https://youtu.be/YSd_xma0esE?si=1LEK7NMY3heh6sof,Heavy Sandbag Shoulder Walking Lunge,Pierna,3,fuerza_hipertrofia
Intermedio,Peso libre,Condicion fisica / potencia,Principal,Glutes,Hip Hinge,Sin clasificar,https://youtu.be/cB7KJj-wqA4?si=_9jU8-LRtzGAT3e7,Heavy Sandbag Shoulder Clean,Pierna,5,potencia_funcional
Intermedio,Peso libre,Condicion fisica / potencia,Principal,Glutes,Hip Hinge,Sin clasificar,https://youtu.be/fqzGFACRFWU?si=AdAu_hY9NYrlY8DS,Heavy Sandbag Over the Shoulder,Pierna,5,potencia_funcional
Intermedio,Peso libre,Condicion fisica / potencia,Principal,Glutes,Hip Hinge,Sin clasificar,Sin dato,Heavy Sandbag Alternating Shoulder Clean,Pierna,5,potencia_funcional
Intermedio,Peso libre,Condicion fisica / potencia,Principal,Glutes,Hip Hinge,Sin clasificar,Sin dato,Heavy Sandbag Alternating Over the Shoulder,Pierna,5,potencia_funcional
Intermedio,Peso libre,Condicion fisica / potencia,Principal,Quadriceps,Knee Dominant,Sin clasificar,https://youtu.be/X5s18gG7cJc?si=P3v8_2nsYkNdk5D7,Heavy Sandbag Bear Hug Walking Lunge,Pierna,5,potencia_funcional
Avanzado,Peso libre,Core / estabilidad,Principal avanzado,Abdominals,Rotational,Grinds,Sin dato,Double Dumbbell Turkish Get Up,Core,3,core_estabilidad
Intermedio,Peso libre,Condicion fisica / potencia,Tecnica,Shoulders,Rotational,Ballistics,Sin dato,Single Arm Macebell Reverse Mill,Empuje,8,potencia_funcional
Principiante,Sin equipo,Fuerza / hipertrofia,Principal,Quadriceps,Knee Dominant,Bodybuilding,https://youtu.be/nNAssQ-4HjA?si=wsCriUBiz-jLsGEk,Bodyweight Hand Assisted Sissy Squat,Pierna,2,fuerza_hipertrofia
Avanzado,Sin equipo,Fuerza / hipertrofia,Principal avanzado,Quadriceps,Knee Dominant,Bodybuilding,https://youtu.be/GHvRU4-Guuw?si=NJtNhZAAV3mKCcG-,Bodyweight Sissy Squat,Pierna,2,fuerza_hipertrofia
Principiante,Sin equipo,Fuerza / hipertrofia,Principal,Quadriceps,Knee Dominant,Bodybuilding,https://youtu.be/gBSQOdjjKcc?si=oEXgjHk6m5c-o7MS,Bodyweight Hand Assisted Knee Over Toe Split Squat,Pierna,2,fuerza_hipertrofia
Intermedio,Otro equipo,Fuerza / hipertrofia,Principal,Quadriceps,Knee Dominant,Bodybuilding,https://youtu.be/T2caG3uW8sA?si=AD_PdOw0tzZSfl3p,Superband Sissy Squat,Pierna,2,fuerza_hipertrofia
Principiante,Peso libre,Fuerza / hipertrofia,Principal,Quadriceps,Knee Dominant,Bodybuilding,https://youtu.be/i3qlK1vA0z4?si=LCNdYUF9IbCDWnYm,Double Dumbbell Front Rack Walking Lunge,Pierna,2,fuerza_hipertrofia
Principiante,Peso libre,Fuerza / hipertrofia,Principal,Quadriceps,Knee Dominant,Bodybuilding,https://youtu.be/QR1CViFqmmc?si=4Lxq-QIIZ55jvMdx,Single Arm Dumbbell Suitcase Walking Lunge,Pierna,2,fuerza_hipertrofia
Intermedio,Peso libre,Fuerza / hipertrofia,Principal,Quadriceps,Knee Dominant,Bodybuilding,https://youtu.be/lcCEvbAGHC8?si=Ri750XsY--4dDnB_,Single Arm Dumbbell Overhead Walking Lunge,Pierna,2,fuerza_hipertrofia
Principiante,Peso libre,Fuerza / hipertrofia,Principal,Quadriceps,Knee Dominant,Bodybuilding,https://youtu.be/GGjKBYEkZ-A?si=faI8XOKTHMInvAqG,Single Arm Dumbbell Front Rack Walking Lunge,Pierna,2,fuerza_hipertrofia
Intermedio,Peso libre,Fuerza / hipertrofia,Principal,Quadriceps,Knee Dominant,Bodybuilding,https://youtu.be/ntGrVrVVNU0?si=3gtiQIlGPGnTePEX,Barbell Front Rack Walking Lunge,Pierna,2,fuerza_hipertrofia
Principiante,Peso libre,Fuerza / hipertrofia,Principal,Quadriceps,Knee Dominant,Sin clasificar,https://youtu.be/ZZ1piVHgy_8?si=I9HrW8xbkLx_UyJS,Kettlebell Goblet Horse Stance Squat,Pierna,3,fuerza_hipertrofia
Avanzado,Peso libre,Condicion fisica / potencia,Tecnica,Quadriceps,Knee Dominant,Ballistics,Sin dato,Double Kettlebell Alternating Forward Lunge Snatch,Pierna,8,potencia_funcional
Intermedio,Peso libre,Condicion fisica / potencia,Tecnica,Shoulders,Rotational,Ballistics,Sin dato,Alternating Single Arm Clubbell Reverse Mill,Empuje,8,potencia_funcional
Intermedio,Peso libre,Condicion fisica / potencia,Tecnica,Shoulders,Rotational,Ballistics,Sin dato,Macebell Mill,Empuje,8,potencia_funcional
Principiante,Peso libre,Fuerza / hipertrofia,Principal,Quadriceps,Knee Dominant,Bodybuilding,Sin dato,Double Clubbell Order Walking Lunge,Pierna,2,fuerza_hipertrofia
Principiante,Peso libre,Fuerza / hipertrofia,Principal,Quadriceps,Knee Dominant,Bodybuilding,Sin dato,Single Arm Clubbell Order Walking Lunge,Pierna,2,fuerza_hipertrofia
Principiante,Peso libre,Fuerza / hipertrofia,Principal,Quadriceps,Knee Dominant,Bodybuilding,Sin dato,Clubbell Order Walking Lunge,Pierna,2,fuerza_hipertrofia
Intermedio,Sin equipo,Condicion fisica / potencia,Tecnica,Quadriceps,Knee Dominant,Plyometric,https://youtu.be/-IzhFO7lOEU?si=Aftwsw6k2KY2-jf0,Bodyweight Box Jump,Pierna,8,potencia_funcional
Intermedio,Sin equipo,Condicion fisica / potencia,Tecnica,Quadriceps,Knee Dominant,Plyometric,https://youtu.be/GFdBbtdUfIU?si=GoMi96WWph2nlJpr,Bodyweight Lateral Box Jump,Pierna,8,potencia_funcional
Intermedio,Sin equipo,Condicion fisica / potencia,Tecnica,Quadriceps,Knee Dominant,Plyometric,https://youtu.be/kJqEVtWkYHo?si=aVVrhRraXLtyjPfg,Bodyweight Alternating Lateral Box Jump,Pierna,8,potencia_funcional
Avanzado,Sin equipo,Movilidad / estabilidad,Principal avanzado,Abdominals,Isometric Hold,Calisthenics,https://youtu.be/-huk0Idtr6M?si=mLwa_8pXggDXuFgO,Bodyweight Straddle Planche,Core,3,movilidad_estabilidad
Intermedio,Peso libre,Fuerza / hipertrofia,Principal,Back,Horizontal Pull,Bodybuilding,https://youtu.be/xpa6f9sJmiQ?si=gJH8lq53_OwgQY8F,Macebell Single Leg Offset Bent Over Row,Jalón,2,fuerza_hipertrofia
Intermedio,Peso libre,Fuerza / hipertrofia,Principal,Back,Horizontal Pull,Bodybuilding,https://youtu.be/TBtjuZR8Dvo,Single Arm Kettlebell Bird Dog Row,Jalón,2,fuerza_hipertrofia
Avanzado,Peso libre,Condicion fisica / potencia,Principal avanzado,Shoulders,Hip Hinge,Sin clasificar,Sin dato,Double Kettlebell Half Snatch to Front Rack Squat,Cadera,5,potencia_funcional
Avanzado,Calistenia / barras,Movilidad / estabilidad,Calentamiento,Quadriceps,Knee Dominant,Balance,https://youtu.be/5G-vWzfeTy4?si=J9YetG0ZnmrQ6H76,Single Arm Suspension Ipsilateral Pistol Squat,Pierna,4,movilidad_estabilidad
Intermedio,Peso libre,Core / estabilidad,Principal,Hip Flexors,Hip Flexion,Sin clasificar,https://youtu.be/djxTlEIJdqc?si=IDadWzv3enNpiltr,Kettlebell Single Leg Standing Hip Flexion,Core,1,core_estabilidad
Avanzado,Peso libre,Fuerza / hipertrofia,Principal avanzado,Quadriceps,Knee Dominant,Bodybuilding,Sin dato,Double Kettlebell Bottoms Up Overhead Cossack Squat,Pierna,2,fuerza_hipertrofia
Intermedio,Peso libre,Condicion fisica / potencia,Tecnica,Shoulders,Knee Dominant,Ballistics,Sin dato,Alternating Single Arm Macebell 360,Pierna,8,potencia_funcional
Principiante,Peso libre,Fuerza / hipertrofia,Principal,Quadriceps,Knee Dominant,Bodybuilding,Sin dato,Double Kettlebell Low Hold Cossack Squat,Pierna,2,fuerza_hipertrofia
Principiante,Peso libre,Fuerza / hipertrofia,Principal,Quadriceps,Knee Dominant,Bodybuilding,Sin dato,Double Kettlebell Low Hold Alternating Cossack Squat,Pierna,2,fuerza_hipertrofia
Principiante,Peso libre,Fuerza / hipertrofia,Principal,Quadriceps,Knee Dominant,Bodybuilding,https://youtu.be/wrYqfSLWqdE,Kettlebell Goblet Alternating Cossack Squat,Pierna,2,fuerza_hipertrofia
Avanzado,Peso libre,Core / estabilidad,Principal avanzado,Abdominals,Loaded Carry,Sin clasificar,https://youtu.be/yqtWcL9-1_k?si=q_p_4kAujNiWzCVq,Barbell Zercher Carry,Core,3,core_estabilidad
Intermedio,Peso libre,Fuerza / hipertrofia,Principal,Shoulders,Vertical Push,Bodybuilding,https://youtu.be/7uS_6AgHk28?si=jXJ8ZwIqz_-aAInK,Double Kettlebell Bottoms Up Seated Overhead Press,Empuje,2,fuerza_hipertrofia
Intermedio,Peso libre,Fuerza / hipertrofia,Principal,Shoulders,Vertical Push,Bodybuilding,Sin dato,Alternating Double Kettlebell Bottoms Up Seated Overhead Press,Empuje,2,fuerza_hipertrofia
Intermedio,Peso libre,Fuerza / hipertrofia,Principal,Shoulders,Vertical Push,Bodybuilding,https://youtu.be/f8Mgse4j3uc?si=GV-Q36irrQm7tYhE,Single Arm Kettlebell Bottoms Up Seated Overhead Press,Empuje,2,fuerza_hipertrofia
Intermedio,Peso libre,Fuerza / hipertrofia,Principal,Shoulders,Vertical Push,Sin clasificar,https://youtu.be/aOIjzeK24fY?si=HuhPoFZBScLorUuf,Macebell Offset Overhead Press,Empuje,3,fuerza_hipertrofia
Intermedio,Peso libre,Fuerza / hipertrofia,Principal,Shoulders,Vertical Push,Bodybuilding,https://youtu.be/cc1TZmreJWE?si=aBzThLfX3rm5V3c1,Single Arm Dumbbell Sots Press,Empuje,2,fuerza_hipertrofia
Intermedio,Peso libre,Fuerza / hipertrofia,Principal,Shoulders,Vertical Push,Bodybuilding,https://youtu.be/IjmQgS0bDao?si=wKCRqF1MeVyvhSwR,Double Dumbbell Sots Press,Empuje,2,fuerza_hipertrofia
Principiante,Peso libre,Fuerza / hipertrofia,Principal,Quadriceps,Knee Dominant,Bodybuilding,https://youtu.be/JqoC2gQ1MRE,Single Arm Kettlebell Front Rack Alternating Cossack Squat,Pierna,2,fuerza_hipertrofia
Intermedio,Peso libre,Fuerza / hipertrofia,Principal,Shoulders,Rotational,Bodybuilding,https://youtu.be/_D87kNsSdv0,Single Arm Kettlebell Ipsilateral Cossack Squat Thruster,Empuje,2,fuerza_hipertrofia
Principiante,Peso libre,Fuerza / hipertrofia,Principal,Quadriceps,Knee Dominant,Bodybuilding,https://youtu.be/fhkFo0BxF5k,Kettlebell Goblet Foot Elevated Cossack Squat,Pierna,2,fuerza_hipertrofia
Intermedio,Peso libre,Fuerza / hipertrofia,Principal,Quadriceps,Knee Dominant,Bodybuilding,https://youtu.be/bYd08tHBi3c?si=jxsjM2VGsZK9-fBt,Double Dumbbell Overhead Alternating Step Up,Pierna,2,fuerza_hipertrofia
Intermedio,Peso libre,Fuerza / hipertrofia,Principal,Quadriceps,Knee Dominant,Bodybuilding,https://youtu.be/XJmnB32JJVw,Single Arm Dumbbell Overhead Contralateral Step Up,Pierna,2,fuerza_hipertrofia
Avanzado,Peso libre,Fuerza / hipertrofia,Principal avanzado,Quadriceps,Knee Dominant,Bodybuilding,https://youtu.be/ozPUu1GnFTI?si=mWpQsYkoy7akxELn,Barbell Overhead Alternating Step Up,Pierna,2,fuerza_hipertrofia
Avanzado,Peso libre,Fuerza / hipertrofia,Principal avanzado,Quadriceps,Knee Dominant,Bodybuilding,https://youtu.be/2rYLwmQGZXg?si=FC91EHLdOWAxPSXL,Barbell Overhead Step Up,Pierna,2,fuerza_hipertrofia
Principiante,Peso libre,Fuerza / hipertrofia,Principal,Quadriceps,Knee Dominant,Bodybuilding,https://youtu.be/23z9Mb4sMVk?feature=shared,Single Arm Dumbbell Suitcase Contralateral Step Up,Pierna,2,fuerza_hipertrofia
Principiante,Peso libre,Fuerza / hipertrofia,Principal,Quadriceps,Knee Dominant,Bodybuilding,https://youtu.be/fWhOG_9eHdE?feature=shared,Single Arm Dumbbell Suitcase Ipsilateral Step Up,Pierna,2,fuerza_hipertrofia
Intermedio,Peso libre,Fuerza / hipertrofia,Principal,Quadriceps,Knee Dominant,Bodybuilding,https://youtu.be/8G0AKIfWSBs?si=A1jj7DSnbvZ7u7t-,Single Arm Dumbbell Overhead Ipsilateral Step Up,Pierna,2,fuerza_hipertrofia
Intermedio,Peso libre,Fuerza / hipertrofia,Principal,Quadriceps,Knee Dominant,Bodybuilding,Sin dato,Single Arm Kettlebell Bottoms Up Overhead Alternating Cossack Squat,Pierna,2,fuerza_hipertrofia
Intermedio,Peso libre,Fuerza / hipertrofia,Principal,Quadriceps,Knee Dominant,Bodybuilding,https://youtu.be/Eod-qE6O33E?si=6CUX35luY_zr0tT_,Kettlebell Goblet Low Switch Cossack Squat,Pierna,2,fuerza_hipertrofia
Principiante,Peso libre,Fuerza / hipertrofia,Principal,Quadriceps,Knee Dominant,Bodybuilding,https://youtu.be/svU3rff73Mo?si=wBPTEMnydOoIKHgd,Kettlebell Low Hold Cossack Squat,Pierna,2,fuerza_hipertrofia
Principiante,Peso libre,Fuerza / hipertrofia,Principal,Quadriceps,Knee Dominant,Bodybuilding,https://youtu.be/ZclBW2lK-lY?si=fR_4w2NKvW_BzggV,Kettlebell Low Hold Alternating Cossack Squat,Pierna,2,fuerza_hipertrofia
Principiante,Peso libre,Fuerza / hipertrofia,Principal,Quadriceps,Knee Dominant,Bodybuilding,https://youtu.be/AYgBothlkOA?si=hiSrcI8KbslXlQrq,Single Arm Kettlebell Front Rack Ipsilateral Cossack Squat,Pierna,2,fuerza_hipertrofia
Principiante,Peso libre,Core / estabilidad,Principal,Abdominals,Loaded Carry,Sin clasificar,https://youtu.be/iD8tG0qfztk?si=Z2QMS4VxJJkJ-kUk,Double Kettlebell Front Rack Carry,Core,3,core_estabilidad
Intermedio,Peso libre,Condicion fisica / potencia,Principal,Shoulders,Loaded Carry,Sin clasificar,https://youtu.be/7JUe6YXSM3g?si=TrnVTv62WQxSpsZ1,Double Kettlebell Overhead Carry,Empuje,5,potencia_funcional
Avanzado,Peso libre,Condicion fisica / potencia,Principal avanzado,Shoulders,Loaded Carry,Sin clasificar,https://youtu.be/sUaLKjZx4X0?si=tcwai7A-NJGrnfYn,Double Kettlebell Bottoms Up Overhead Carry,Empuje,5,potencia_funcional
Intermedio,Peso libre,Condicion fisica / potencia,Principal,Shoulders,Loaded Carry,Sin clasificar,https://youtu.be/UTV5o4Oi2KM?si=RDXt3oFCH3cgDQiw,Single Arm Kettlebell Overhead Carry,Empuje,5,potencia_funcional
Avanzado,Peso libre,Condicion fisica / potencia,Principal avanzado,Shoulders,Loaded Carry,Sin clasificar,https://youtu.be/m7e4dzCqoGA?si=wc7zBINGvkkas6BV,Single Arm Kettlebell Bottoms Up Overhead Carry,Empuje,5,potencia_funcional
Intermedio,Peso libre,Fuerza / hipertrofia,Principal,Shoulders,Rotational,Grinds,https://youtu.be/AIMfooNNmvw?si=QCorVlRf7tHTepHu,Single Arm Kettlebell Half Kneeling Bent Press,Empuje,3,fuerza_hipertrofia
Principiante,Peso libre,Fuerza / hipertrofia,Principal,Quadriceps,Knee Dominant,Bodybuilding,Sin dato,Double Clubbell Order Step Up,Pierna,2,fuerza_hipertrofia
Principiante,Peso libre,Fuerza / hipertrofia,Principal,Quadriceps,Knee Dominant,Bodybuilding,Sin dato,Double Clubbell Order Alternating Step Up,Pierna,2,fuerza_hipertrofia
Principiante,Peso libre,Fuerza / hipertrofia,Principal,Quadriceps,Knee Dominant,Bodybuilding,Sin dato,Single Arm Clubbell Order Contralateral Step Up,Pierna,2,fuerza_hipertrofia
Principiante,Peso libre,Fuerza / hipertrofia,Principal,Quadriceps,Knee Dominant,Bodybuilding,Sin dato,Single Arm Clubbell Order Ipsilateral Step Up,Pierna,2,fuerza_hipertrofia
Avanzado,Calistenia / barras,Movilidad / estabilidad,Principal avanzado,Abdominals,Isometric Hold,Calisthenics,https://youtu.be/ixeU8JtnItE?si=yeqNnWyHu_lYZQay,Bar Advanced Tuck Back Lever,Core,3,movilidad_estabilidad
Avanzado,Calistenia / barras,Movilidad / estabilidad,Principal avanzado,Abdominals,Isometric Hold,Calisthenics,Sin dato,Bar Advanced Tuck Front Lever,Core,3,movilidad_estabilidad
Intermedio,Peso libre,Fuerza / hipertrofia,Principal,Shoulders,Vertical Push,Bodybuilding,https://youtu.be/YLxytoB3RN4?si=bzXKJBCQCbLTNZhd,Alternating Double Dumbbell Sots Press,Empuje,2,fuerza_hipertrofia
Intermedio,Peso libre,Fuerza / hipertrofia,Principal,Shoulders,Vertical Push,Bodybuilding,Sin dato,Double Dumbbell Seesaw Sots Press,Empuje,2,fuerza_hipertrofia
Intermedio,Calistenia / barras,Movilidad / estabilidad,Calentamiento,Back,Horizontal Pull,Balance,https://youtu.be/mZJieN2H4PM?si=gtPnQWWttdqNc67H,Suspension Single Leg Standing Bent Knee Mid Row,Jalón,4,movilidad_estabilidad
Avanzado,Calistenia / barras,Movilidad / estabilidad,Principal avanzado,Abdominals,Isometric Hold,Calisthenics,https://youtu.be/ZiUXNRmnC9o?si=H4E1QFrZ06yPO-Jz,Bar Circle Front Lever,Core,3,movilidad_estabilidad
Intermedio,Calistenia / barras,Movilidad / estabilidad,Calentamiento,Back,Horizontal Pull,Balance,https://youtu.be/PaYajo0NIjs?si=BnxQHt0l6HLbbkgL,Suspension Single Leg Standing Bent Knee Low Row,Jalón,4,movilidad_estabilidad
Intermedio,Calistenia / barras,Fuerza / hipertrofia,Principal,Back,Rotational,Sin clasificar,https://youtu.be/EOjx-EK_91I?si=RWxX91ZewMkt9AFa,Single Arm Suspension Rotational Row,Jalón,3,fuerza_hipertrofia
Intermedio,Otro equipo,Movilidad / estabilidad,Calentamiento,Shoulders,Shoulder External Rotation,Mobility,https://youtu.be/3j-GT-SlBj4?si=UkgK_A3tck5Lm2rK,Alternating Double Indian Club Outer Heart Shaped Swing,Empuje,2,movilidad_estabilidad
Intermedio,Otro equipo,Movilidad / estabilidad,Calentamiento,Shoulders,Sin clasificar,Mobility,https://youtu.be/nDugTXCHzFY?si=NQvVJIZJswsF1HNn,Double Indian Club Parallel Swing,Empuje,2,movilidad_estabilidad
Intermedio,Calistenia / barras,Fuerza / hipertrofia,Principal,Chest,Horizontal Push,Sin clasificar,https://youtu.be/rZ2F0Fo1Cts?si=ki-LUP1NvXaLVXL3,Suspension Feet Elevated Decline Push Up,Empuje,3,fuerza_hipertrofia
Avanzado,Calistenia / barras,Movilidad / estabilidad,Principal avanzado,Abdominals,Isometric Hold,Calisthenics,Sin dato,Bar Front Lever Pull to Inverted Hang,Core,3,movilidad_estabilidad
Avanzado,Calistenia / barras,Movilidad / estabilidad,Principal avanzado,Abdominals,Isometric Hold,Calisthenics,https://youtu.be/I5pStn4M6AU?si=xYguBx9qhd3Movl6,Bar Full Back Lever,Core,3,movilidad_estabilidad
Avanzado,Calistenia / barras,Movilidad / estabilidad,Principal avanzado,Abdominals,Isometric Hold,Calisthenics,https://youtu.be/1QCwhp_WlEA?si=wXgs8tAgUOVzgUhI,Bar Full Front Lever,Core,3,movilidad_estabilidad
Intermedio,Accesorios funcionales,Fuerza / hipertrofia,Principal,Chest,Horizontal Push,Sin clasificar,https://youtu.be/XsU1dAVQ04M?si=xZbKraABgDpY1zUM,Slider Atomic Push Up,Empuje,3,fuerza_hipertrofia
Intermedio,Accesorios funcionales,Fuerza / hipertrofia,Principal,Chest,Horizontal Push,Sin clasificar,https://youtu.be/7OwOfbA13Nw?feature=shared,Slider Reach Push Up,Empuje,3,fuerza_hipertrofia
Avanzado,Calistenia / barras,Movilidad / estabilidad,Principal avanzado,Abdominals,Isometric Hold,Calisthenics,https://youtu.be/mT2_DYAVu8c?si=shnn4gm9QMQ0x3Y5,Bar Half Lay Back Lever,Core,3,movilidad_estabilidad
Avanzado,Calistenia / barras,Movilidad / estabilidad,Principal avanzado,Abdominals,Isometric Hold,Calisthenics,https://youtu.be/z-zP32fnugI?si=38IL3ATf8aLehR74,Bar Half Lay Front Lever,Core,3,movilidad_estabilidad
Intermedio,Calistenia / barras,Core / estabilidad,Principal,Abdominals,Spinal Flexion,Sin clasificar,https://youtu.be/KNzJ3GuIpB8?si=va7oq1yMev2p_dQ2,Bar Hanging Knee Raise,Core,1,core_estabilidad
Avanzado,Calistenia / barras,Core / estabilidad,Principal avanzado,Abdominals,Spinal Flexion,Sin clasificar,Sin dato,Bar Hanging Knees to Elbows,Core,1,core_estabilidad
Avanzado,Calistenia / barras,Core / estabilidad,Principal avanzado,Abdominals,Spinal Flexion,Sin clasificar,Sin dato,Bar Hanging Knees to Wrists,Core,1,core_estabilidad
Avanzado,Calistenia / barras,Core / estabilidad,Principal avanzado,Abdominals,Hip Flexion,Calisthenics,Sin dato,Bar Hanging Leg Raise,Core,3,core_estabilidad
Avanzado,Calistenia / barras,Core / estabilidad,Principal avanzado,Abdominals,Hip Flexion,Calisthenics,https://youtu.be/xX9Hzi7Onnw?si=DF7ySd87D6LcLvwN,Bar Hanging Toes to Bar,Core,3,core_estabilidad
Intermedio,Calistenia / barras,Core / estabilidad,Principal,Abdominals,Rotational,Sin clasificar,https://youtu.be/sqDdHFC1KYk?si=VwW9AhJxnFtKqLWf,Bar Hanging Oblique Knee Raise,Core,3,core_estabilidad
Avanzado,Calistenia / barras,Movilidad / estabilidad,Principal avanzado,Abdominals,Isometric Hold,Calisthenics,Sin dato,Bar Inverted Hang,Core,3,movilidad_estabilidad
Intermedio,Calistenia / barras,Core / estabilidad,Principal,Hip Flexors,Hip Flexion,Sin clasificar,https://youtu.be/MGBT77oSGiA?si=AGhUTOg_vYJNxD4y,Bar Hanging L Sit Flutter Kicks,Core,-4,core_estabilidad
Intermedio,Peso libre,Fuerza / hipertrofia,Principal,Shoulders,Vertical Push,Bodybuilding,https://youtu.be/6p9PqTZuhcg?si=nxxkNsm2jrR22MT1,Single Arm Kettlebell Half Kneeling Ipsilateral Overhead Press,Empuje,2,fuerza_hipertrofia
Intermedio,Calistenia / barras,Fuerza / hipertrofia,Principal,Back,Rotational,Sin clasificar,Sin dato,Suspension Rotational Row,Jalón,3,fuerza_hipertrofia
Intermedio,Accesorios funcionales,Fuerza / hipertrofia,Principal,Chest,Horizontal Push,Sin clasificar,https://youtu.be/Rz_FBXCafls?si=wfY5MWfyEHQ-ZbZR,Slider Alternating Reach Push Up,Empuje,3,fuerza_hipertrofia
Intermedio,Otro equipo,Fuerza / hipertrofia,Principal,Shoulders,Vertical Push,Bodybuilding,Sin dato,Alternating Single Arm Landmine Z Press,Empuje,2,fuerza_hipertrofia
Intermedio,Peso libre,Condicion fisica / potencia,Tecnica,Shoulders,Rotational,Ballistics,Sin dato,Single Arm Macebell Bull Whip,Empuje,8,potencia_funcional
Avanzado,Calistenia / barras,Movilidad / estabilidad,Principal avanzado,Abdominals,Isometric Hold,Calisthenics,https://youtu.be/3M3VxKm08cs?si=dt2GQl57ObWtHdOH,Bar Single Leg Out Back Lever,Core,3,movilidad_estabilidad
Avanzado,Calistenia / barras,Movilidad / estabilidad,Principal avanzado,Abdominals,Isometric Hold,Calisthenics,https://youtu.be/HzcWRdP78Wo?si=l0PzesASSgyca9XI,Bar Single Leg Out Front Lever,Core,3,movilidad_estabilidad
Intermedio,Peso libre,Fuerza / hipertrofia,Principal,Shoulders,Vertical Push,Sin clasificar,Sin dato,Double Kettlebell Bottoms Up Push Press,Empuje,3,fuerza_hipertrofia
Avanzado,Calistenia / barras,Movilidad / estabilidad,Principal avanzado,Abdominals,Isometric Hold,Calisthenics,https://youtu.be/-H0jvoX9D4U?si=JgYHw7fT5duJS_3Q,Bar Straddle Back Lever,Core,3,movilidad_estabilidad
Avanzado,Calistenia / barras,Movilidad / estabilidad,Principal avanzado,Abdominals,Isometric Hold,Calisthenics,Sin dato,Bar Straddle Front Lever,Core,3,movilidad_estabilidad
Intermedio,Peso libre,Fuerza / hipertrofia,Principal,Shoulders,Vertical Push,Sin clasificar,Sin dato,Alternating Double Kettlebell Bottoms Up Push Press,Empuje,3,fuerza_hipertrofia
Intermedio,Peso libre,Fuerza / hipertrofia,Principal,Shoulders,Vertical Push,Sin clasificar,https://youtu.be/xjbycsKgqjQ?si=LkTmhk8Js8iT50DU,Alternating Double Kettlebell Bottoms Up Overhead Press,Empuje,3,fuerza_hipertrofia
Avanzado,Calistenia / barras,Movilidad / estabilidad,Principal avanzado,Abdominals,Isometric Hold,Calisthenics,https://youtu.be/LfyGMZh-Bz4?si=6Cp5HCRlHxaaAXAk,Bar Tuck Back Lever,Core,3,movilidad_estabilidad
Intermedio,Peso libre,Fuerza / hipertrofia,Principal,Shoulders,Vertical Push,Sin clasificar,https://youtu.be/HDzbviKeH8A?si=B97qZHv-l5DP5Zwg,Double Kettlebell Bottoms Up Seesaw Overhead Press,Empuje,3,fuerza_hipertrofia
Avanzado,Calistenia / barras,Movilidad / estabilidad,Principal avanzado,Abdominals,Isometric Hold,Calisthenics,https://youtu.be/BDYs4d0-dbs?si=xhEemMS0ZwEdNi-P,Bar Tuck Front Lever,Core,3,movilidad_estabilidad
Intermedio,Peso libre,Fuerza / hipertrofia,Principal,Shoulders,Vertical Push,Bodybuilding,Sin dato,Double Kettlebell Bottoms Up Half Kneeling Seesaw Overhead Press,Empuje,2,fuerza_hipertrofia
Avanzado,Calistenia / barras,Fuerza / hipertrofia,Principal avanzado,Chest,Horizontal Push,Calisthenics,Sin dato,Ring Full Planche Push Up,Empuje,5,fuerza_hipertrofia
Avanzado,Calistenia / barras,Fuerza / hipertrofia,Principal avanzado,Chest,Horizontal Push,Calisthenics,Sin dato,Ring Straddle Planche Push Up,Empuje,5,fuerza_hipertrofia
Avanzado,Sin equipo,Fuerza / hipertrofia,Principal avanzado,Chest,Horizontal Push,Calisthenics,https://youtu.be/kw0kXtvOpfU?si=l1qrLXesjuSAv8NK,Bodyweight Fingertip Full Planche Push Up,Empuje,5,fuerza_hipertrofia
Avanzado,Otro equipo,Fuerza / hipertrofia,Principal avanzado,Shoulders,Vertical Push,Calisthenics,Sin dato,Parallette Wall Supported Handstand Push Up,Empuje,5,fuerza_hipertrofia
Avanzado,Calistenia / barras,Fuerza / hipertrofia,Principal avanzado,Chest,Horizontal Push,Calisthenics,https://youtu.be/d305HI37Rc0,Ring Grip Push Up,Empuje,5,fuerza_hipertrofia
Avanzado,Peso libre,Fuerza / hipertrofia,Principal avanzado,Shoulders,Vertical Push,Bodybuilding,https://youtu.be/Oz--LasDphM?si=JVdkguhnIxf9Ho8X,Single Arm Barbell Overhead Press,Empuje,2,fuerza_hipertrofia
Avanzado,Calistenia / barras,Movilidad / estabilidad,Principal avanzado,Shoulders,Isometric Hold,Calisthenics,https://youtu.be/_Jf4hAHEwm8,Ring Shoulder Stand,Empuje,3,movilidad_estabilidad
Avanzado,Calistenia / barras,Movilidad / estabilidad,Principal avanzado,Shoulders,Isometric Hold,Calisthenics,https://youtu.be/3cLo1dWPqis,Ring Strap Handstand,Empuje,3,movilidad_estabilidad
Avanzado,Calistenia / barras,Movilidad / estabilidad,Principal avanzado,Shoulders,Isometric Hold,Calisthenics,Sin dato,Ring Handstand,Empuje,3,movilidad_estabilidad
Avanzado,Calistenia / barras,Fuerza / hipertrofia,Principal avanzado,Shoulders,Vertical Push,Calisthenics,https://youtu.be/nUt-_d3zP2w,Ring Strap Handstand Push Up,Empuje,5,fuerza_hipertrofia
Avanzado,Sin equipo,Fuerza / hipertrofia,Principal avanzado,Shoulders,Vertical Push,Calisthenics,https://youtu.be/olR47A-UOYU?si=XvqzFclDvXSJPmsi,Bodyweight Straddle Press Handstand,Empuje,5,fuerza_hipertrofia
Principiante,Sin equipo,Fuerza / hipertrofia,Principal,Quadriceps,Knee Dominant,Calisthenics,https://youtu.be/lUSmIRNqt9w?si=2Uzz5dQAroAGZKAK,Bodyweight Alternating Step Up,Pierna,5,fuerza_hipertrofia
Principiante,Sin equipo,Fuerza / hipertrofia,Principal,Quadriceps,Knee Dominant,Calisthenics,https://youtu.be/V9ButqpLLcw?si=W7rot5ocLsfGP3zd,Bodyweight Step Up,Pierna,5,fuerza_hipertrofia
Principiante,Peso libre,Fuerza / hipertrofia,Principal,Quadriceps,Knee Dominant,Bodybuilding,Sin dato,Macebell Order Cossack Squat,Pierna,2,fuerza_hipertrofia
Principiante,Peso libre,Fuerza / hipertrofia,Principal,Quadriceps,Knee Dominant,Bodybuilding,Sin dato,Macebell Order Alternating Cossack Squat,Pierna,2,fuerza_hipertrofia
Intermedio,Peso libre,Fuerza / hipertrofia,Principal,Quadriceps,Knee Dominant,Bodybuilding,Sin dato,Macebell Order Low Switch Cossack Squat,Pierna,2,fuerza_hipertrofia
Intermedio,Peso libre,Fuerza / hipertrofia,Principal,Quadriceps,Knee Dominant,Bodybuilding,Sin dato,Macebell Order Foot Elevated Cossack Squat,Pierna,2,fuerza_hipertrofia
Avanzado,Sin equipo,Fuerza / hipertrofia,Principal avanzado,Shoulders,Vertical Push,Calisthenics,https://youtu.be/5qjQF8Bwk9Y?si=hKn5hERkDvTWUSxe,Bodyweight Pike Press Handstand,Empuje,5,fuerza_hipertrofia
Avanzado,Otro equipo,Fuerza / hipertrofia,Principal avanzado,Shoulders,Vertical Push,Calisthenics,https://youtu.be/Hx31luas38Q,Parallette L Sit to Straddle Press Handstand,Empuje,0,fuerza_hipertrofia
Avanzado,Otro equipo,Fuerza / hipertrofia,Principal avanzado,Shoulders,Vertical Push,Calisthenics,Sin dato,Parallette L Sit to Pike Press Handstand,Empuje,0,fuerza_hipertrofia
Intermedio,Peso libre,Fuerza / hipertrofia,Principal,Shoulders,Vertical Push,Sin clasificar,https://youtu.be/AVH3_x1LZA4?si=xUfQv7BiQgAH0riW,Heavy Sandbag Clean to Push Press,Empuje,3,fuerza_hipertrofia
Avanzado,Calistenia / barras,Fuerza / hipertrofia,Principal avanzado,Back,Horizontal Pull,Calisthenics,https://youtu.be/7gLyX3Q1KJA,Ring Tuck Front Lever Pull Up,Jalón,5,fuerza_hipertrofia
Avanzado,Calistenia / barras,Fuerza / hipertrofia,Principal avanzado,Back,Horizontal Pull,Calisthenics,Sin dato,Ring Advanced Tuck Front Lever Pull Up,Jalón,5,fuerza_hipertrofia
Principiante,Peso libre,Fuerza / hipertrofia,Principal,Quadriceps,Knee Dominant,Bodybuilding,https://youtu.be/OFSepehKEsg?si=cACSI6X-vniOrBik,Double Kettlebell Suitcase Walking Lunge,Pierna,2,fuerza_hipertrofia
Principiante,Peso libre,Movilidad / estabilidad,Calentamiento,Hip Flexors,Locomotion,Balance,Sin dato,Double Clubbell Order March,Core,4,movilidad_estabilidad
Principiante,Peso libre,Movilidad / estabilidad,Calentamiento,Hip Flexors,Locomotion,Balance,Sin dato,Single Arm Clubbell Order March,Core,4,movilidad_estabilidad
Avanzado,Calistenia / barras,Fuerza / hipertrofia,Principal avanzado,Back,Horizontal Pull,Calisthenics,Sin dato,Ring Straddle Front Lever Pull Up,Jalón,5,fuerza_hipertrofia
Avanzado,Calistenia / barras,Fuerza / hipertrofia,Principal avanzado,Chest,Horizontal Push,Calisthenics,https://youtu.be/9sjQEtGoScA,Single Arm Ring Push Up,Empuje,5,fuerza_hipertrofia
Avanzado,Calistenia / barras,Fuerza / hipertrofia,Principal avanzado,Back,Vertical Pull,Calisthenics,https://youtu.be/CP4kwFLxRYg,Ring L Sit Muscle Up,Jalón,0,fuerza_hipertrofia
Avanzado,Calistenia / barras,Fuerza / hipertrofia,Principal avanzado,Back,Vertical Pull,Calisthenics,https://youtu.be/vJTJFc2wmk4,Ring Strict Muscle Up,Jalón,5,fuerza_hipertrofia
Principiante,Peso libre,Fuerza / hipertrofia,Principal,Quadriceps,Knee Dominant,Bodybuilding,https://youtu.be/ojCvehn5SjY?si=tdD_tXPCt_VXy9h3,Single Arm Kettlebell Suitcase Walking Lunge,Pierna,2,fuerza_hipertrofia
Principiante,Peso libre,Fuerza / hipertrofia,Principal,Quadriceps,Knee Dominant,Bodybuilding,https://youtu.be/9C-hKwyOaE4?si=SpYmw0aHIO29g-Cj,Single Arm Kettlebell Front Rack Walking Lunge,Pierna,2,fuerza_hipertrofia
Intermedio,Peso libre,Fuerza / hipertrofia,Principal,Quadriceps,Knee Dominant,Bodybuilding,https://youtu.be/ApTlAc-7lGY?si=SjnB0ffZ9Ws6qo9D,Single Arm Kettlebell Overhead Walking Lunge,Pierna,2,fuerza_hipertrofia
Avanzado,Peso libre,Fuerza / hipertrofia,Principal avanzado,Quadriceps,Knee Dominant,Bodybuilding,https://youtu.be/0D5CejWdGE4?feature=shared,Single Arm Kettlebell Bottoms Up Overhead Walking Lunge,Pierna,2,fuerza_hipertrofia
Avanzado,Otro equipo,Movilidad / estabilidad,Calentamiento,Shoulders,Vertical Push,Balance,Sin dato,Single Arm Landmine Isometric Split Squat Shoulder Press,Empuje,4,movilidad_estabilidad
Intermedio,Peso libre,Condicion fisica / potencia,Tecnica,Abdominals,Rotational,Ballistics,Sin dato,Single Arm Clubbell Inside Pendulum to Outside Pendulum,Core,8,potencia_funcional
Intermedio,Peso libre,Condicion fisica / potencia,Tecnica,Abdominals,Rotational,Ballistics,https://youtu.be/KPxWt4X3CYQ?si=LHuzEfvY58pZcQ4P,Clubbell Inside Pendulum,Core,8,potencia_funcional
Intermedio,Peso libre,Condicion fisica / potencia,Tecnica,Abdominals,Rotational,Ballistics,Sin dato,Clubbell Inside Pendulum to Outside Pendulum,Core,8,potencia_funcional
Intermedio,Peso libre,Condicion fisica / potencia,Tecnica,Abdominals,Rotational,Ballistics,Sin dato,Single Arm Clubbell Outside Circle,Core,8,potencia_funcional
Intermedio,Peso libre,Condicion fisica / potencia,Tecnica,Abdominals,Rotational,Ballistics,Sin dato,Alternating Double Clubbell Outside Circle,Core,8,potencia_funcional
Intermedio,Peso libre,Condicion fisica / potencia,Tecnica,Abdominals,Rotational,Ballistics,Sin dato,Double Clubbell Inside Circle to Outside Circle,Core,8,potencia_funcional
Intermedio,Peso libre,Fuerza / hipertrofia,Principal,Quadriceps,Knee Dominant,Bodybuilding,Sin dato,Single Arm Kettlebell Bottoms Up Front Rack Squat,Pierna,2,fuerza_hipertrofia
Principiante,Peso libre,Fuerza / hipertrofia,Principal,Hamstrings,Hip Hinge,Bodybuilding,https://youtu.be/keiZFdUgvKQ?si=dkMliNkbyV8fodl2,Kettlebell Romanian Deadlift,Cadera,2,fuerza_hipertrofia
Avanzado,Peso libre,Condicion fisica / potencia,Tecnica,Quadriceps,Knee Dominant,Olympic Weightlifting,https://youtu.be/XuFaD1sAVGI?si=TR-XC6iaJP514gda,Barbell Snatch Balance,Pierna,5,potencia_funcional
Avanzado,Otro equipo,Condicion general,Principal avanzado,Shoulders,Vertical Push,Calisthenics,https://youtu.be/DRYQDMUVgYE,Parallette Straddle Press to Handstand,Empuje,7,potencia_funcional
Principiante,Peso libre,Movilidad / estabilidad,Calentamiento,Hip Flexors,Locomotion,Balance,https://youtu.be/Yz0g3nK0UH8?si=uzYt2n3dgbhVRnnW,Double Dumbbell Suitcase March,Core,4,movilidad_estabilidad
Principiante,Peso libre,Movilidad / estabilidad,Calentamiento,Hip Flexors,Locomotion,Balance,https://youtu.be/l5n8bNkwXFo?si=N5Nmp5n6RrmLD2uu,Single Arm Dumbbell Suitcase March,Core,4,movilidad_estabilidad
Principiante,Peso libre,Movilidad / estabilidad,Calentamiento,Hip Flexors,Locomotion,Balance,https://youtu.be/46yupJpHPBM?feature=shared,Double Dumbbell Front Rack March,Core,4,movilidad_estabilidad
Principiante,Peso libre,Movilidad / estabilidad,Calentamiento,Hip Flexors,Locomotion,Balance,https://youtu.be/x_pMZHT1PJI?si=gXaoVxcFe0j1mtPQ,Single Arm Dumbbell Front Rack March,Core,4,movilidad_estabilidad
Intermedio,Peso libre,Movilidad / estabilidad,Calentamiento,Hip Flexors,Locomotion,Balance,https://youtu.be/Iqc40RmX2t8?si=6XNRQXHsREEsYjGr,Double Dumbbell Overhead March,Core,4,movilidad_estabilidad
Intermedio,Peso libre,Movilidad / estabilidad,Calentamiento,Hip Flexors,Locomotion,Balance,https://youtu.be/6Yw94hTsI2s?si=oPrzNDtNw4g-Xhy-,Single Arm Dumbbell Overhead March,Core,4,movilidad_estabilidad
Principiante,Peso libre,Movilidad / estabilidad,Calentamiento,Hip Flexors,Locomotion,Balance,https://youtu.be/dSSBwrzbtGI?feature=shared,Barbell Front Rack March,Core,4,movilidad_estabilidad
Principiante,Peso libre,Movilidad / estabilidad,Calentamiento,Hip Flexors,Locomotion,Balance,Sin dato,Barbell Back Rack March,Core,4,movilidad_estabilidad
Intermedio,Peso libre,Fuerza / hipertrofia,Principal,Quadriceps,Knee Dominant,Bodybuilding,https://youtu.be/H8YHDNCH5-o?si=niOwS0JaOXdOT4Ip,Barbell Back Rack Alternating Forward Lunge,Pierna,2,fuerza_hipertrofia
Intermedio,Peso libre,Fuerza / hipertrofia,Principal,Quadriceps,Knee Dominant,Bodybuilding,https://youtu.be/fP3L8yqDaYo?si=xq03w4XotIlArOk3,Barbell Back Rack Alternating Reverse Lunge,Pierna,2,fuerza_hipertrofia
Avanzado,Peso libre,Fuerza / hipertrofia,Principal avanzado,Quadriceps,Knee Dominant,Bodybuilding,Sin dato,Barbell Overhead Alternating Lateral Lunge,Pierna,2,fuerza_hipertrofia
Intermedio,Peso libre,Fuerza / hipertrofia,Principal,Quadriceps,Knee Dominant,Bodybuilding,Sin dato,Barbell Front Rack Alternating Lateral Lunge,Pierna,2,fuerza_hipertrofia
Intermedio,Peso libre,Fuerza / hipertrofia,Principal,Quadriceps,Knee Dominant,Bodybuilding,Sin dato,Barbell Back Rack Alternating Lateral Lunge,Pierna,2,fuerza_hipertrofia
Intermedio,Peso libre,Fuerza / hipertrofia,Principal,Hamstrings,Hip Hinge,Bodybuilding,https://youtu.be/wacHvU9ISqQ?si=6Hco-OabboEOEO3N,Kettlebell Single Leg Romanian Deadlift,Cadera,2,fuerza_hipertrofia
Avanzado,Calistenia / barras,Fuerza / hipertrofia,Principal avanzado,Biceps,Vertical Pull,Calisthenics,https://youtu.be/Vg0K1uuNQLI,Single Arm Ring Eccentric Chin Up,Jalón,5,fuerza_hipertrofia
Avanzado,Otro equipo,Movilidad / estabilidad,Principal avanzado,Shoulders,Isometric Hold,Calisthenics,https://youtu.be/Qoyxwu0i5Og?si=v6_bUX0l76eWrYRZ,Parallette Freestanding Handstand,Empuje,3,movilidad_estabilidad
Avanzado,Calistenia / barras,Fuerza / hipertrofia,Principal avanzado,Biceps,Vertical Pull,Calisthenics,https://youtu.be/PUjiG2iQHzk?si=OVi5AVNaOFs0SP5b,Ring Gironda Sternum Chin Up,Jalón,5,fuerza_hipertrofia
Avanzado,Peso libre,Movilidad / estabilidad,Calentamiento,Quadriceps,Knee Dominant,Balance,Sin dato,Single Arm Kettlebell Front Rack Contralateral Pistol Squat,Pierna,4,movilidad_estabilidad
Avanzado,Peso libre,Movilidad / estabilidad,Calentamiento,Quadriceps,Knee Dominant,Balance,https://youtu.be/RHj4ErHsJAw?si=ZUMLXqjq5pmMSAf_,Single Arm Kettlebell Front Rack Ipsilateral Pistol Squat,Pierna,4,movilidad_estabilidad
Avanzado,Peso libre,Movilidad / estabilidad,Calentamiento,Quadriceps,Knee Dominant,Balance,Sin dato,Single Arm Kettlebell Bottoms Up Front Rack Contralateral Pistol Squat,Pierna,4,movilidad_estabilidad
Avanzado,Peso libre,Movilidad / estabilidad,Calentamiento,Quadriceps,Knee Dominant,Balance,Sin dato,Single Arm Kettlebell Bottoms Up Front Rack Ipsilateral Pistol Squat,Pierna,4,movilidad_estabilidad
Avanzado,Peso libre,Movilidad / estabilidad,Calentamiento,Quadriceps,Knee Dominant,Balance,https://youtu.be/L0S7ATOR1Rw?si=KpjiKwE_QaiTxnfw,Kettlebell Horn Grip Pistol Squat,Pierna,4,movilidad_estabilidad
Avanzado,Peso libre,Movilidad / estabilidad,Calentamiento,Quadriceps,Knee Dominant,Balance,Sin dato,Single Arm Kettlebell Overhead Contralateral Pistol Squat,Pierna,4,movilidad_estabilidad
Avanzado,Peso libre,Movilidad / estabilidad,Calentamiento,Quadriceps,Knee Dominant,Balance,Sin dato,Single Arm Kettlebell Overhead Ipsilateral Pistol Squat,Pierna,4,movilidad_estabilidad
Avanzado,Peso libre,Movilidad / estabilidad,Calentamiento,Quadriceps,Knee Dominant,Balance,Sin dato,Single Arm Kettlebell Bottoms Up Overhead Contralateral Pistol Squat,Pierna,4,movilidad_estabilidad
Avanzado,Peso libre,Movilidad / estabilidad,Calentamiento,Quadriceps,Knee Dominant,Balance,Sin dato,Single Arm Kettlebell Bottoms Up Overhead Ipsilateral Pistol Squat,Pierna,4,movilidad_estabilidad
Avanzado,Peso libre,Movilidad / estabilidad,Principal avanzado,Abdominals,Isometric Hold,Calisthenics,https://youtu.be/AOjVLnxbmHU?si=LVrFAJ6HK8bfJmCb,Double Kettlebell L Sit,Core,-2,movilidad_estabilidad
Avanzado,Peso libre,Movilidad / estabilidad,Principal avanzado,Abdominals,Isometric Hold,Calisthenics,https://youtu.be/FNsKwVfAF2A?si=ZLDbQY35pGpv6Wk5,Double Kettlebell L Sit Lift Over,Core,-2,movilidad_estabilidad
Avanzado,Peso libre,Core / estabilidad,Principal avanzado,Abdominals,Rotational,Grinds,https://youtu.be/sGgI_gV85Zs?si=0_msxxqLJEv8yQl7,Single Arm Kettlebell Bottoms Up Windmill,Core,3,core_estabilidad
Avanzado,Peso libre,Fuerza / hipertrofia,Principal avanzado,Shoulders,Rotational,Grinds,Sin dato,Single Arm Kettlebell Bottoms Up Bent Press,Empuje,3,fuerza_hipertrofia
Avanzado,Peso libre,Fuerza / hipertrofia,Principal avanzado,Shoulders,Rotational,Grinds,Sin dato,Single Arm Kettlebell Bottoms Up Half Kneeling Bent Press,Empuje,3,fuerza_hipertrofia
Avanzado,Calistenia / barras,Fuerza / hipertrofia,Principal avanzado,Back,Vertical Pull,Calisthenics,Sin dato,Ring L Sit Archer Pull Up,Jalón,0,fuerza_hipertrofia
Intermedio,Peso libre,Movilidad / estabilidad,Calentamiento,Hip Flexors,Locomotion,Balance,https://youtu.be/R2nuXQJt-08?si=ZZwubaIV-9OycLD5,Double Kettlebell Overhead March,Core,4,movilidad_estabilidad
Intermedio,Peso libre,Movilidad / estabilidad,Calentamiento,Hip Flexors,Locomotion,Balance,https://youtu.be/GL4yx2rQpIs?si=lvmUx2j0LaKZx4RZ,Single Arm Kettlebell Overhead March,Core,4,movilidad_estabilidad
Principiante,Peso libre,Fuerza / hipertrofia,Principal,Quadriceps,Knee Dominant,Bodybuilding,https://youtu.be/oeyAEgHBVYc?si=mHjzSFPeM2YyoC0H,Double Kettlebell Suitcase Alternating Forward Lunge,Pierna,2,fuerza_hipertrofia
Principiante,Peso libre,Fuerza / hipertrofia,Principal,Quadriceps,Knee Dominant,Bodybuilding,https://youtu.be/zO8xPAa4-cY?si=bSfD4Gd8EdQ631Hq,Double Kettlebell Suitcase Alternating Lateral Lunge,Pierna,2,fuerza_hipertrofia
Principiante,Peso libre,Fuerza / hipertrofia,Principal,Quadriceps,Knee Dominant,Bodybuilding,https://youtu.be/TzuHADj8h4M?si=tAyLqN0pCIXqxity,Double Kettlebell Front Rack Alternating Lateral Lunge,Pierna,2,fuerza_hipertrofia
Principiante,Peso libre,Fuerza / hipertrofia,Principal,Quadriceps,Knee Dominant,Bodybuilding,https://youtu.be/KIDRnwRAKAY?si=b00pYocO2xqWBGiJ,Double Kettlebell Front Rack Alternating Forward Lunge,Pierna,2,fuerza_hipertrofia
Principiante,Peso libre,Fuerza / hipertrofia,Principal,Quadriceps,Knee Dominant,Bodybuilding,https://youtu.be/JKk87eVdbG8?si=Est-myfua9sI06NN,Double Kettlebell Front Rack Alternating Reverse Lunge,Pierna,2,fuerza_hipertrofia
Intermedio,Peso libre,Fuerza / hipertrofia,Principal,Quadriceps,Knee Dominant,Bodybuilding,Sin dato,Double Kettlebell Bottoms Up Front Rack Alternating Lateral Lunge,Pierna,2,fuerza_hipertrofia
Intermedio,Peso libre,Fuerza / hipertrofia,Principal,Quadriceps,Knee Dominant,Bodybuilding,Sin dato,Double Kettlebell Bottoms Up Front Rack Alternating Forward Lunge,Pierna,2,fuerza_hipertrofia
Intermedio,Peso libre,Fuerza / hipertrofia,Principal,Quadriceps,Knee Dominant,Bodybuilding,https://youtu.be/A4SnLhdMKu4?si=AWoi6qQOHivzUZeZ,Double Kettlebell Bottoms Up Front Rack Alternating Reverse Lunge,Pierna,2,fuerza_hipertrofia
Principiante,Peso libre,Fuerza / hipertrofia,Principal,Quadriceps,Knee Dominant,Bodybuilding,https://youtu.be/GkgTBlp417A?si=2RKL7GSC-wlwXQrE,Double Dumbbell Suitcase Alternating Lateral Lunge,Pierna,2,fuerza_hipertrofia
Principiante,Peso libre,Fuerza / hipertrofia,Principal,Quadriceps,Knee Dominant,Bodybuilding,https://youtu.be/V-crv5-Tqbg?si=k00dfu1tLmH4-h3a,Double Dumbbell Front Rack Alternating Lateral Lunge,Pierna,2,fuerza_hipertrofia
Principiante,Peso libre,Fuerza / hipertrofia,Principal,Quadriceps,Knee Dominant,Bodybuilding,https://youtu.be/Ambx6K-_AfY?si=2pUqPVUnlmZLMMwH,Double Dumbbell Front Rack Alternating Forward Lunge,Pierna,2,fuerza_hipertrofia
Principiante,Peso libre,Fuerza / hipertrofia,Principal,Quadriceps,Knee Dominant,Bodybuilding,https://youtu.be/1iT74xBv0LA?si=vNMiZEtQ8W3QCkqc,Double Dumbbell Front Rack Alternating Reverse Lunge,Pierna,2,fuerza_hipertrofia
Intermedio,Peso libre,Fuerza / hipertrofia,Principal,Quadriceps,Knee Dominant,Bodybuilding,Sin dato,Double Dumbbell Overhead Alternating Lateral Lunge,Pierna,2,fuerza_hipertrofia
Intermedio,Peso libre,Fuerza / hipertrofia,Principal,Quadriceps,Knee Dominant,Bodybuilding,https://youtu.be/8OZUh9sHk-8?si=euVM8-cldcw4zaJf,Double Dumbbell Overhead Alternating Forward Lunge,Pierna,2,fuerza_hipertrofia
Intermedio,Peso libre,Fuerza / hipertrofia,Principal,Quadriceps,Knee Dominant,Bodybuilding,https://youtu.be/eK7AzF0-rt4?si=0L-vfrm5QmGhcV2l,Double Dumbbell Overhead Alternating Reverse Lunge,Pierna,2,fuerza_hipertrofia
Principiante,Peso libre,Fuerza / hipertrofia,Principal,Quadriceps,Knee Dominant,Bodybuilding,https://youtu.be/DbANzYj8EWQ?si=NULTCgfWBvm6vNpX,Single Arm Dumbbell Suitcase Alternating Forward Lunge,Pierna,2,fuerza_hipertrofia
Principiante,Peso libre,Fuerza / hipertrofia,Principal,Quadriceps,Knee Dominant,Bodybuilding,https://youtu.be/kTfl5mhcwso?si=iDo9iOmHhKSZIQlN,Single Arm Dumbbell Suitcase Alternating Reverse Lunge,Pierna,2,fuerza_hipertrofia
Principiante,Peso libre,Fuerza / hipertrofia,Principal,Quadriceps,Knee Dominant,Bodybuilding,Sin dato,Alternating Single Arm Dumbbell Low Hold Alternating Lateral Lunge,Pierna,2,fuerza_hipertrofia
Principiante,Peso libre,Fuerza / hipertrofia,Principal,Quadriceps,Knee Dominant,Bodybuilding,Sin dato,Single Arm Dumbbell Front Rack Alternating Lateral Lunge,Pierna,2,fuerza_hipertrofia
Principiante,Peso libre,Fuerza / hipertrofia,Principal,Quadriceps,Knee Dominant,Bodybuilding,https://youtu.be/b3ewFBSqc9k?si=l6I7tV4HN4z6vcCS,Single Arm Dumbbell Front Rack Alternating Forward Lunge,Pierna,2,fuerza_hipertrofia
Principiante,Peso libre,Fuerza / hipertrofia,Principal,Quadriceps,Knee Dominant,Bodybuilding,https://youtu.be/1uuCmY9bVao?si=0iam54INq6LqKgrV,Single Arm Dumbbell Front Rack Alternating Reverse Lunge,Pierna,2,fuerza_hipertrofia
Intermedio,Peso libre,Fuerza / hipertrofia,Principal,Quadriceps,Knee Dominant,Bodybuilding,Sin dato,Single Arm Dumbbell Overhead Alternating Lateral Lunge,Pierna,2,fuerza_hipertrofia
Intermedio,Peso libre,Fuerza / hipertrofia,Principal,Quadriceps,Knee Dominant,Bodybuilding,https://youtu.be/RNdGRLDFZ_E?si=ViWm3Cym-_kPAyPr,Single Arm Dumbbell Overhead Alternating Forward Lunge,Pierna,2,fuerza_hipertrofia
Intermedio,Peso libre,Fuerza / hipertrofia,Principal,Quadriceps,Knee Dominant,Bodybuilding,https://youtu.be/y6Z1csYJqI8?si=VJQkALrooI76ZWQ9,Single Arm Dumbbell Overhead Alternating Reverse Lunge,Pierna,2,fuerza_hipertrofia
Intermedio,Peso libre,Fuerza / hipertrofia,Principal,Quadriceps,Knee Dominant,Bodybuilding,Sin dato,Double Kettlebell Overhead Alternating Lateral Lunge,Pierna,2,fuerza_hipertrofia
Intermedio,Peso libre,Fuerza / hipertrofia,Principal,Quadriceps,Knee Dominant,Bodybuilding,https://youtu.be/iPBOqxEBcto?si=yJqaSgMnybSQX6Oy,Double Kettlebell Overhead Alternating Forward Lunge,Pierna,2,fuerza_hipertrofia
Intermedio,Peso libre,Fuerza / hipertrofia,Principal,Quadriceps,Knee Dominant,Bodybuilding,https://youtu.be/HFjBFM1Fswo?si=BiUd6crmcvrtRZx2,Double Kettlebell Overhead Alternating Reverse Lunge,Pierna,2,fuerza_hipertrofia
Principiante,Peso libre,Fuerza / hipertrofia,Principal,Quadriceps,Knee Dominant,Bodybuilding,https://youtu.be/xFvob3P7I74?si=o6y90mzLlkb5kjLo,Dumbbell Goblet Alternating Lateral Lunge,Pierna,2,fuerza_hipertrofia
Principiante,Peso libre,Fuerza / hipertrofia,Principal,Quadriceps,Knee Dominant,Bodybuilding,https://youtu.be/MjHkEW-AMQI?si=EyW7vqzwyfCJv1bN,Dumbbell Goblet Alternating Forward Lunge,Pierna,2,fuerza_hipertrofia
Principiante,Peso libre,Fuerza / hipertrofia,Principal,Quadriceps,Knee Dominant,Bodybuilding,https://youtu.be/YidVOnuiDfc?si=ECuN-ZTMBkyH_maZ,Dumbbell Goblet Alternating Reverse Lunge,Pierna,2,fuerza_hipertrofia
Principiante,Peso libre,Fuerza / hipertrofia,Principal,Quadriceps,Knee Dominant,Bodybuilding,Sin dato,Clubbell Order Alternating Lateral Lunge,Pierna,2,fuerza_hipertrofia
Principiante,Peso libre,Fuerza / hipertrofia,Principal,Quadriceps,Knee Dominant,Bodybuilding,Sin dato,Clubbell Order Alternating Forward Lunge,Pierna,2,fuerza_hipertrofia
Principiante,Peso libre,Fuerza / hipertrofia,Principal,Quadriceps,Knee Dominant,Bodybuilding,Sin dato,Clubbell Order Alternating Reverse Lunge,Pierna,2,fuerza_hipertrofia
Principiante,Peso libre,Fuerza / hipertrofia,Principal,Quadriceps,Knee Dominant,Bodybuilding,Sin dato,Double Clubbell Order Alternating Lateral Lunge,Pierna,2,fuerza_hipertrofia
Principiante,Peso libre,Fuerza / hipertrofia,Principal,Quadriceps,Knee Dominant,Bodybuilding,Sin dato,Double Clubbell Order Alternating Forward Lunge,Pierna,2,fuerza_hipertrofia
Principiante,Peso libre,Fuerza / hipertrofia,Principal,Quadriceps,Knee Dominant,Bodybuilding,Sin dato,Double Clubbell Order Alternating Reverse Lunge,Pierna,2,fuerza_hipertrofia
Principiante,Peso libre,Fuerza / hipertrofia,Principal,Quadriceps,Knee Dominant,Bodybuilding,Sin dato,Single Arm Clubbell Order Alternating Lateral Lunge,Pierna,2,fuerza_hipertrofia
Principiante,Peso libre,Fuerza / hipertrofia,Principal,Quadriceps,Knee Dominant,Bodybuilding,Sin dato,Single Arm Clubbell Order Alternating Forward Lunge,Pierna,2,fuerza_hipertrofia
Principiante,Peso libre,Fuerza / hipertrofia,Principal,Quadriceps,Knee Dominant,Bodybuilding,Sin dato,Single Arm Clubbell Order Alternating Reverse Lunge,Pierna,2,fuerza_hipertrofia
Principiante,Otro equipo,Fuerza / hipertrofia,Principal,Quadriceps,Knee Dominant,Bodybuilding,Sin dato,Landmine Low Hold Alternating Lateral Lunge,Pierna,2,fuerza_hipertrofia
Principiante,Otro equipo,Fuerza / hipertrofia,Principal,Quadriceps,Knee Dominant,Bodybuilding,https://youtu.be/-hWgE1P2aAA?si=7mOaE_-aBxpQNBSX,Landmine Goblet Alternating Lateral Lunge,Pierna,2,fuerza_hipertrofia
Principiante,Otro equipo,Fuerza / hipertrofia,Principal,Quadriceps,Knee Dominant,Bodybuilding,https://youtu.be/VI0GDe_doBk?si=U14f8Dk6Ly1aMzBr,Landmine Goblet Alternating Reverse Lunge,Pierna,2,fuerza_hipertrofia
Principiante,Peso libre,Fuerza / hipertrofia,Principal,Quadriceps,Knee Dominant,Bodybuilding,Sin dato,Macebell Order Alternating Lateral Lunge,Pierna,2,fuerza_hipertrofia
Principiante,Peso libre,Fuerza / hipertrofia,Principal,Quadriceps,Knee Dominant,Bodybuilding,Sin dato,Macebell Order Alternating Forward Lunge,Pierna,2,fuerza_hipertrofia
Principiante,Peso libre,Fuerza / hipertrofia,Principal,Quadriceps,Knee Dominant,Bodybuilding,Sin dato,Macebell Order Alternating Reverse Lunge,Pierna,2,fuerza_hipertrofia
Avanzado,Peso libre,Fuerza / hipertrofia,Principal avanzado,Quadriceps,Knee Dominant,Bodybuilding,Sin dato,Double Kettlebell Bottoms Up Overhead Alternating Lateral Lunge,Pierna,2,fuerza_hipertrofia
Avanzado,Peso libre,Fuerza / hipertrofia,Principal avanzado,Quadriceps,Knee Dominant,Bodybuilding,Sin dato,Double Kettlebell Bottoms Up Overhead Alternating Forward Lunge,Pierna,2,fuerza_hipertrofia
Avanzado,Peso libre,Fuerza / hipertrofia,Principal avanzado,Quadriceps,Knee Dominant,Bodybuilding,Sin dato,Double Kettlebell Bottoms Up Overhead Alternating Reverse Lunge,Pierna,2,fuerza_hipertrofia
Principiante,Peso libre,Fuerza / hipertrofia,Principal,Quadriceps,Knee Dominant,Bodybuilding,https://youtu.be/aopAoW1cmUk?si=EyVEsJC9bLaQC6ND,Single Arm Kettlebell Suitcase Alternating Forward Lunge,Pierna,2,fuerza_hipertrofia
Principiante,Peso libre,Fuerza / hipertrofia,Principal,Quadriceps,Knee Dominant,Bodybuilding,https://youtu.be/QV4DL31Ch94?si=6O9QTMoEB9MtwsZY,Double Dumbbell Front Rack Cyclist Squat,Pierna,2,fuerza_hipertrofia
Intermedio,Peso libre,Fuerza / hipertrofia,Principal,Quadriceps,Knee Dominant,Bodybuilding,Sin dato,Double Dumbbell Overhead Cyclist Squat,Pierna,2,fuerza_hipertrofia
Principiante,Peso libre,Fuerza / hipertrofia,Principal,Quadriceps,Knee Dominant,Bodybuilding,https://youtu.be/eGKpS3AxCVA?si=-uyv4kyU-FY0yBfB,Single Arm Dumbbell Front Rack Cyclist Squat,Pierna,2,fuerza_hipertrofia
Intermedio,Peso libre,Fuerza / hipertrofia,Principal,Quadriceps,Knee Dominant,Bodybuilding,https://youtu.be/Fm-EgA1xP4g?si=TXFdciSwYJ3flVng,Single Arm Dumbbell Overhead Cyclist Squat,Pierna,2,fuerza_hipertrofia
Principiante,Sin equipo,Fuerza / hipertrofia,Principal,Quadriceps,Knee Dominant,Bodybuilding,https://youtu.be/FvJS_MSN4Lo?si=Z7h-t5HEEQC6trw6,Bodyweight Alternating Lateral Lunge,Pierna,2,fuerza_hipertrofia
Principiante,Sin equipo,Fuerza / hipertrofia,Principal,Quadriceps,Knee Dominant,Bodybuilding,https://youtu.be/0RqJM6GM5bg?si=eL5TvNrMzUaI1oOW,Bodyweight Alternating Forward Lunge,Pierna,2,fuerza_hipertrofia
Principiante,Sin equipo,Fuerza / hipertrofia,Principal,Quadriceps,Knee Dominant,Bodybuilding,https://youtu.be/OX0fKkaY6_c?si=T0Ta2iyvXrGIGA7w,Bodyweight Alternating Reverse Lunge,Pierna,2,fuerza_hipertrofia
Principiante,Peso libre,Fuerza / hipertrofia,Principal,Quadriceps,Knee Dominant,Bodybuilding,Sin dato,Macebell Order Cyclist Squat,Pierna,2,fuerza_hipertrofia
Intermedio,Peso libre,Fuerza / hipertrofia,Principal,Quadriceps,Knee Dominant,Bodybuilding,https://youtu.be/iGLwbS5aHY4?si=f7TNizeYPw8xX1xR,Double Dumbbell Overhead Squat,Pierna,2,fuerza_hipertrofia
Intermedio,Peso libre,Fuerza / hipertrofia,Principal,Quadriceps,Knee Dominant,Bodybuilding,https://youtu.be/SokWJEUYgfc?si=OWsmg8u6_2Xz09z9,Single Arm Dumbbell Overhead Squat,Pierna,2,fuerza_hipertrofia
Principiante,Peso libre,Fuerza / hipertrofia,Principal,Quadriceps,Knee Dominant,Sin clasificar,Sin dato,Macebell Order Squat,Pierna,3,fuerza_hipertrofia
Intermedio,Peso libre,Fuerza / hipertrofia,Principal,Quadriceps,Knee Dominant,Bodybuilding,https://youtu.be/6DO1p1pOAwM?si=zeLSk3SSoVkoP_B9,Double Dumbbell Front Rack Bulgarian Split Squat,Pierna,2,fuerza_hipertrofia
Avanzado,Peso libre,Fuerza / hipertrofia,Principal avanzado,Quadriceps,Knee Dominant,Bodybuilding,https://youtu.be/7rGFnvK6KkE?si=SL3VLXM4o_8TDV_0,Double Dumbbell Overhead Bulgarian Split Squat,Pierna,2,fuerza_hipertrofia
Avanzado,Peso libre,Fuerza / hipertrofia,Principal avanzado,Quadriceps,Knee Dominant,Bodybuilding,Sin dato,Single Arm Dumbbell Overhead Ipsilateral Bulgarian Split Squat,Pierna,2,fuerza_hipertrofia
Intermedio,Peso libre,Fuerza / hipertrofia,Principal,Quadriceps,Knee Dominant,Bodybuilding,https://youtu.be/iylKd9ymBQE?si=D_mNdhDHgU7B8xbD,Single Arm Dumbbell Suitcase Contralateral Bulgarian Split Squat,Pierna,2,fuerza_hipertrofia
Intermedio,Peso libre,Fuerza / hipertrofia,Principal,Quadriceps,Knee Dominant,Bodybuilding,https://youtu.be/7oQoOglG_cA?si=JLNoB9O2s2KyOAf1,Single Arm Dumbbell Suitcase Ipsilateral Bulgarian Split Squat,Pierna,2,fuerza_hipertrofia
Intermedio,Peso libre,Fuerza / hipertrofia,Principal,Quadriceps,Knee Dominant,Bodybuilding,https://youtu.be/-vKdvtdkRRc?si=CPo0dP5KaIc0TJu5,Single Arm Dumbbell Front Rack Contralateral Bulgarian Split Squat,Pierna,2,fuerza_hipertrofia
Intermedio,Peso libre,Fuerza / hipertrofia,Principal,Quadriceps,Knee Dominant,Bodybuilding,https://youtu.be/pEZWYmpCzu8?si=i70Ip_o4npwew5bY,Single Arm Dumbbell Front Rack Ipsilateral Bulgarian Split Squat,Pierna,2,fuerza_hipertrofia
Principiante,Peso libre,Movilidad / estabilidad,Calentamiento,Hip Flexors,Locomotion,Balance,Sin dato,Clubbell Order March,Core,4,movilidad_estabilidad
Principiante,Peso libre,Fuerza / hipertrofia,Principal,Quadriceps,Knee Dominant,Bodybuilding,Sin dato,Macebell Order Walking Lunge,Pierna,2,fuerza_hipertrofia
Principiante,Calistenia / barras,Fuerza / hipertrofia,Principal,Quadriceps,Knee Dominant,Bodybuilding,https://youtu.be/0bqrj4BimaI?si=03pxBE_5_ozxIivb,Suspension Alternating Lateral Lunge,Pierna,2,fuerza_hipertrofia
Principiante,Otro equipo,Fuerza / hipertrofia,Principal,Quadriceps,Knee Dominant,Bodybuilding,https://youtu.be/fJePN1sD5ok?si=g-YYXG1x8L53Vuv-,Bulgarian Bag Back Rack Alternating Lateral Lunge,Pierna,2,fuerza_hipertrofia
Principiante,Otro equipo,Fuerza / hipertrofia,Principal,Quadriceps,Knee Dominant,Bodybuilding,https://youtu.be/FNr5JBGrJTU?si=bn24rl-sBOt5WTfx,Bulgarian Bag Back Rack Walking Lunge,Pierna,2,fuerza_hipertrofia
Principiante,Otro equipo,Fuerza / hipertrofia,Principal,Quadriceps,Knee Dominant,Bodybuilding,https://youtu.be/a8y1Qwir7YQ?si=izeBmxPLl4E0ekvy,Bulgarian Bag Back Rack Alternating Forward Lunge,Pierna,2,fuerza_hipertrofia
Intermedio,Peso libre,Fuerza / hipertrofia,Principal,Quadriceps,Knee Dominant,Sin clasificar,Sin dato,Heavy Sandbag Bear Hug Alternating Lateral Lunge,Pierna,3,fuerza_hipertrofia
Intermedio,Peso libre,Fuerza / hipertrofia,Principal,Quadriceps,Knee Dominant,Sin clasificar,Sin dato,Heavy Sandbag Shoulder Alternating Lateral Lunge,Pierna,3,fuerza_hipertrofia
Principiante,Peso libre,Fuerza / hipertrofia,Principal,Quadriceps,Knee Dominant,Bodybuilding,https://youtu.be/0el8H9fy3g0?si=BdlZ75xoh6Xq1wpJ,Sandbag Front Rack Alternating Lateral Lunge,Pierna,2,fuerza_hipertrofia
Principiante,Peso libre,Fuerza / hipertrofia,Principal,Quadriceps,Knee Dominant,Bodybuilding,https://youtu.be/mGwXPP-QKko?si=pUfEZOZPOOYaTV3n,Sandbag Front Rack Walking Lunge,Pierna,2,fuerza_hipertrofia
Principiante,Peso libre,Fuerza / hipertrofia,Principal,Quadriceps,Knee Dominant,Bodybuilding,https://youtu.be/1L2HnCKmsRs?si=fIVyc7oXYDkkRzgJ,Sandbag Front Rack Alternating Forward Lunge,Pierna,2,fuerza_hipertrofia
Principiante,Peso libre,Fuerza / hipertrofia,Principal,Quadriceps,Knee Dominant,Bodybuilding,https://youtu.be/SJe_O4NPU-E?si=OKoj1OGsurlSWTEA,Sandbag Front Rack Alternating Reverse Lunge,Pierna,2,fuerza_hipertrofia
Intermedio,Peso libre,Fuerza / hipertrofia,Principal,Quadriceps,Knee Dominant,Bodybuilding,https://youtu.be/hVIaVvyY-H8?si=HsyRlDh-j--gHbsk,Plate Overhead Walking Lunge,Pierna,2,fuerza_hipertrofia
Intermedio,Peso libre,Fuerza / hipertrofia,Principal,Quadriceps,Knee Dominant,Bodybuilding,Sin dato,Plate Overhead Alternating Lateral Lunge,Pierna,2,fuerza_hipertrofia
Intermedio,Peso libre,Fuerza / hipertrofia,Principal,Quadriceps,Knee Dominant,Bodybuilding,https://youtu.be/k6pHuYm2nV8?si=ttotAgiXtgPihuX3,Plate Overhead Alternating Forward Lunge,Pierna,2,fuerza_hipertrofia
Intermedio,Peso libre,Fuerza / hipertrofia,Principal,Quadriceps,Knee Dominant,Bodybuilding,https://youtu.be/X5UicuSpd-g?si=vkWg2RXcC-HFi6Pk,Plate Overhead Alternating Reverse Lunge,Pierna,2,fuerza_hipertrofia
Avanzado,Peso libre,Movilidad / estabilidad,Calentamiento,Shoulders,Vertical Push,Balance,Sin dato,Barbell Single Leg Standing Bent Knee Overhead Press,Empuje,4,movilidad_estabilidad
Avanzado,Peso libre,Movilidad / estabilidad,Calentamiento,Shoulders,Vertical Push,Balance,Sin dato,Single Arm Barbell Single Leg Standing Bent Knee Contralateral Overhead Press,Empuje,4,movilidad_estabilidad
Avanzado,Sin equipo,Movilidad / estabilidad,Principal avanzado,Abdominals,Isometric Hold,Calisthenics,https://youtu.be/VFYZh24e0RI?si=_Vjvy9tWBn4nc7l_,Bodyweight Tuck Planche,Core,3,movilidad_estabilidad
Avanzado,Peso libre,Movilidad / estabilidad,Calentamiento,Shoulders,Vertical Push,Balance,Sin dato,Single Arm Barbell Single Leg Standing Bent Knee Ipsilateral Overhead Press,Empuje,4,movilidad_estabilidad
Avanzado,Peso libre,Fuerza / hipertrofia,Principal avanzado,Chest,Horizontal Push,Calisthenics,https://youtu.be/V-157r2C-qU,Double Kettlebell Push Up to L Sit,Empuje,0,fuerza_hipertrofia
Intermedio,Calistenia / barras,Movilidad / estabilidad,Principal,Abdominals,Isometric Hold,Calisthenics,https://youtu.be/WHi1bvZLwlw?si=NKvlsqG8aI-wDQfJ,Bar Hanging L Sit,Core,-2,movilidad_estabilidad
Intermedio,Calistenia / barras,Movilidad / estabilidad,Principal,Abdominals,Isometric Hold,Calisthenics,https://youtu.be/8DMns2IRlg4?si=hbMMsP9DfSOthR7b,Ring Hanging L Sit,Core,-2,movilidad_estabilidad
Avanzado,Calistenia / barras,Movilidad / estabilidad,Principal avanzado,Abdominals,Isometric Hold,Calisthenics,https://youtu.be/HvdS2ClV9KU?feature=shared,Single Arm Bar Hanging L Sit,Core,-2,movilidad_estabilidad
Avanzado,Calistenia / barras,Movilidad / estabilidad,Principal avanzado,Abdominals,Isometric Hold,Calisthenics,https://youtu.be/_o_4N2yJwAw?si=Hum3bBKngYoqfDUc,Single Arm Ring Hanging L Sit,Core,-2,movilidad_estabilidad
Principiante,Peso libre,Fuerza / hipertrofia,Principal,Quadriceps,Knee Dominant,Bodybuilding,https://youtu.be/CQR7UUijw38?si=ncO4L8hVq2h4htQQ,Single Arm Kettlebell Suitcase Alternating Reverse Lunge,Pierna,2,fuerza_hipertrofia
Avanzado,Otro equipo,Movilidad / estabilidad,Principal avanzado,Hip Flexors,Isometric Hold,Calisthenics,https://youtu.be/zDRj6Sw6tw8?si=Fp368ZWQaw_YDQay,Parallette L Sit Flutter Kicks,Core,-2,movilidad_estabilidad
Avanzado,Sin equipo,Fuerza / hipertrofia,Principal avanzado,Chest,Horizontal Push,Calisthenics,https://youtu.be/I6f7uUmozDY,Bodyweight Single Arm Contralateral Single Leg Push Up,Empuje,5,fuerza_hipertrofia
Avanzado,Otro equipo,Fuerza / hipertrofia,Principal avanzado,Chest,Horizontal Push,Calisthenics,https://youtu.be/hFHpQAqqMDA,Parallette Tuck Planche Push Up,Empuje,5,fuerza_hipertrofia
Avanzado,Calistenia / barras,Fuerza / hipertrofia,Principal avanzado,Chest,Horizontal Push,Calisthenics,https://youtu.be/kpOpHoywVKU,Ring Maltese Push Up,Empuje,5,fuerza_hipertrofia
Avanzado,Calistenia / barras,Fuerza / hipertrofia,Principal avanzado,Chest,Horizontal Push,Calisthenics,Sin dato,Ring Tuck Planche Push Up,Empuje,5,fuerza_hipertrofia
Avanzado,Otro equipo,Fuerza / hipertrofia,Principal avanzado,Chest,Horizontal Push,Calisthenics,Sin dato,Parallette L Sit to Tuck Planche Push Up,Empuje,0,fuerza_hipertrofia
Avanzado,Calistenia / barras,Fuerza / hipertrofia,Principal avanzado,Chest,Horizontal Push,Calisthenics,Sin dato,Ring L Sit to Tuck Planche Push Up,Empuje,0,fuerza_hipertrofia
Avanzado,Calistenia / barras,Fuerza / hipertrofia,Principal avanzado,Back,Horizontal Pull,Calisthenics,https://youtu.be/cVdb8oUGKAw?si=tC4dDZ3QsBtE_4_m,Bar Advanced Tuck Front Lever Pull Up,Jalón,5,fuerza_hipertrofia
Avanzado,Calistenia / barras,Fuerza / hipertrofia,Principal avanzado,Biceps,Vertical Pull,Calisthenics,https://youtu.be/58QkcGVA12A?si=ddrndE8UqnvYVadB,Bar Gironda Sternum Chin Up,Jalón,5,fuerza_hipertrofia
Avanzado,Calistenia / barras,Fuerza / hipertrofia,Principal avanzado,Back,Vertical Pull,Calisthenics,Sin dato,Bar L Sit Archer Pull Up,Jalón,0,fuerza_hipertrofia
Avanzado,Calistenia / barras,Fuerza / hipertrofia,Principal avanzado,Back,Horizontal Pull,Calisthenics,Sin dato,Bar Straddle Front Lever Pull Up,Jalón,5,fuerza_hipertrofia
Avanzado,Calistenia / barras,Fuerza / hipertrofia,Principal avanzado,Back,Vertical Pull,Calisthenics,https://youtu.be/t8_M2aHiNDk?si=s9zri6LcdUJrvwbV,Bar Strict Muscle Up,Jalón,5,fuerza_hipertrofia
Avanzado,Calistenia / barras,Fuerza / hipertrofia,Principal avanzado,Back,Horizontal Pull,Calisthenics,Sin dato,Bar Tuck Front Lever Pull Up,Jalón,5,fuerza_hipertrofia
Avanzado,Sin equipo,Fuerza / hipertrofia,Principal avanzado,Chest,Horizontal Push,Calisthenics,https://youtu.be/U-MgWVM_2-Y?si=-XnkVL5OAVXtyCPu,Bodyweight Tuck Planche Push Up,Empuje,5,fuerza_hipertrofia
Avanzado,Peso libre,Condicion fisica / potencia,Tecnica,Shoulders,Rotational,Ballistics,https://youtu.be/2t7u5sapU1Q?si=KigwClnysDsb8CGJ,Double Clubbell Asynchronous Mill,Empuje,8,potencia_funcional
Principiante,Peso libre,Fuerza / hipertrofia,Principal,Quadriceps,Knee Dominant,Bodybuilding,Sin dato,Clubbell Order Step Up,Pierna,2,fuerza_hipertrofia
Principiante,Peso libre,Fuerza / hipertrofia,Principal,Quadriceps,Knee Dominant,Bodybuilding,Sin dato,Clubbell Order Alternating Step Up,Pierna,2,fuerza_hipertrofia
Avanzado,Sin equipo,Movilidad / estabilidad,Principal avanzado,Abdominals,Isometric Hold,Calisthenics,https://youtu.be/pO4BH0dKCIY?si=qKwpWcDltQZ0K61z,Bodyweight L Sit,Core,-2,movilidad_estabilidad
Avanzado,Sin equipo,Movilidad / estabilidad,Principal avanzado,Abdominals,Isometric Hold,Calisthenics,https://youtu.be/l-7PDo_nf-c?si=SV8BnhirXI2QflsN,Bodyweight Single Arm L Sit,Core,-2,movilidad_estabilidad
Principiante,Peso libre,Fuerza / hipertrofia,Principal,Quadriceps,Knee Dominant,Bodybuilding,https://youtu.be/X8I4Uq4QgYE?si=0ZNJz2TPEC0nSZaa,Alternating Single Arm Kettlebell Low Hold Alternating Lateral Lunge,Pierna,2,fuerza_hipertrofia
Principiante,Peso libre,Fuerza / hipertrofia,Principal,Quadriceps,Knee Dominant,Bodybuilding,https://youtu.be/vVElqek25fI?si=4-FGE3vFSRTkYdG4,Single Arm Kettlebell Front Rack Alternating Lateral Lunge,Pierna,2,fuerza_hipertrofia
Principiante,Peso libre,Fuerza / hipertrofia,Principal,Quadriceps,Knee Dominant,Bodybuilding,https://youtu.be/oOB02xJgzrA?si=IO-ooFFstcNesTGD,Single Arm Kettlebell Front Rack Alternating Forward Lunge,Pierna,2,fuerza_hipertrofia
Principiante,Peso libre,Fuerza / hipertrofia,Principal,Quadriceps,Knee Dominant,Bodybuilding,https://youtu.be/tildBryP8bI?si=mIky-m7uqR4kMvB3,Single Arm Kettlebell Front Rack Alternating Reverse Lunge,Pierna,2,fuerza_hipertrofia
Intermedio,Peso libre,Fuerza / hipertrofia,Principal,Quadriceps,Knee Dominant,Bodybuilding,Sin dato,Single Arm Kettlebell Bottoms Up Front Rack Alternating Lateral Lunge,Pierna,2,fuerza_hipertrofia
Intermedio,Peso libre,Fuerza / hipertrofia,Principal,Quadriceps,Knee Dominant,Bodybuilding,https://youtu.be/q7sQB0_p7XQ?feature=shared,Single Arm Kettlebell Bottoms Up Front Rack Alternating Forward Lunge,Pierna,2,fuerza_hipertrofia
Avanzado,Otro equipo,Fuerza / hipertrofia,Principal avanzado,Shoulders,Vertical Push,Calisthenics,https://youtu.be/i3tkgdhZuj0?si=lupWBeLYXNXi2bV0,Parallette V Sit to Pike Press Handstand,Empuje,5,fuerza_hipertrofia
Avanzado,Calistenia / barras,Fuerza / hipertrofia,Principal avanzado,Chest,Horizontal Push,Calisthenics,https://youtu.be/f09iB8jbioo?si=MFJiOigiohOtQybY,Ring Pseudo Planche Push Up,Empuje,5,fuerza_hipertrofia
Principiante,Peso libre,Fuerza / hipertrofia,Principal,Quadriceps,Knee Dominant,Bodybuilding,Sin dato,Single Arm Macebell Order Contralateral Cossack Squat,Pierna,2,fuerza_hipertrofia
Intermedio,Peso libre,Fuerza / hipertrofia,Principal,Quadriceps,Knee Dominant,Bodybuilding,Sin dato,Single Arm Macebell Order Low Switch Cossack Squat,Pierna,2,fuerza_hipertrofia
Principiante,Peso libre,Fuerza / hipertrofia,Principal,Quadriceps,Knee Dominant,Bodybuilding,Sin dato,Single Arm Macebell Order Alternating Cossack Squat,Pierna,2,fuerza_hipertrofia
Intermedio,Peso libre,Fuerza / hipertrofia,Principal,Quadriceps,Knee Dominant,Bodybuilding,Sin dato,Single Arm Macebell Order Foot Elevated Contralateral Cossack Squat,Pierna,2,fuerza_hipertrofia
Principiante,Accesorios funcionales,Fuerza / hipertrofia,Principal,Glutes,Hip Extension,Bodybuilding,https://youtu.be/8Ta_A9vAEGs?si=pSj3gDFijzwcALE4,Stability Ball Feet Elevated Glute Bridge,Pierna,0,fuerza_hipertrofia
Principiante,Sin equipo,Movilidad / estabilidad,Calentamiento,Abdominals,Anti-Extension,Calisthenics,https://youtu.be/kLh-uczlPLg?si=WfwS9PlCOc9d1t1N,Bodyweight Mountain Climber,Core,3,movilidad_estabilidad
Intermedio,Calistenia / barras,Movilidad / estabilidad,Calentamiento,Abdominals,Anti-Extension,Sin clasificar,https://youtu.be/XiB48dLaB9g?si=RkTU535X9lQ-XULA&utm_source=MTQxZ,Suspension Feet Elevated Mountain Climber,Core,1,movilidad_estabilidad
Avanzado,Sin equipo,Movilidad / estabilidad,Principal avanzado,Abdominals,Isometric Hold,Calisthenics,https://youtu.be/XS7Y1jQ-kxs?si=hFDuiao7cTRRHUCT,Bodyweight Straddle L Sit,Core,-2,movilidad_estabilidad
Intermedio,Peso libre,Fuerza / hipertrofia,Principal,Quadriceps,Knee Dominant,Bodybuilding,https://youtu.be/xhyigP6lpAM?feature=shared,Single Arm Kettlebell Bottoms Up Front Rack Alternating Reverse Lunge,Pierna,2,fuerza_hipertrofia
Principiante,Sin equipo,Fuerza / hipertrofia,Principal,Quadriceps,Knee Dominant,Bodybuilding,https://youtu.be/lyMHR7F8lPA?si=An72TBlVkZQu4GMO,Bodyweight Cossack Squat,Pierna,2,fuerza_hipertrofia
Avanzado,Sin equipo,Fuerza / hipertrofia,Principal avanzado,Shoulders,Vertical Push,Calisthenics,https://youtu.be/ZDhNSacJLEE?si=aGw3Fw5a7Q34pWuk,Bodyweight Wall Facing Handstand Push Up,Empuje,5,fuerza_hipertrofia
Avanzado,Calistenia / barras,Fuerza / hipertrofia,Principal avanzado,Chest,Horizontal Push,Calisthenics,https://youtu.be/4zSzWYRiBGI?si=NqLN5I_ZFwPkfPXM,Ring Pelican Push Up,Empuje,5,fuerza_hipertrofia
Intermedio,Peso libre,Fuerza / hipertrofia,Principal,Quadriceps,Knee Dominant,Bodybuilding,https://youtu.be/_iZ9bGw84H8?si=4Ff3XGU-WRY1uN0k,Barbell Back Rack Alternating Step Up,Pierna,2,fuerza_hipertrofia
Intermedio,Peso libre,Fuerza / hipertrofia,Principal,Quadriceps,Knee Dominant,Bodybuilding,https://youtu.be/b8ldbeOnJEI?si=PBXslcF1v1YEXgGU,Barbell Front Rack Alternating Step Up,Pierna,2,fuerza_hipertrofia
Avanzado,Calistenia / barras,Fuerza / hipertrofia,Principal avanzado,Chest,Horizontal Push,Calisthenics,https://youtu.be/HdaAXHcN0-M?si=fT7_2ec7wdcSALfm,Ring Feet Elevated Pelican Push Up,Empuje,5,fuerza_hipertrofia
Avanzado,Calistenia / barras,Fuerza / hipertrofia,Principal avanzado,Chest,Horizontal Push,Sin clasificar,Sin dato,Suspension Pelican Push Up,Empuje,3,fuerza_hipertrofia
Intermedio,Calistenia / barras,Movilidad / estabilidad,Principal,Abdominals,Isometric Hold,Calisthenics,https://youtu.be/Vuc-nodHS0Y?si=S81fiCUEtPrZUe6Z,Ring Tuck L Sit,Core,-2,movilidad_estabilidad
Intermedio,Calistenia / barras,Movilidad / estabilidad,Principal,Abdominals,Isometric Hold,Calisthenics,https://youtu.be/SLyOG8ujcu0?si=IAzc53JTuuKNMz90,Ring Hanging Tuck L Sit,Core,-2,movilidad_estabilidad
Intermedio,Calistenia / barras,Movilidad / estabilidad,Principal,Abdominals,Isometric Hold,Calisthenics,https://youtu.be/QA_dH6cjbw0?si=29xMuvVPe0ttRvvK,Bar Hanging Tuck L Sit,Core,-2,movilidad_estabilidad
Intermedio,Peso libre,Fuerza / hipertrofia,Principal,Quadriceps,Knee Dominant,Bodybuilding,Sin dato,Single Arm Kettlebell Overhead Alternating Lateral Lunge,Pierna,2,fuerza_hipertrofia
Intermedio,Peso libre,Fuerza / hipertrofia,Principal,Quadriceps,Knee Dominant,Bodybuilding,https://youtu.be/LMStE_hD9E4?si=_iskUn08-BQH0mYu,Single Arm Kettlebell Overhead Alternating Forward Lunge,Pierna,2,fuerza_hipertrofia
Intermedio,Calistenia / barras,Movilidad / estabilidad,Calentamiento,Abdominals,Anti-Extension,Calisthenics,https://youtu.be/5BaV4f58I3c?si=LhV-BmrDvHK1G_uI,Ring Mountain Climber,Core,3,movilidad_estabilidad
Intermedio,Calistenia / barras,Movilidad / estabilidad,Calentamiento,Abdominals,Anti-Extension,Calisthenics,https://youtu.be/kbPOFMH-Ivk?si=ftd7bXesKjVBgNrW,Ring Feet Elevated Mountain Climber,Core,3,movilidad_estabilidad
Intermedio,Peso libre,Fuerza / hipertrofia,Principal,Quadriceps,Knee Dominant,Bodybuilding,https://youtu.be/neuw_JknIms?si=QPBFpV8bvbtlFLfL,Single Arm Kettlebell Overhead Alternating Reverse Lunge,Pierna,2,fuerza_hipertrofia
Principiante,Calistenia / barras,Movilidad / estabilidad,Principal,Forearms,Isometric Hold,Calisthenics,https://youtu.be/uMcoQ-ijpsk,Ring Dead Hang,Core,3,movilidad_estabilidad
Principiante,Otro equipo,Fuerza / hipertrofia,Principal,Chest,Horizontal Push,Calisthenics,https://youtu.be/iHR7BprMyEc,Parallette Kneeling Push Up,Empuje,5,fuerza_hipertrofia
Intermedio,Peso libre,Condicion fisica / potencia,Tecnica,Abdominals,Rotational,Ballistics,https://youtu.be/9lVJZ8o8nzM?si=4NnTRdg9x60PkNsZ,Clubbell Outside Circle,Core,8,potencia_funcional
Principiante,Peso libre,Condicion fisica / potencia,Principal,Forearms,Loaded Carry,Sin clasificar,Sin dato,Single Arm Macebell Order Carry,Carga,5,potencia_funcional
Principiante,Peso libre,Condicion fisica / potencia,Principal,Forearms,Loaded Carry,Sin clasificar,Sin dato,Clubbell Order Carry,Carga,5,potencia_funcional
Principiante,Peso libre,Condicion fisica / potencia,Principal,Forearms,Loaded Carry,Sin clasificar,Sin dato,Macebell Order Carry,Carga,5,potencia_funcional
Principiante,Peso libre,Movilidad / estabilidad,Calentamiento,Hip Flexors,Locomotion,Balance,Sin dato,Macebell Order March,Core,4,movilidad_estabilidad
Principiante,Peso libre,Movilidad / estabilidad,Calentamiento,Hip Flexors,Locomotion,Balance,Sin dato,Single Arm Macebell Order March,Core,4,movilidad_estabilidad
Avanzado,Peso libre,Fuerza / hipertrofia,Principal avanzado,Quadriceps,Knee Dominant,Bodybuilding,Sin dato,Single Arm Kettlebell Bottoms Up Overhead Alternating Lateral Lunge,Pierna,2,fuerza_hipertrofia
Avanzado,Peso libre,Fuerza / hipertrofia,Principal avanzado,Quadriceps,Knee Dominant,Bodybuilding,Sin dato,Single Arm Kettlebell Bottoms Up Overhead Alternating Forward Lunge,Pierna,2,fuerza_hipertrofia
Avanzado,Peso libre,Fuerza / hipertrofia,Principal avanzado,Quadriceps,Knee Dominant,Bodybuilding,https://youtu.be/N4GPqbj8Nds?feature=shared,Single Arm Kettlebell Bottoms Up Overhead Alternating Reverse Lunge,Pierna,2,fuerza_hipertrofia
Principiante,Accesorios funcionales,Movilidad / estabilidad,Calentamiento,Shoulders,Horizontal Pull,Postural,https://youtu.be/1jP1PR9Gls0?si=esOirS5dWd5oUqG0,Stability Ball T's Y's I's,Empuje,3,movilidad_estabilidad
Principiante,Ligas,Fuerza / hipertrofia,Principal,Shoulders,Horizontal Pull,Sin clasificar,https://youtu.be/C2wsrjVHvuA,Resistance Band Reverse Fly,Empuje,3,fuerza_hipertrofia
Principiante,Ligas,Fuerza / hipertrofia,Principal,Shoulders,Shoulder Abduction,Bodybuilding,https://youtu.be/1feV0cW5U60?si=e6dhNFXt6CLSbkRE,Resistance Band Lateral Raise,Empuje,0,fuerza_hipertrofia
Principiante,Peso libre,Fuerza / hipertrofia,Principal,Shoulders,Shoulder Abduction,Bodybuilding,https://youtu.be/XPPfnSEATJA?si=yNFrwT2Aj4G98NVF,Double Dumbbell Lateral Raise,Empuje,0,fuerza_hipertrofia
Principiante,Ligas,Fuerza / hipertrofia,Principal,Shoulders,Shoulder External Rotation,Sin clasificar,Sin dato,Single Arm Resistance Band Standing Shoulder External Rotation,Empuje,1,fuerza_hipertrofia
Principiante,Peso libre,Fuerza / hipertrofia,Principal,Shoulders,Shoulder Abduction,Bodybuilding,https://youtu.be/GBo4Cj8i9VI?si=_ZCYRalndjXZl58y,Double Dumbbell Seated Lateral Raise,Empuje,0,fuerza_hipertrofia
Principiante,Peso libre,Fuerza / hipertrofia,Principal,Shoulders,Shoulder External Rotation,Sin clasificar,https://youtu.be/_qPQKid-LRs,Single Arm Dumbbell Side Lying Shoulder External Rotation,Empuje,1,fuerza_hipertrofia
Principiante,Otro equipo,Fuerza / hipertrofia,Principal,Shoulders,Shoulder External Rotation,Sin clasificar,https://youtu.be/4cpQr1VbcEU,Miniband Standing Shoulder External Rotation,Empuje,1,fuerza_hipertrofia
Principiante,Peso libre,Condicion fisica / potencia,Principal,Shoulders,Shoulder Internal Rotation,Sin clasificar,Sin dato,Single Arm Dumbbell Side Lying Shoulder Internal Rotation,Empuje,3,potencia_funcional
Principiante,Accesorios funcionales,Fuerza / hipertrofia,Principal,Shoulders,Vertical Push,Sin clasificar,https://youtu.be/4Hwcp9HP9D4,Stability Ball Double Dumbbell Seated Arnold Press,Empuje,3,fuerza_hipertrofia
Principiante,Gimnasio / maquina,Fuerza / hipertrofia,Principal,Shoulders,Shoulder Abduction,Bodybuilding,https://youtu.be/9s0F9lgTG0E?si=hlzVQJ0I5qgbvM45,Single Arm Cable Lateral Raise,Empuje,0,fuerza_hipertrofia
Principiante,Peso libre,Fuerza / hipertrofia,Principal,Shoulders,Vertical Push,Bodybuilding,https://youtu.be/3GFZpOYu0pQ,Double Dumbbell Seated Overhead Press,Empuje,2,fuerza_hipertrofia
Principiante,Peso libre,Fuerza / hipertrofia,Principal,Shoulders,Vertical Push,Bodybuilding,https://youtu.be/AqzDJHxynwo?si=FpgeOvlc1u-WxGMb,Double Dumbbell Overhead Press,Empuje,2,fuerza_hipertrofia
Principiante,Peso libre,Fuerza / hipertrofia,Principal,Trapezius,Scapular Elevation,Bodybuilding,https://youtu.be/llSrlpd7TEE?si=7L7ARn0S6ByQmI59,Double Dumbbell Shrug,Jalón,0,fuerza_hipertrofia
Principiante,Peso libre,Condicion fisica / potencia,Principal,Shoulders,Shoulder Scapular Plane Elevation,Sin clasificar,https://youtu.be/bhemEvr0qiM?si=WahKrQS3-uEP1hYU,Double Dumbbell Standing Scaption,Empuje,3,potencia_funcional
Intermedio,Otro equipo,Movilidad / estabilidad,Calentamiento,Abdominals,Anti-Extension,Sin clasificar,https://youtu.be/qGVLUwKTvTw?si=wziniMZUeqke6bE4,EZ Bar Kneeling Rollout,Core,1,movilidad_estabilidad
Avanzado,Otro equipo,Movilidad / estabilidad,Calentamiento,Abdominals,Anti-Extension,Sin clasificar,https://youtu.be/zGZrhC_VWIQ?feature=shared,EZ Bar Standing Rollout,Core,1,movilidad_estabilidad
Principiante,Peso libre,Condicion fisica / potencia,Principal,Shoulders,Shoulder Scapular Plane Elevation,Sin clasificar,https://youtu.be/Vn1cULRUhZI,Double Dumbbell Seated Scaption,Empuje,3,potencia_funcional
Principiante,Accesorios funcionales,Condicion fisica / potencia,Principal,Shoulders,Shoulder Scapular Plane Elevation,Sin clasificar,https://youtu.be/PKgkMmXAVUs,Stability Ball Double Dumbbell Seated Scaption,Empuje,3,potencia_funcional
Principiante,Peso libre,Fuerza / hipertrofia,Principal,Biceps,Elbow Flexion,Bodybuilding,https://youtu.be/WYezBGuUsdw,Alternating Double Dumbbell Bicep Curl,Jalón,-3,fuerza_hipertrofia
Principiante,Peso libre,Fuerza / hipertrofia,Principal,Biceps,Elbow Flexion,Bodybuilding,https://youtu.be/bgYt7ZgFc9M,Alternating Double Dumbbell Incline Bench Bicep Curl,Jalón,-3,fuerza_hipertrofia
Principiante,Peso libre,Fuerza / hipertrofia,Principal,Biceps,Elbow Flexion,Bodybuilding,https://youtu.be/h46ccQsXDEk,Alternating Double Dumbbell Hammer Curl,Jalón,-3,fuerza_hipertrofia
Principiante,Peso libre,Fuerza / hipertrofia,Principal,Biceps,Elbow Flexion,Bodybuilding,https://youtu.be/buP9fSqWcw4?si=-lKec0VHJ1XbZYRH,Alternating Double Dumbbell Cross Body Hammer Curl,Jalón,-3,fuerza_hipertrofia
Principiante,Peso libre,Fuerza / hipertrofia,Principal,Biceps,Elbow Flexion,Bodybuilding,https://youtu.be/DPYrHeVKvQA,Single Arm Dumbbell Incline Bench Preacher Curl,Jalón,-3,fuerza_hipertrofia
Principiante,Peso libre,Fuerza / hipertrofia,Principal,Biceps,Elbow Flexion,Bodybuilding,https://youtu.be/at2g_OGyuDE,Dumbbell Crush Grip Bicep Curl,Jalón,-3,fuerza_hipertrofia
Principiante,Peso libre,Fuerza / hipertrofia,Principal,Biceps,Elbow Flexion,Bodybuilding,https://youtu.be/wrjEdVZrkhk,Double Dumbbell Zottman Curl,Jalón,-3,fuerza_hipertrofia
Principiante,Peso libre,Fuerza / hipertrofia,Principal,Biceps,Elbow Flexion,Bodybuilding,https://youtu.be/DjgrEWlgGaY,Dumbbell Waiter Curl,Jalón,-3,fuerza_hipertrofia
Principiante,Gimnasio / maquina,Fuerza / hipertrofia,Principal,Biceps,Elbow Flexion,Bodybuilding,https://youtu.be/s_5mJUQqQpY?si=4zKcXdHvIHVCrn6n,Cable Straight Bar Drag Curl,Jalón,-3,fuerza_hipertrofia
Principiante,Gimnasio / maquina,Fuerza / hipertrofia,Principal,Biceps,Elbow Flexion,Bodybuilding,https://youtu.be/BXcSLzXrab4?si=KZPHi7uurh7Nb31j,Cable Rope Hammer Curl,Jalón,-3,fuerza_hipertrofia
Principiante,Peso libre,Fuerza / hipertrofia,Principal,Quadriceps,Knee Dominant,Bodybuilding,https://youtu.be/Z8dcGhS8giQ?si=iQZ35AJwvoHewxyk,Kettlebell Goblet Alternating Lateral Lunge,Pierna,2,fuerza_hipertrofia
Principiante,Calistenia / barras,Fuerza / hipertrofia,Principal,Biceps,Elbow Flexion,Sin clasificar,https://youtu.be/nipJ27JfpUI,Suspension Bicep Curl,Jalón,-2,fuerza_hipertrofia
Principiante,Peso libre,Fuerza / hipertrofia,Principal,Triceps,Elbow Extension,Bodybuilding,https://youtu.be/m_UlDFNX4mk?si=FAleOyAOFc4IiSBT,Double Dumbbell Tricep Kickback,Empuje,0,fuerza_hipertrofia
Intermedio,Otro equipo,Condicion fisica / potencia,Tecnica,Quadriceps,Knee Dominant,Plyometric,https://youtu.be/yrNR2OK50Lw?si=o9UhhO3HdGYOlRvS,Tire Jump,Pierna,8,potencia_funcional
Intermedio,Otro equipo,Condicion fisica / potencia,Tecnica,Quadriceps,Knee Dominant,Plyometric,https://youtu.be/1DBz3vodUUc?feature=shared,Tire Jump Through,Pierna,8,potencia_funcional
Avanzado,Otro equipo,Condicion fisica / potencia,Tecnica,Quadriceps,Knee Dominant,Plyometric,https://youtu.be/juTI6wnRiZ8?si=AItO7HER5TxfhHc9,Tire Broad Jump,Pierna,8,potencia_funcional
Principiante,Otro equipo,Fuerza / hipertrofia,Principal,Quadriceps,Knee Dominant,Sin clasificar,https://youtu.be/4RsPF6KynpE?feature=shared,Tire Step Up,Pierna,3,fuerza_hipertrofia
Principiante,Otro equipo,Fuerza / hipertrofia,Principal,Quadriceps,Knee Dominant,Sin clasificar,https://youtu.be/JdYIi6Vedy8?si=XLKOd1kgeuZgH3Wp,Tire Alternating Step Up,Pierna,3,fuerza_hipertrofia
Intermedio,Otro equipo,Condicion fisica / potencia,Tecnica,Quadriceps,Knee Dominant,Plyometric,https://youtu.be/diT5j5QRKhs?si=KBmQGQunZ8mtj5zz,Tire Alternating Toe Taps Around the World,Pierna,8,potencia_funcional
Principiante,Peso libre,Fuerza / hipertrofia,Principal,Triceps,Elbow Extension,Bodybuilding,https://youtu.be/-aBcUgsn8Dc,Dumbbell Seated Overhead Tricep Extension,Empuje,-3,fuerza_hipertrofia
Intermedio,Otro equipo,Condicion fisica / potencia,Tecnica,Quadriceps,Knee Dominant,Plyometric,https://youtu.be/H80_t9poKQo?si=eTIuIU_bwT40hUvJ,Tire Lateral Jump Through,Pierna,8,potencia_funcional
Intermedio,Otro equipo,Condicion fisica / potencia,Principal,Forearms,Loaded Carry,Sin clasificar,https://youtu.be/QskOD3ROxGs?si=Vh3moyP5PVPO8sMy,Tire Carry,Carga,5,potencia_funcional
Principiante,Peso libre,Fuerza / hipertrofia,Principal,Triceps,Elbow Extension,Bodybuilding,https://youtu.be/7h3lG2WnLXg,Dumbbell Overhead Tricep Extension,Empuje,-3,fuerza_hipertrofia
Principiante,Peso libre,Fuerza / hipertrofia,Principal,Triceps,Horizontal Push,Bodybuilding,https://youtu.be/s6ydoB3ktlI,Double Dumbbell Close Grip Floor Press,Empuje,2,fuerza_hipertrofia
Intermedio,Peso libre,Core / estabilidad,Principal,Abdominals,Loaded Carry,Sin clasificar,https://youtu.be/c2D4GkTgyo4?si=s6c03eCCz8TWg7br,Barbell Back Rack Carry,Core,3,core_estabilidad
Intermedio,Peso libre,Condicion fisica / potencia,Principal,Forearms,Loaded Carry,Sin clasificar,https://youtu.be/-FZcqOBDphU?si=FQJnUQP2TsxKmhRA,Single Arm Barbell Suitcase Carry,Carga,5,potencia_funcional
Intermedio,Calistenia / barras,Fuerza / hipertrofia,Principal,Quadriceps,Knee Dominant,Bodybuilding,https://youtu.be/BnLkbAGE4b4?si=mRL2wc8pDdJKZNbY,Suspension Bulgarian Split Squat,Pierna,2,fuerza_hipertrofia
Avanzado,Calistenia / barras,Condicion fisica / potencia,Tecnica,Quadriceps,Knee Dominant,Plyometric,https://youtu.be/ABtwgwo4zyQ?si=eWDNpXtH8qJ31y72,Suspension Bulgarian Split Squat Jump,Pierna,8,potencia_funcional
Principiante,Sin equipo,Core / estabilidad,Principal,Abdominals,Sin clasificar,Animal Flow,https://youtu.be/JLtXEZAwNxQ?feature=shared,Bodyweight Lateral Bear Crawl,Core,1,core_estabilidad
Intermedio,Sin equipo,Condicion fisica / potencia,Tecnica,Quadriceps,Knee Dominant,Plyometric,https://youtu.be/bZYAKXoBXGs?si=HbHeFnXtAvKsYndx,Bodyweight Step Up Jump,Pierna,8,potencia_funcional
Intermedio,Otro equipo,Condicion fisica / potencia,Tecnica,Quadriceps,Knee Dominant,Plyometric,Sin dato,Tire Step Up Jump,Pierna,8,potencia_funcional
Intermedio,Sin equipo,Condicion fisica / potencia,Tecnica,Quadriceps,Knee Dominant,Plyometric,https://youtu.be/vX2vagAc8Mw?si=UH9R_7g0TbIQyHja,Bodyweight Alternating Step Up Jump,Pierna,8,potencia_funcional
Intermedio,Otro equipo,Condicion fisica / potencia,Tecnica,Quadriceps,Knee Dominant,Plyometric,Sin dato,Tire Alternating Step Up Jump,Pierna,8,potencia_funcional
Avanzado,Peso libre,Fuerza / hipertrofia,Tecnica,Shoulders,Hip Hinge,Olympic Weightlifting,https://youtu.be/4ws-kHR5NaU?si=3YQjL6sBFZ3aL-hW,Barbell Power Clean to Push Press,Cadera,3,fuerza_hipertrofia
Principiante,Peso libre,Fuerza / hipertrofia,Principal,Triceps,Horizontal Push,Bodybuilding,https://youtu.be/bo6bVNho2v8?si=hNk_wo1PWsqhkRyo,Double Dumbbell Close Grip Bench Press,Empuje,2,fuerza_hipertrofia
Intermedio,Peso libre,Condicion fisica / potencia,Tecnica,Abdominals,Rotational,Ballistics,Sin dato,Double Clubbell Inside Pendulum,Core,8,potencia_funcional
Intermedio,Peso libre,Condicion fisica / potencia,Tecnica,Abdominals,Rotational,Ballistics,https://youtu.be/nDGz-drTS1E?si=phIMAk1VibF9KzwH,Single Arm Clubbell Outside Pendulum,Core,8,potencia_funcional
Intermedio,Peso libre,Condicion fisica / potencia,Tecnica,Abdominals,Rotational,Ballistics,Sin dato,Double Clubbell Outside Pendulum,Core,8,potencia_funcional
Intermedio,Peso libre,Condicion fisica / potencia,Tecnica,Abdominals,Rotational,Ballistics,Sin dato,Double Clubbell Inside Pendulum to Outside Pendulum,Core,8,potencia_funcional
Intermedio,Peso libre,Condicion fisica / potencia,Tecnica,Abdominals,Rotational,Ballistics,https://youtu.be/8v5XgK3oeeE?si=kU1NrAcgDEWvlUj6,Clubbell Outside Pendulum,Core,8,potencia_funcional
Intermedio,Peso libre,Condicion fisica / potencia,Tecnica,Abdominals,Rotational,Ballistics,Sin dato,Double Clubbell Inside Circle,Core,8,potencia_funcional
Intermedio,Peso libre,Condicion fisica / potencia,Tecnica,Abdominals,Rotational,Ballistics,Sin dato,Double Clubbell Outside Circle,Core,8,potencia_funcional
Intermedio,Peso libre,Condicion fisica / potencia,Tecnica,Abdominals,Rotational,Ballistics,Sin dato,Clubbell Side to Side Swing,Core,8,potencia_funcional
Principiante,Peso libre,Fuerza / hipertrofia,Principal,Triceps,Horizontal Push,Bodybuilding,https://youtu.be/a2RWkUS7ja4?si=MlLBdANbCwT-w0d1,Double Dumbbell Close Grip Incline Bench Press,Empuje,2,fuerza_hipertrofia
Principiante,Gimnasio / maquina,Fuerza / hipertrofia,Principal,Triceps,Elbow Extension,Bodybuilding,https://youtu.be/e5aj8hhCPkA,Cable Rope Tricep Pushdown,Empuje,-3,fuerza_hipertrofia
Principiante,Peso libre,Fuerza / hipertrofia,Principal,Chest,Horizontal Push,Calisthenics,https://youtu.be/CKKfNBe687Q,Barbell Incline Push Up,Empuje,5,fuerza_hipertrofia
Principiante,Sin equipo,Fuerza / hipertrofia,Principal,Chest,Horizontal Push,Calisthenics,https://youtu.be/TBpk09QuVN8,Bodyweight Kneeling Push Up,Empuje,5,fuerza_hipertrofia
Principiante,Calistenia / barras,Fuerza / hipertrofia,Principal,Chest,Horizontal Push,Sin clasificar,https://youtu.be/cp_Hl7qd7CI?si=Tw8VVXnhtyW9vra4,Suspension Push Up,Empuje,3,fuerza_hipertrofia
Principiante,Calistenia / barras,Fuerza / hipertrofia,Principal,Chest,Horizontal Adduction,Sin clasificar,https://youtu.be/ELmdfR9JvEA,Suspension Chest Fly,Empuje,-2,fuerza_hipertrofia
Principiante,Accesorios funcionales,Fuerza / hipertrofia,Principal,Chest,Horizontal Adduction,Sin clasificar,https://youtu.be/pHsw9uHVXWA?si=0LlXNPKcyTKyfgU4,Stability Ball Double Dumbbell Chest Fly,Empuje,-2,fuerza_hipertrofia
Principiante,Accesorios funcionales,Fuerza / hipertrofia,Principal,Back,Sin clasificar,Bodybuilding,https://youtu.be/TI1gb3GFUVA,Stability Ball Dumbbell Pullover,Jalón,0,fuerza_hipertrofia
Principiante,Otro equipo,Fuerza / hipertrofia,Principal,Glutes,Hip Extension,Bodybuilding,Sin dato,Tire Feet Elevated Glute Bridge,Pierna,0,fuerza_hipertrofia
Principiante,Peso libre,Fuerza / hipertrofia,Principal,Chest,Horizontal Adduction,Bodybuilding,https://youtu.be/JSDpq14vCZ8?si=DX2UhxTVlOLFkyF3,Double Dumbbell Incline Bench Chest Fly,Empuje,-3,fuerza_hipertrofia
Principiante,Calistenia / barras,Fuerza / hipertrofia,Principal,Back,Horizontal Pull,Sin clasificar,https://youtu.be/hULU2N_9qjk?si=XmozOzBr-Uny0t4A,Suspension Low Row,Jalón,3,fuerza_hipertrofia
Avanzado,Otro equipo,Fuerza / hipertrofia,Principal avanzado,Back,Hip Hinge,Sin clasificar,https://youtu.be/44E5KRVFWVQ?si=M9W-NS9JbwJV8hDU,Tire Flip,Cadera,3,fuerza_hipertrofia
Intermedio,Otro equipo,Condicion fisica / potencia,Tecnica,Quadriceps,Knee Dominant,Plyometric,https://youtu.be/4h3cIxkFwlI?si=s_iXYmvt1ljfSFML,Tire In and Out Squat Jump,Pierna,8,potencia_funcional
Principiante,Peso libre,Fuerza / hipertrofia,Principal,Quadriceps,Knee Dominant,Bodybuilding,https://youtu.be/wkMhmQ5wVWY?si=kFZCkvoaBfUNdjvU,Kettlebell Goblet Alternating Forward Lunge,Pierna,2,fuerza_hipertrofia
Principiante,Peso libre,Fuerza / hipertrofia,Principal,Calves,Ankle Plantar Flexion,Bodybuilding,https://youtu.be/UCfMPCfug60?si=hzjhqnpt1-9bHCWt,Double Dumbbell Suitcase Feet Elevated Calf Raise,Pierna,-3,fuerza_hipertrofia
Principiante,Peso libre,Fuerza / hipertrofia,Principal,Calves,Ankle Plantar Flexion,Bodybuilding,https://youtu.be/wsOcmGYOn3M?si=2w1Cs0RdcdjnHLYG,Double Dumbbell Suitcase Calf Raise,Pierna,-3,fuerza_hipertrofia
Principiante,Calistenia / barras,Fuerza / hipertrofia,Principal,Back,Horizontal Pull,Sin clasificar,https://youtu.be/W-nnq0Ks1A0,Suspension Mid Row,Jalón,3,fuerza_hipertrofia
Principiante,Peso libre,Fuerza / hipertrofia,Principal,Calves,Ankle Plantar Flexion,Bodybuilding,https://youtu.be/3ZRe_QpvRPg?si=X5ees0OsHDogPrA9,Double Dumbbell Seated Calf Raise,Pierna,-3,fuerza_hipertrofia
Principiante,Peso libre,Fuerza / hipertrofia,Principal,Calves,Ankle Plantar Flexion,Bodybuilding,https://youtu.be/hv00OCqm0HI?feature=shared,Barbell Seated Calf Raise,Pierna,-3,fuerza_hipertrofia
Principiante,Peso libre,Fuerza / hipertrofia,Principal,Calves,Ankle Plantar Flexion,Bodybuilding,Sin dato,Double Clubbell Order Feet Elevated Calf Raise,Pierna,-3,fuerza_hipertrofia
Principiante,Peso libre,Fuerza / hipertrofia,Principal,Calves,Ankle Plantar Flexion,Bodybuilding,Sin dato,Double Clubbell Order Calf Raise,Pierna,-3,fuerza_hipertrofia
Principiante,Peso libre,Fuerza / hipertrofia,Principal,Calves,Ankle Plantar Flexion,Bodybuilding,Sin dato,Clubbell Order Feet Elevated Calf Raise,Pierna,-3,fuerza_hipertrofia
Principiante,Peso libre,Fuerza / hipertrofia,Principal,Calves,Ankle Plantar Flexion,Bodybuilding,Sin dato,Clubbell Order Calf Raise,Pierna,-3,fuerza_hipertrofia
Principiante,Peso libre,Fuerza / hipertrofia,Principal,Calves,Ankle Plantar Flexion,Bodybuilding,Sin dato,Single Arm Clubbell Order Feet Elevated Calf Raise,Pierna,-3,fuerza_hipertrofia
Principiante,Peso libre,Fuerza / hipertrofia,Principal,Calves,Ankle Plantar Flexion,Bodybuilding,Sin dato,Single Arm Clubbell Order Calf Raise,Pierna,-3,fuerza_hipertrofia
Principiante,Sin equipo,Fuerza / hipertrofia,Principal,Calves,Ankle Plantar Flexion,Bodybuilding,https://youtu.be/JUDbOvgH6AQ?si=p3CkDDLIlKjuufVF,Bodyweight Hand Assisted Feet Elevated Calf Raise,Pierna,-3,fuerza_hipertrofia
Principiante,Sin equipo,Fuerza / hipertrofia,Principal,Calves,Ankle Plantar Flexion,Bodybuilding,https://youtu.be/HwG4_WIMB7g?si=ly2SGRWM5lHuzOHF,Bodyweight Hand Assisted Calf Raise,Pierna,-3,fuerza_hipertrofia
Principiante,Sin equipo,Fuerza / hipertrofia,Principal,Calves,Ankle Plantar Flexion,Bodybuilding,https://youtu.be/tg3HcGWhGN8?si=i7ZBKBUTgTovDmeO,Bodyweight Calf Raise,Pierna,-3,fuerza_hipertrofia
Principiante,Sin equipo,Fuerza / hipertrofia,Principal,Calves,Ankle Plantar Flexion,Bodybuilding,https://youtu.be/5hkhz_nMuws?si=gPxN6_F1w9qQdHvy,Bodyweight Hand Assisted Foot Elevated Single Leg Calf Raise,Pierna,-3,fuerza_hipertrofia
Principiante,Sin equipo,Fuerza / hipertrofia,Principal,Calves,Ankle Plantar Flexion,Bodybuilding,https://youtu.be/5hkhz_nMuws?si=M_cdEJeEYZLJJD6j,Bodyweight Hand Assisted Single Leg Calf Raise,Pierna,-3,fuerza_hipertrofia
Principiante,Sin equipo,Fuerza / hipertrofia,Principal,Calves,Ankle Plantar Flexion,Bodybuilding,https://youtu.be/AWBGE0PlYkI?si=INJvlHfbZ6BpG0RT,Bodyweight Single Leg Calf Raise,Pierna,-3,fuerza_hipertrofia
Intermedio,Peso libre,Fuerza / hipertrofia,Principal,Calves,Ankle Plantar Flexion,Bodybuilding,Sin dato,Barbell Front Rack Feet Elevated Calf Raise,Pierna,-3,fuerza_hipertrofia
Principiante,Peso libre,Fuerza / hipertrofia,Principal,Quadriceps,Knee Dominant,Bodybuilding,https://youtu.be/Q8s5KVgRjsI?si=LU2DAUzkwtjOm87N,Kettlebell Goblet Alternating Reverse Lunge,Pierna,2,fuerza_hipertrofia
Avanzado,Peso libre,Movilidad / estabilidad,Principal avanzado,Hip Flexors,Isometric Hold,Calisthenics,https://youtu.be/bNmYhWaTtDE?si=0pRJsSgsFQN8tX9D,Double Kettlebell L Sit Flutter Kicks,Core,-2,movilidad_estabilidad
Principiante,Peso libre,Fuerza / hipertrofia,Principal,Calves,Ankle Plantar Flexion,Bodybuilding,Sin dato,Double Dumbbell Front Rack Feet Elevated Calf Raise,Pierna,-3,fuerza_hipertrofia
Principiante,Peso libre,Fuerza / hipertrofia,Principal,Calves,Ankle Plantar Flexion,Bodybuilding,https://youtu.be/nDJ9cjw2J7Y?feature=shared,Double Dumbbell Front Rack Calf Raise,Pierna,-3,fuerza_hipertrofia
Intermedio,Peso libre,Fuerza / hipertrofia,Principal,Calves,Ankle Plantar Flexion,Bodybuilding,https://youtu.be/-zJsdaS13fk,Barbell Back Rack Feet Elevated Calf Raise,Pierna,-3,fuerza_hipertrofia
Principiante,Otro equipo,Movilidad / estabilidad,Calentamiento,Abdominals,Anti-Extension,Calisthenics,https://youtu.be/-ouYHaP9g9g?si=qc9f_XLeK0tBdsDc,Tire Mountain Climber,Core,3,movilidad_estabilidad
Principiante,Sin equipo,Condicion fisica / potencia,Principal,Shins,Ankle Dorsiflexion,Sin clasificar,https://youtu.be/nQKgHwi8W9E?si=h2cdsN6y8_YWkxWd,Bodyweight Wall Supported Tibialis Raise,General,3,potencia_funcional
Principiante,Gimnasio / maquina,Condicion fisica / potencia,Principal,Shins,Ankle Dorsiflexion,Sin clasificar,https://youtu.be/XPrwraNV8zU?si=uYKDsDSy6F1lqx7L,Cable Seated Tibialis Raise,General,3,potencia_funcional
Principiante,Gimnasio / maquina,Condicion fisica / potencia,Principal,Shins,Ankle Dorsiflexion,Sin clasificar,https://youtu.be/tSDRe05L18Q?si=tzWWp_aDlp6K7_QS,Cable Seated Single Leg Tibialis Raise,General,3,potencia_funcional
Principiante,Peso libre,Fuerza / hipertrofia,Principal,Quadriceps,Knee Dominant,Bodybuilding,https://youtu.be/oV97EckMQlo?si=-UB0G60JaIQ6f-4v,Kettlebell Goblet Walking Lunge,Pierna,2,fuerza_hipertrofia
Principiante,Peso libre,Condicion fisica / potencia,Principal,Shins,Ankle Dorsiflexion,Sin clasificar,https://youtu.be/2amvxbpU20c?si=ymK8PzcHyFCMv-oX,Dumbbell Seated Tibialis Raise,General,3,potencia_funcional
Principiante,Peso libre,Fuerza / hipertrofia,Principal,Quadriceps,Knee Dominant,Bodybuilding,https://youtu.be/hP0wET7bCog?si=trU9Rde7VACKCuEn,Kettlebell Horn Grip Alternating Lateral Lunge,Pierna,2,fuerza_hipertrofia
Principiante,Peso libre,Fuerza / hipertrofia,Principal,Quadriceps,Knee Dominant,Bodybuilding,https://youtu.be/w6vfiCgfbXA?si=RhaJhv_PYjW4LLj5,Kettlebell Low Hold Alternating Lateral Lunge,Pierna,2,fuerza_hipertrofia
Principiante,Peso libre,Fuerza / hipertrofia,Principal,Calves,Ankle Plantar Flexion,Bodybuilding,https://youtu.be/W5FNgQSaDfU?si=mrb4anmAuXMyWfuC,Double Dumbbell Seated Feet Elevated Calf Raise,Pierna,-3,fuerza_hipertrofia
Principiante,Peso libre,Fuerza / hipertrofia,Principal,Calves,Ankle Plantar Flexion,Bodybuilding,https://youtu.be/TyJOknODp8g?si=lIKKdyiWkncjpZtZ,Barbell Seated Feet Elevated Calf Raise,Pierna,-3,fuerza_hipertrofia
Principiante,Peso libre,Fuerza / hipertrofia,Principal,Quadriceps,Knee Dominant,Bodybuilding,https://youtu.be/fZeR04SyMnM?si=PcC3GMitpRy-d_N5,Kettlebell Horn Grip Alternating Forward Lunge,Pierna,2,fuerza_hipertrofia
Intermedio,Otro equipo,Fuerza / hipertrofia,Principal,Quadriceps,Knee Dominant,Bodybuilding,https://youtu.be/YtKIXuPCj1M?si=ng5HKT4Y_EUFLk95,Tire Leg Press,Pierna,2,fuerza_hipertrofia
Intermedio,Gimnasio / maquina,Movilidad / estabilidad,Calentamiento,Abdominals,Anti-Rotational,Balance,https://youtu.be/zMR-P_9GGKE?feature=shared,Cable Isometric Split Squat Pallof Press,Core,4,movilidad_estabilidad
Intermedio,Sin equipo,Movilidad / estabilidad,Calentamiento,Calves,Ankle Plantar Flexion,Balance,https://youtu.be/pM_ycFCgDxU?si=YT2fo22-rIu4kKPM,Bodyweight Isometric Split Squat Calf Raise,Pierna,-1,movilidad_estabilidad
Intermedio,Sin equipo,Movilidad / estabilidad,Calentamiento,Calves,Ankle Plantar Flexion,Balance,https://youtu.be/mdl2K7zkcQ8?si=HIQ62ZGgxGxvMCfb,Bodyweight Isometric Split Squat Foot Elevated Calf Raise,Pierna,-1,movilidad_estabilidad
Avanzado,Peso libre,Movilidad / estabilidad,Calentamiento,Calves,Ankle Plantar Flexion,Balance,Sin dato,Double Dumbbell Suitcase Isometric Split Squat Calf Raise,Pierna,-1,movilidad_estabilidad
Avanzado,Peso libre,Movilidad / estabilidad,Calentamiento,Calves,Ankle Plantar Flexion,Balance,Sin dato,Double Dumbbell Suitcase Isometric Split Squat Foot Elevated Calf Raise,Pierna,-1,movilidad_estabilidad
Principiante,Peso libre,Fuerza / hipertrofia,Principal,Quadriceps,Knee Dominant,Bodybuilding,https://youtu.be/hn0H9wrT7I0?si=2puOZbS5dzRQTGh6,Kettlebell Horn Grip Alternating Reverse Lunge,Pierna,2,fuerza_hipertrofia
Principiante,Peso libre,Fuerza / hipertrofia,Principal,Quadriceps,Knee Dominant,Bodybuilding,https://youtu.be/d7cVOMtyjS8?si=-LwL939gyb_zs3lu,Kettlebell Horn Grip Walking Lunge,Pierna,2,fuerza_hipertrofia
Avanzado,Peso libre,Movilidad / estabilidad,Calentamiento,Calves,Ankle Plantar Flexion,Balance,Sin dato,Barbell Back Rack Isometric Split Squat Calf Raise,Pierna,-1,movilidad_estabilidad
Avanzado,Peso libre,Movilidad / estabilidad,Calentamiento,Calves,Ankle Plantar Flexion,Balance,Sin dato,Barbell Back Rack Isometric Split Squat Foot Elevated Calf Raise,Pierna,-1,movilidad_estabilidad
Avanzado,Peso libre,Movilidad / estabilidad,Calentamiento,Calves,Ankle Plantar Flexion,Balance,Sin dato,Barbell Front Rack Isometric Split Squat Calf Raise,Pierna,-1,movilidad_estabilidad
Avanzado,Peso libre,Movilidad / estabilidad,Calentamiento,Calves,Ankle Plantar Flexion,Balance,Sin dato,Barbell Front Rack Isometric Split Squat Foot Elevated Calf Raise,Pierna,-1,movilidad_estabilidad
Principiante,Peso libre,Fuerza / hipertrofia,Principal,Calves,Ankle Plantar Flexion,Bodybuilding,https://youtu.be/xASrMCHjL4M?si=-Ue1QOKJH5pRPoTH,Single Arm Dumbbell Suitcase Hand Assisted Ipsilateral Foot Elevated Single Leg Calf Raise,Pierna,-3,fuerza_hipertrofia
Avanzado,Peso libre,Movilidad / estabilidad,Principal avanzado,Abdominals,Isometric Hold,Calisthenics,Sin dato,Double Kettlebell Straddle L Sit,Core,-2,movilidad_estabilidad
Avanzado,Peso libre,Movilidad / estabilidad,Calentamiento,Calves,Ankle Plantar Flexion,Balance,Sin dato,Double Dumbbell Front Rack Isometric Split Squat Calf Raise,Pierna,-1,movilidad_estabilidad
Avanzado,Peso libre,Movilidad / estabilidad,Calentamiento,Calves,Ankle Plantar Flexion,Balance,Sin dato,Double Dumbbell Front Rack Isometric Split Squat Foot Elevated Calf Raise,Pierna,-1,movilidad_estabilidad
Intermedio,Peso libre,Fuerza / hipertrofia,Principal,Quadriceps,Knee Dominant,Bodybuilding,Sin dato,Single Arm Kettlebell Front Rack Low Switch Cossack Squat,Pierna,2,fuerza_hipertrofia
Intermedio,Peso libre,Fuerza / hipertrofia,Principal,Quadriceps,Knee Dominant,Bodybuilding,Sin dato,Single Arm Kettlebell Front Rack Foot Elevated Contralateral Cossack Squat,Pierna,2,fuerza_hipertrofia
Intermedio,Sin equipo,Condicion fisica / potencia,Tecnica,Quadriceps,Knee Dominant,Plyometric,https://youtu.be/YGGq0AE5Uyc?si=or6Xddi0YaAkHuXV,Bodyweight Squat Jump,Pierna,8,potencia_funcional
Principiante,Peso libre,Fuerza / hipertrofia,Principal,Quadriceps,Knee Dominant,Bodybuilding,https://youtu.be/R61TjoYofDE?si=sA8kbakWIt24ow1A,Double Dumbbell Suitcase Alternating Step Up,Pierna,2,fuerza_hipertrofia
Principiante,Peso libre,Fuerza / hipertrofia,Principal,Quadriceps,Knee Dominant,Bodybuilding,https://youtu.be/hKLIHPXmPA4?si=mk9hkktF_4qw0okV,Double Dumbbell Front Rack Step Up,Pierna,2,fuerza_hipertrofia
Principiante,Gimnasio / maquina,Fuerza / hipertrofia,Principal,Back,Horizontal Pull,Bodybuilding,https://youtu.be/EhAho9Szp-0,Cable V Grip Seated Low Row,Jalón,2,fuerza_hipertrofia
Principiante,Ligas,Fuerza / hipertrofia,Principal,Shoulders,Shoulder External Rotation,Sin clasificar,https://youtu.be/pxnaBaRRZiY,Resistance Band Half Kneeling Face Pull,Empuje,1,fuerza_hipertrofia
Principiante,Sin equipo,Movilidad / estabilidad,Calentamiento,Back,Spinal Extension,Postural,https://youtu.be/NZSBjpVpvw8?si=lyk8zIAtzX2ETUc_,Bodyweight Prone Cobra,Jalón,1,movilidad_estabilidad
Avanzado,Peso libre,Condicion fisica / potencia,Tecnica,Glutes,Hip Hinge,Olympic Weightlifting,https://youtu.be/-mLzQdVAwlw?si=sQHYkOPNIgOBbsrh,Barbell Hang Power Snatch,Pierna,5,potencia_funcional
Avanzado,Peso libre,Condicion fisica / potencia,Tecnica,Quadriceps,Knee Dominant,Olympic Weightlifting,https://youtu.be/IucshEToDyM?si=ifH3zkJMJVCHypGV,Barbell Hang Squat Snatch,Pierna,5,potencia_funcional
Principiante,Peso libre,Fuerza / hipertrofia,Principal,Shoulders,Horizontal Pull,Bodybuilding,https://youtu.be/cL1HxbOBkTs,Double Dumbbell Seated Reverse Fly,Empuje,2,fuerza_hipertrofia
Principiante,Peso libre,Fuerza / hipertrofia,Principal,Biceps,Elbow Flexion,Bodybuilding,https://youtu.be/a2OQCwG9bd0?si=d_4n3IRKXeYoxBNs,Single Arm Dumbbell Seated Concentration Curl,Jalón,-3,fuerza_hipertrofia
Principiante,Peso libre,Fuerza / hipertrofia,Principal,Biceps,Elbow Flexion,Bodybuilding,https://youtu.be/eZAvPxEB5Dw?si=ZrwbDJ6qgGac-wRn,Alternating Double Dumbbell Seated Bicep Curl,Jalón,-3,fuerza_hipertrofia
Principiante,Peso libre,Fuerza / hipertrofia,Principal,Shoulders,Shoulder Flexion,Bodybuilding,https://youtu.be/c4EhnuYZQI8?si=O-MyHEA_d4DRkcEA,Alternating Double Dumbbell Front Raise,Empuje,0,fuerza_hipertrofia
Principiante,Gimnasio / maquina,Fuerza / hipertrofia,Principal,Back,Vertical Pull,Bodybuilding,https://youtu.be/UWhyxvCCzhw,Cable Wide Grip Lat Pulldown,Jalón,2,fuerza_hipertrofia
Principiante,Gimnasio / maquina,Fuerza / hipertrofia,Principal,Back,Vertical Pull,Bodybuilding,https://youtu.be/zLKwAYUmGMc,Cable Reverse Grip Lat Pulldown,Jalón,2,fuerza_hipertrofia
Principiante,Gimnasio / maquina,Fuerza / hipertrofia,Principal,Back,Vertical Pull,Bodybuilding,https://youtu.be/8hzVLzu-RJk,Cable V Grip Lat Pulldown,Jalón,2,fuerza_hipertrofia
Principiante,Sin equipo,Core / estabilidad,Principal,Abdominals,Rotational,Sin clasificar,https://youtu.be/fHXcyedPCPo?si=haa5Z5z5wbVY6loh,Bodyweight Bicycle Crunch,Core,3,core_estabilidad
Intermedio,Sin equipo,Condicion fisica / potencia,Tecnica,Quadriceps,Knee Dominant,Plyometric,https://youtu.be/0P8dbnUQrJI?si=IoU6OTqa34IekCVQ,Bodyweight Broad Jump,Pierna,8,potencia_funcional
Principiante,Sin equipo,Movilidad / estabilidad,Calentamiento,Abdominals,Anti-Extension,Calisthenics,https://youtu.be/YvUw_mKMGfQ?feature=shared,Bodyweight Forearm Plank,Core,3,movilidad_estabilidad
Principiante,Otro equipo,Movilidad / estabilidad,Calentamiento,Abdominals,Anti-Extension,Calisthenics,https://youtu.be/MP6yL_KKxYY?si=Q87bAjMVT-uTdGRq,Parallette Plank,Core,3,movilidad_estabilidad
Intermedio,Peso libre,Condicion fisica / potencia,Principal,Quadriceps,Knee Dominant,Sin clasificar,Sin dato,Double Clubbell Clean to Shoulder Park Squat,Pierna,5,potencia_funcional
Principiante,Peso libre,Fuerza / hipertrofia,Principal,Quadriceps,Knee Dominant,Sin clasificar,Sin dato,Clubbell Shoulder Park Squat,Pierna,3,fuerza_hipertrofia
Principiante,Peso libre,Fuerza / hipertrofia,Principal,Quadriceps,Knee Dominant,Sin clasificar,Sin dato,Single Arm Clubbell Shoulder Park Squat,Pierna,3,fuerza_hipertrofia
Intermedio,Peso libre,Fuerza / hipertrofia,Principal,Quadriceps,Hip Hinge,Sin clasificar,https://youtu.be/88ySRsmla4U?si=HG4Mctbie8EQOKUi,Clubbell Swing to Alternating Shoulder Park Squat,Pierna,3,fuerza_hipertrofia
Principiante,Peso libre,Fuerza / hipertrofia,Principal,Chest,Horizontal Push,Bodybuilding,https://youtu.be/q3cXdiyY7-Q?si=8ulm789f1CXgoDiT,Single Arm Dumbbell Bench Press,Empuje,2,fuerza_hipertrofia
Principiante,Peso libre,Fuerza / hipertrofia,Principal,Chest,Horizontal Push,Bodybuilding,https://youtu.be/ZaDlbm8E8Tg?si=BvNUvyhh8eTuBDsz,Double Dumbbell Bench Press,Empuje,2,fuerza_hipertrofia
Avanzado,Peso libre,Fuerza / hipertrofia,Tecnica,Shoulders,Vertical Push,Olympic Weightlifting,https://youtu.be/GUDkOtraHHY?si=rRrpCqPIVW7T-7T5,Barbell Split Jerk,Empuje,3,fuerza_hipertrofia
Avanzado,Peso libre,Fuerza / hipertrofia,Tecnica,Shoulders,Vertical Push,Olympic Weightlifting,https://youtu.be/Sk1vhXhHO_A?si=scaLm9b6g937lMhn,Barbell Power Clean to Split Jerk,Empuje,3,fuerza_hipertrofia
Principiante,Peso libre,Fuerza / hipertrofia,Principal,Chest,Horizontal Push,Bodybuilding,https://youtu.be/7QUcsq019Qs?si=rxXGikxFs6Y3YwPL,Double Dumbbell Incline Bench Press,Empuje,2,fuerza_hipertrofia
Intermedio,Peso libre,Fuerza / hipertrofia,Tecnica,Shoulders,Vertical Push,Olympic Weightlifting,https://youtu.be/XtRq5jzUHqE?si=dBupO-9VrVoLknW-,Barbell Power Jerk,Empuje,3,fuerza_hipertrofia
Avanzado,Peso libre,Fuerza / hipertrofia,Tecnica,Quadriceps,Knee Dominant,Olympic Weightlifting,https://youtu.be/vXTeZah_FjI?si=21zLDY_gy9epZ8bD,Barbell Squat Jerk,Pierna,3,fuerza_hipertrofia
Principiante,Peso libre,Fuerza / hipertrofia,Principal,Back,Horizontal Pull,Bodybuilding,https://youtu.be/t7dkLHdZ9uM?si=2TNd4Es589Vlu5uz,Double Kettlebell Bent Over Row,Jalón,2,fuerza_hipertrofia
Principiante,Sin equipo,Fuerza / hipertrofia,Principal,Shoulders,Vertical Push,Sin clasificar,https://youtu.be/_VrAJlhDkIc?si=8vRLbrTcTLygHKZE,Bodyweight Seated Wall Angels,Empuje,3,fuerza_hipertrofia
Principiante,Otro equipo,Fuerza / hipertrofia,Principal,Triceps,Horizontal Push,Calisthenics,Sin dato,Parallette Kneeling Close Grip Push Up,Empuje,5,fuerza_hipertrofia
Principiante,Peso libre,Fuerza / hipertrofia,Principal,Trapezius,Scapular Elevation,Bodybuilding,https://youtu.be/dB5Wxd_zS80,Double Kettlebell Shrug,Jalón,0,fuerza_hipertrofia
Intermedio,Sin equipo,Condicion fisica / potencia,Tecnica,Quadriceps,Knee Dominant,Plyometric,https://youtu.be/yncmjpwl_9g?si=OTCbmCenqG5BN1WW,Bodyweight Alternating Split Squat Jump,Pierna,8,potencia_funcional
Principiante,Calistenia / barras,Fuerza / hipertrofia,Principal,Shoulders,Sin clasificar,Sin clasificar,https://youtu.be/0Kr9lVl4JQ8?si=bGLAYv480sV-7xjg,Suspension Y Raise,Empuje,1,fuerza_hipertrofia
Principiante,Sin equipo,Fuerza / hipertrofia,Principal,Shoulders,Vertical Push,Sin clasificar,https://youtu.be/pNuHObBC-rg?si=vkl3Eaw-boo60WvV,Bodyweight Standing Wall Angels,Empuje,3,fuerza_hipertrofia
Principiante,Peso libre,Movilidad / estabilidad,Calentamiento,Abdominals,Anti-Extension,Calisthenics,https://youtu.be/AHwcb1JLtp4?si=XfL4K_pZpBu8QsfO,Double Kettlebell Mountain Climber,Core,3,movilidad_estabilidad
Intermedio,Sin equipo,Condicion fisica / potencia,Tecnica,Quadriceps,Knee Dominant,Plyometric,https://youtu.be/RtY9kyhuh5I?si=ryQL7SpLXYab74U9,Bodyweight Split Squat Jump,Pierna,8,potencia_funcional
Intermedio,Sin equipo,Fuerza / hipertrofia,Principal,Quadriceps,Knee Dominant,Animal Flow,https://youtu.be/-swSVo8-i4I?si=sEL_AtnfPtYy7b1X,Bodyweight Duck Walk,Pierna,3,fuerza_hipertrofia
Principiante,Peso libre,Fuerza / hipertrofia,Principal,Quadriceps,Knee Dominant,Bodybuilding,https://youtu.be/VsgCBIQE8gU?si=1KNObbTrjXSha2sF,Barbell Front Rack Split Squat,Pierna,2,fuerza_hipertrofia
Avanzado,Peso libre,Fuerza / hipertrofia,Principal avanzado,Quadriceps,Knee Dominant,Bodybuilding,https://youtu.be/wQrvCnYb4yw?si=z3YIBbCc8EKvTdgG,Barbell Overhead Split Squat,Pierna,2,fuerza_hipertrofia
Intermedio,Peso libre,Fuerza / hipertrofia,Principal,Shoulders,Vertical Push,Sin clasificar,https://youtu.be/KpE5v62Qnbk?si=0JFSRtn2gnAhSMeD,Double Dumbbell Split Jerk,Empuje,3,fuerza_hipertrofia
Principiante,Calistenia / barras,Fuerza / hipertrofia,Principal,Shoulders,Horizontal Pull,Sin clasificar,https://youtu.be/bYYJ4jQCUtg,Suspension Reverse Fly,Empuje,3,fuerza_hipertrofia
Principiante,Peso libre,Fuerza / hipertrofia,Principal,Chest,Horizontal Push,Bodybuilding,https://youtu.be/2B6WxyLaIrE?si=YFskQesFUqPMQA7s,Double Dumbbell Decline Bench Press,Empuje,2,fuerza_hipertrofia
Intermedio,Peso libre,Fuerza / hipertrofia,Principal,Shoulders,Vertical Push,Sin clasificar,https://youtu.be/li8Cf-vxDvk?si=xn7C8oJeNgbhkv-d,Single Arm Dumbbell Split Jerk,Empuje,3,fuerza_hipertrofia
Avanzado,Peso libre,Condicion fisica / potencia,Tecnica,Glutes,Hip Hinge,Ballistics,https://youtu.be/FTRy8SXUJXs?si=9fREcoDrSO9GfdAR,Single Arm Kettlebell Bottoms Up Snatch,Pierna,8,potencia_funcional
Intermedio,Sin equipo,Condicion fisica / potencia,Principal,Adductors,Hip Adduction,Sin clasificar,https://youtu.be/0Cwk_wwL6uM?si=N_sqB6NG5HF2Hv7U,Bodyweight Copenhagen Plank Side Raise,General,3,potencia_funcional
Intermedio,Sin equipo,Condicion fisica / potencia,Principal,Adductors,Hip Adduction,Sin clasificar,https://youtu.be/Tt5O0gfZmr0?si=9wq43SCcrrNE16rB,Bodyweight Copenhagen Plank with Leg Lift,General,3,potencia_funcional
Principiante,Peso libre,Fuerza / hipertrofia,Principal,Chest,Horizontal Adduction,Bodybuilding,https://youtu.be/Nhvz9EzdJ4U?si=MdnuiWNh7Wkz1qK_,Double Dumbbell Chest Fly,Empuje,-3,fuerza_hipertrofia
Principiante,Peso libre,Fuerza / hipertrofia,Principal,Chest,Horizontal Adduction,Bodybuilding,https://youtu.be/7NlIkLqcgnw?si=uIGPB18ukc3iERL2,Double Dumbbell Decline Bench Chest Fly,Empuje,-3,fuerza_hipertrofia
Principiante,Peso libre,Fuerza / hipertrofia,Principal,Calves,Ankle Plantar Flexion,Bodybuilding,https://youtu.be/gI-GqUg47UU?si=GQfpc8cxUMQ4kcui,Double Kettlebell Suitcase Calf Raise,Pierna,-3,fuerza_hipertrofia
Principiante,Peso libre,Fuerza / hipertrofia,Principal,Calves,Ankle Plantar Flexion,Bodybuilding,Sin dato,Double Kettlebell Front Rack Feet Elevated Calf Raise,Pierna,-3,fuerza_hipertrofia
Principiante,Peso libre,Fuerza / hipertrofia,Principal,Back,Horizontal Pull,Bodybuilding,https://youtu.be/ppmAYXaz0_k,Dumbbell Crush Grip Bent Over Row,Jalón,2,fuerza_hipertrofia
Principiante,Peso libre,Fuerza / hipertrofia,Principal,Calves,Ankle Plantar Flexion,Bodybuilding,Sin dato,Double Kettlebell Front Rack Calf Raise,Pierna,-3,fuerza_hipertrofia
Principiante,Peso libre,Fuerza / hipertrofia,Principal,Shoulders,Vertical Push,Bodybuilding,https://youtu.be/3hFzUnWOQLU,Dumbbell Crush Grip Bicep Curl to Overhead Press,Empuje,-1,fuerza_hipertrofia
Principiante,Peso libre,Fuerza / hipertrofia,Principal,Shoulders,Vertical Push,Bodybuilding,https://youtu.be/O2SYdrskhPU?si=RFInB5nFomiISnhm,Dumbbell Crush Grip Overhead Press,Empuje,2,fuerza_hipertrofia
Principiante,Peso libre,Fuerza / hipertrofia,Principal,Chest,Horizontal Push,Bodybuilding,https://youtu.be/2pN9ascZfGc?si=MWKxU4_8cj6Sv5bs,Dumbbell Crush Grip Floor Press,Empuje,2,fuerza_hipertrofia
Principiante,Peso libre,Fuerza / hipertrofia,Principal,Triceps,Elbow Extension,Bodybuilding,https://youtu.be/thF_jzznoVk?si=T8bHLGYmbaMBD8uL,Dumbbell Crush Grip Overhead Tricep Extension,Empuje,-3,fuerza_hipertrofia
Avanzado,Peso libre,Movilidad / estabilidad,Calentamiento,Calves,Ankle Plantar Flexion,Balance,Sin dato,Double Kettlebell Suitcase Isometric Split Squat Calf Raise,Pierna,-1,movilidad_estabilidad
Principiante,Sin equipo,Fuerza / hipertrofia,Principal,Glutes,Hip Extension,Bodybuilding,https://youtu.be/1Dbd7wStRJg?si=Yx13oEQ5A4kl4YJ5,Bodyweight Single Leg Hip Thrust,Pierna,0,fuerza_hipertrofia
Principiante,Accesorios funcionales,Fuerza / hipertrofia,Principal,Glutes,Hip Extension,Bodybuilding,https://youtu.be/p2Z02O1M18w?feature=shared,Stability Ball Single Leg Hip Thrust,Pierna,0,fuerza_hipertrofia
Avanzado,Peso libre,Movilidad / estabilidad,Calentamiento,Calves,Ankle Plantar Flexion,Balance,Sin dato,Double Kettlebell Suitcase Isometric Split Squat Foot Elevated Calf Raise,Pierna,-1,movilidad_estabilidad
Principiante,Peso libre,Fuerza / hipertrofia,Principal,Calves,Ankle Plantar Flexion,Bodybuilding,https://youtu.be/o4VnNZJ_ifM?si=mpuDr1i-66ZFR_7I,Single Arm Kettlebell Suitcase Hand Assisted Ipsilateral Foot Elevated Single Leg Calf Raise,Pierna,-3,fuerza_hipertrofia
Avanzado,Peso libre,Movilidad / estabilidad,Calentamiento,Calves,Ankle Plantar Flexion,Balance,Sin dato,Double Kettlebell Front Rack Isometric Split Squat Calf Raise,Pierna,-1,movilidad_estabilidad
Principiante,Gimnasio / maquina,Fuerza / hipertrofia,Principal,Back,Vertical Pull,Bodybuilding,https://youtu.be/wo-YhhSpEJI,Cable V Grip Seated Floor Lat Pulldown,Jalón,2,fuerza_hipertrofia
Avanzado,Peso libre,Movilidad / estabilidad,Calentamiento,Calves,Ankle Plantar Flexion,Balance,Sin dato,Double Kettlebell Front Rack Isometric Split Squat Foot Elevated Calf Raise,Pierna,-1,movilidad_estabilidad
Principiante,Otro equipo,Condicion fisica / potencia,Principal,Biceps,Sin clasificar,Sin clasificar,https://youtu.be/ZujykKeVZpM,Battle Rope Alternating Wave,Jalón,3,potencia_funcional
Principiante,Gimnasio / maquina,Fuerza / hipertrofia,Principal,Triceps,Elbow Extension,Bodybuilding,https://youtu.be/fjYbHu5oXn0?si=h7OFn1fToKpfmC3B,Cable Rope Tall Kneeling Tricep Pushdown,Empuje,-3,fuerza_hipertrofia
Principiante,Sin equipo,Fuerza / hipertrofia,Principal,Calves,Ankle Plantar Flexion,Bodybuilding,https://youtu.be/VuvZCiSMw_A?si=wJFjWj_7127inskf,Bodyweight Feet Elevated Calf Raise,Pierna,-3,fuerza_hipertrofia
Principiante,Accesorios funcionales,Fuerza / hipertrofia,Principal,Glutes,Hip Extension,Bodybuilding,https://youtu.be/ujcZZ0kLEmY?si=Vb7GDY3_NgNICWqW,Stability Ball Reverse Hyperextension,Pierna,0,fuerza_hipertrofia
Principiante,Sin equipo,Fuerza / hipertrofia,Principal,Glutes,Hip Extension,Bodybuilding,https://youtu.be/zH8QN413Vuo?si=htM_QtEmupefpV2z,Bodyweight Frog Reverse Hyperextension,Pierna,0,fuerza_hipertrofia
Principiante,Sin equipo,Fuerza / hipertrofia,Principal,Glutes,Hip Extension,Bodybuilding,https://youtu.be/UP44YFNMF4A?si=ymXfKPXP3jXmkT4j,Bodyweight Reverse Hyperextension,Pierna,0,fuerza_hipertrofia
Intermedio,Gimnasio / maquina,Core / estabilidad,Principal,Abdominals,Rotational,Sin clasificar,https://youtu.be/dz0OxCiLkjI?si=-FrxaHRLjT-KzMPb,Cable Rope Tall Kneeling Low to High Chop,Core,3,core_estabilidad
Principiante,Sin equipo,Core / estabilidad,Principal,Abdominals,Spinal Flexion,Sin clasificar,https://youtu.be/7UVgs18Y1P4?si=o0GvxxE-1wAYvgfE,Bodyweight V Up,Core,1,core_estabilidad
Intermedio,Accesorios funcionales,Fuerza / hipertrofia,Principal,Quadriceps,Knee Dominant,Bodybuilding,Sin dato,Slider Barbell Front Rack Reverse Lunge,Pierna,2,fuerza_hipertrofia
Intermedio,Accesorios funcionales,Fuerza / hipertrofia,Principal,Quadriceps,Knee Dominant,Bodybuilding,https://youtu.be/svmnL4VOmdQ?si=LsXy5ZYYQ72FtD7F,Slider Barbell Back Rack Reverse Lunge,Pierna,2,fuerza_hipertrofia
Principiante,Accesorios funcionales,Fuerza / hipertrofia,Principal,Quadriceps,Knee Dominant,Bodybuilding,https://youtu.be/X9swqObTGJw?si=Qpxrkq0cR0xf5eiU,Slider Reverse Lunge,Pierna,2,fuerza_hipertrofia
Intermedio,Peso libre,Fuerza / hipertrofia,Tecnica,Shoulders,Vertical Push,Olympic Weightlifting,https://youtu.be/VrHNJXoSyXw,Barbell Push Jerk,Empuje,3,fuerza_hipertrofia
Avanzado,Peso libre,Fuerza / hipertrofia,Tecnica,Shoulders,Vertical Push,Olympic Weightlifting,https://youtu.be/LtoksZKesMA?si=rSvsSk9ilVqlS937,Barbell Power Clean to Push Jerk,Empuje,3,fuerza_hipertrofia
Avanzado,Peso libre,Fuerza / hipertrofia,Tecnica,Shoulders,Vertical Push,Olympic Weightlifting,https://youtu.be/GqAEuwXQXRU?si=a2lQdD8ZT7OeBRNX,Barbell Squat Clean to Push Jerk,Empuje,3,fuerza_hipertrofia
Principiante,Peso libre,Condicion fisica / potencia,Tecnica,Glutes,Hip Hinge,Ballistics,https://youtu.be/sEerteQ9q8Y?si=eO7tUCscpuCkcIez,Single Arm Kettlebell Outside Swing,Pierna,8,potencia_funcional
Intermedio,Peso libre,Fuerza / hipertrofia,Principal,Quadriceps,Knee Dominant,Bodybuilding,https://youtu.be/61BWrwBMUlk?si=zXjflLRvn7EaFnuR,Single Arm Kettlebell Suitcase Alternating Forward Lunge Pass Through,Pierna,2,fuerza_hipertrofia
Intermedio,Peso libre,Fuerza / hipertrofia,Principal,Quadriceps,Knee Dominant,Bodybuilding,https://youtu.be/6flBwO_bKB8?si=_cijIvoTOn2fDR7y,Single Arm Kettlebell Suitcase Alternating Reverse Lunge Pass Through,Pierna,2,fuerza_hipertrofia
Avanzado,Peso libre,Condicion fisica / potencia,Tecnica,Quadriceps,Knee Dominant,Ballistics,https://youtu.be/T6QWzXtiHVk?si=6Qx4S0Y9YS8kR-E8,Single Arm Kettlebell Contralateral Forward Lunge Snatch,Pierna,8,potencia_funcional
Avanzado,Peso libre,Condicion fisica / potencia,Tecnica,Quadriceps,Knee Dominant,Ballistics,https://youtu.be/yVbXFUpxZDo?si=fGc1RAIfM6JUdZ4B,Single Arm Kettlebell Alternating Forward Lunge Snatch,Pierna,8,potencia_funcional
Principiante,Peso libre,Fuerza / hipertrofia,Principal,Shoulders,Vertical Push,Bodybuilding,https://youtu.be/IfGxPcgiTmY,Double Kettlebell Overhead Press,Empuje,2,fuerza_hipertrofia
Principiante,Gimnasio / maquina,Fuerza / hipertrofia,Principal,Biceps,Elbow Flexion,Bodybuilding,https://youtu.be/F3Y03RnVY8Y?si=8uzaga9fPI14rc9M,Cable Straight Bar Bicep Curl,Jalón,-3,fuerza_hipertrofia
Principiante,Peso libre,Fuerza / hipertrofia,Principal,Chest,Horizontal Push,Bodybuilding,https://youtu.be/hEEUpEwRE7g?si=x48upd1YMj1w_xrR,Double Kettlebell Glute Bridge Isometric Floor Press,Empuje,2,fuerza_hipertrofia
Principiante,Accesorios funcionales,Fuerza / hipertrofia,Principal,Quadriceps,Knee Dominant,Bodybuilding,Sin dato,Slider Single Arm Dumbbell Front Rack Ipsilateral Reverse Lunge,Pierna,2,fuerza_hipertrofia
Principiante,Accesorios funcionales,Fuerza / hipertrofia,Principal,Quadriceps,Knee Dominant,Bodybuilding,https://youtu.be/MAiTY-4x82Q?si=zKIXO7qWRH9Fp9yh,Slider Single Arm Dumbbell Suitcase Contralateral Reverse Lunge,Pierna,2,fuerza_hipertrofia
Principiante,Accesorios funcionales,Fuerza / hipertrofia,Principal,Quadriceps,Knee Dominant,Bodybuilding,Sin dato,Slider Single Arm Dumbbell Suitcase Ipsilateral Reverse Lunge,Pierna,2,fuerza_hipertrofia
Intermedio,Accesorios funcionales,Fuerza / hipertrofia,Principal,Quadriceps,Knee Dominant,Bodybuilding,Sin dato,Slider Single Arm Dumbbell Overhead Contralateral Reverse Lunge,Pierna,2,fuerza_hipertrofia
Intermedio,Accesorios funcionales,Fuerza / hipertrofia,Principal,Quadriceps,Knee Dominant,Bodybuilding,Sin dato,Slider Single Arm Dumbbell Overhead Ipsilateral Reverse Lunge,Pierna,2,fuerza_hipertrofia
Principiante,Accesorios funcionales,Fuerza / hipertrofia,Principal,Quadriceps,Knee Dominant,Bodybuilding,https://youtu.be/RoS53TjR2QY?si=6bemyT1DeK6D_ziA,Slider Double Dumbbell Front Rack Reverse Lunge,Pierna,2,fuerza_hipertrofia
Principiante,Accesorios funcionales,Fuerza / hipertrofia,Principal,Quadriceps,Knee Dominant,Bodybuilding,https://youtu.be/jo1G9aygVIY?si=rDCyU7nAR0DQrhQr,Slider Double Dumbbell Suitcase Reverse Lunge,Pierna,2,fuerza_hipertrofia
Intermedio,Accesorios funcionales,Fuerza / hipertrofia,Principal,Quadriceps,Knee Dominant,Bodybuilding,https://youtu.be/t27p0HCStHg?si=P5VidxzYpMaxRdyY,Slider Double Dumbbell Overhead Reverse Lunge,Pierna,2,fuerza_hipertrofia
Principiante,Peso libre,Fuerza / hipertrofia,Principal,Biceps,Elbow Flexion,Bodybuilding,https://youtu.be/fM0TQLoesLs?si=Jdgh0xyXpZA-KwyM,Double Dumbbell Hammer Curl,Jalón,-3,fuerza_hipertrofia
Principiante,Peso libre,Fuerza / hipertrofia,Principal,Chest,Horizontal Push,Bodybuilding,https://youtu.be/-umNkuKth1U?si=17upb868pBHT1MIg,Alternating Double Dumbbell Bench Press,Empuje,2,fuerza_hipertrofia
Principiante,Accesorios funcionales,Fuerza / hipertrofia,Principal,Quadriceps,Knee Dominant,Bodybuilding,Sin dato,Slider Single Arm Clubbell Order Contralateral Reverse Lunge,Pierna,2,fuerza_hipertrofia
Principiante,Accesorios funcionales,Fuerza / hipertrofia,Principal,Quadriceps,Knee Dominant,Bodybuilding,Sin dato,Slider Single Arm Clubbell Order Ipsilateral Reverse Lunge,Pierna,2,fuerza_hipertrofia
Principiante,Accesorios funcionales,Fuerza / hipertrofia,Principal,Quadriceps,Knee Dominant,Bodybuilding,Sin dato,Slider Double Clubbell Order Reverse Lunge,Pierna,2,fuerza_hipertrofia
Principiante,Accesorios funcionales,Fuerza / hipertrofia,Principal,Quadriceps,Knee Dominant,Bodybuilding,Sin dato,Slider Clubbell Order Reverse Lunge,Pierna,2,fuerza_hipertrofia
Principiante,Accesorios funcionales,Fuerza / hipertrofia,Principal,Quadriceps,Knee Dominant,Bodybuilding,Sin dato,Slider Macebell Order Reverse Lunge,Pierna,2,fuerza_hipertrofia
Principiante,Accesorios funcionales,Fuerza / hipertrofia,Principal,Quadriceps,Knee Dominant,Bodybuilding,Sin dato,Slider Single Arm Macebell Order Contralateral Reverse Lunge,Pierna,2,fuerza_hipertrofia
Principiante,Accesorios funcionales,Fuerza / hipertrofia,Principal,Quadriceps,Knee Dominant,Bodybuilding,Sin dato,Slider Single Arm Macebell Order Ipsilateral Reverse Lunge,Pierna,2,fuerza_hipertrofia
Principiante,Accesorios funcionales,Fuerza / hipertrofia,Principal,Quadriceps,Knee Dominant,Bodybuilding,Sin dato,Slider Landmine Goblet Reverse Lunge,Pierna,2,fuerza_hipertrofia
Intermedio,Accesorios funcionales,Fuerza / hipertrofia,Principal,Quadriceps,Knee Dominant,Bodybuilding,https://youtu.be/EKtY3UJFmTg?si=_1L9MCgCQ4f1c_fB,Slider Landmine Shoulder Contralateral Reverse Lunge,Pierna,2,fuerza_hipertrofia
Principiante,Accesorios funcionales,Fuerza / hipertrofia,Principal,Quadriceps,Knee Dominant,Bodybuilding,Sin dato,Slider Single Arm Landmine Front Rack Contralateral Reverse Lunge,Pierna,2,fuerza_hipertrofia
Principiante,Accesorios funcionales,Fuerza / hipertrofia,Principal,Quadriceps,Knee Dominant,Bodybuilding,Sin dato,Slider Single Arm Landmine Front Rack Ipsilateral Reverse Lunge,Pierna,2,fuerza_hipertrofia
Principiante,Accesorios funcionales,Fuerza / hipertrofia,Principal,Quadriceps,Knee Dominant,Bodybuilding,https://youtu.be/XUrqwdRtU54?si=i9PTTagf_EVKwx0j,Slider Single Arm Landmine Suitcase Contralateral Reverse Lunge,Pierna,2,fuerza_hipertrofia
Principiante,Accesorios funcionales,Fuerza / hipertrofia,Principal,Quadriceps,Knee Dominant,Bodybuilding,Sin dato,Slider Single Arm Landmine Suitcase Ipsilateral Reverse Lunge,Pierna,2,fuerza_hipertrofia
Intermedio,Accesorios funcionales,Fuerza / hipertrofia,Principal,Quadriceps,Knee Dominant,Bodybuilding,Sin dato,Slider Single Arm Landmine Overhead Contralateral Reverse Lunge,Pierna,2,fuerza_hipertrofia
Intermedio,Accesorios funcionales,Fuerza / hipertrofia,Principal,Quadriceps,Knee Dominant,Bodybuilding,Sin dato,Slider Single Arm Landmine Overhead Ipsilateral Reverse Lunge,Pierna,2,fuerza_hipertrofia
Intermedio,Calistenia / barras,Condicion fisica / potencia,Tecnica,Quadriceps,Knee Dominant,Plyometric,https://youtu.be/NcyZj45wcnY?si=cwEgFB3aBkfIjMQy,Suspension Squat Jump,Pierna,8,potencia_funcional
Principiante,Peso libre,Fuerza / hipertrofia,Principal,Chest,Horizontal Push,Bodybuilding,https://youtu.be/xt1UdzhkMfY?si=OIM1LWctboVJi66d,Alternating Double Dumbbell Incline Bench Press,Empuje,2,fuerza_hipertrofia
Principiante,Peso libre,Fuerza / hipertrofia,Principal,Chest,Horizontal Push,Bodybuilding,https://youtu.be/XuYszvlq1Zk?si=cRt_Xb7fwOGFU40U,Alternating Double Dumbbell Decline Bench Press,Empuje,2,fuerza_hipertrofia
Principiante,Otro equipo,Fuerza / hipertrofia,Principal,Glutes,Hip Extension,Bodybuilding,https://youtu.be/Zr2RLjIjCN0?si=CFxCFwgSlgd_2sCv,Miniband Glute Bridge,Pierna,0,fuerza_hipertrofia
Principiante,Peso libre,Fuerza / hipertrofia,Principal,Chest,Horizontal Push,Bodybuilding,https://youtu.be/LD5vanDs9G4?si=beAWPFWY1Y8shTBO,Alternating Double Dumbbell Top Down Bench Press,Empuje,2,fuerza_hipertrofia
Principiante,Peso libre,Fuerza / hipertrofia,Principal,Chest,Horizontal Push,Bodybuilding,https://youtu.be/oPk0SGlvX98?si=AjZmhQyk03HHYgPO,Alternating Double Dumbbell Top Down Incline Bench Press,Empuje,2,fuerza_hipertrofia
Principiante,Peso libre,Fuerza / hipertrofia,Principal,Chest,Horizontal Push,Bodybuilding,https://youtu.be/Ztg7B04oVXU?si=KGYDSnNrZiBMfVab,Alternating Double Dumbbell Top Down Decline Bench Press,Empuje,2,fuerza_hipertrofia
Principiante,Calistenia / barras,Movilidad / estabilidad,Principal,Forearms,Isometric Hold,Calisthenics,https://youtu.be/4RqNGRVaTUQ?si=geYUBIdFOo8AzeHT,Bar Dead Hang,Core,3,movilidad_estabilidad
Principiante,Otro equipo,Fuerza / hipertrofia,Principal,Back,Hip Hinge,Bodybuilding,https://youtu.be/FYx76NSijfU?si=SQ4p_SUWbJGUlk0N,Trap Bar Deadlift,Cadera,2,fuerza_hipertrofia
Principiante,Otro equipo,Fuerza / hipertrofia,Principal,Back,Hip Hinge,Bodybuilding,https://youtu.be/UfCzhPWBmhU?si=PEQal1FTSXhdUQED,Trap Bar Staggered Stance Deadlift,Cadera,2,fuerza_hipertrofia
Principiante,Ligas,Fuerza / hipertrofia,Principal,Biceps,Elbow Flexion,Bodybuilding,https://youtu.be/E-6iFVLC66I?si=HTrleCkD1HyCvWuq,Resistance Band Alternating Bicep Curl,Jalón,-3,fuerza_hipertrofia
Intermedio,Otro equipo,Fuerza / hipertrofia,Principal,Quadriceps,Knee Dominant,Bodybuilding,https://youtu.be/XLnOFLtWCaU?feature=shared,Landmine Goblet Alternating Curtsy Lunge,Pierna,2,fuerza_hipertrofia
Intermedio,Otro equipo,Fuerza / hipertrofia,Principal,Quadriceps,Knee Dominant,Bodybuilding,Sin dato,Landmine Goblet Curtsy Lunge,Pierna,2,fuerza_hipertrofia
Avanzado,Peso libre,Fuerza / hipertrofia,Principal avanzado,Quadriceps,Knee Dominant,Bodybuilding,https://youtu.be/VrOZZjPvj84?si=nwwNU54x-itcb4Ha,Barbell Overhead Alternating Curtsy Lunge,Pierna,2,fuerza_hipertrofia
Intermedio,Peso libre,Fuerza / hipertrofia,Principal,Quadriceps,Knee Dominant,Bodybuilding,https://youtu.be/zUV4jRr6DPk?si=WdsGqclPVPcWvX9C,Barbell Back Rack Alternating Curtsy Lunge,Pierna,2,fuerza_hipertrofia
Avanzado,Peso libre,Fuerza / hipertrofia,Principal avanzado,Quadriceps,Knee Dominant,Bodybuilding,https://youtu.be/-CSU1ZIDcRs?si=r1puJp7Mv2H5UpDs,Barbell Zercher Alternating Curtsy Lunge,Pierna,2,fuerza_hipertrofia
Intermedio,Otro equipo,Condicion fisica / potencia,Principal,Forearms,Loaded Carry,Sin clasificar,https://youtu.be/df-MeZsxCAM?si=DWozx3zEr924L2oN,Trap Bar Suitcase Carry,Carga,5,potencia_funcional
Principiante,Otro equipo,Fuerza / hipertrofia,Principal,Hamstrings,Hip Hinge,Bodybuilding,https://youtu.be/2L_LpH_IIbc?si=bI9uPdiltgD6G9Mf,Trap Bar Romanian Deadlift,Cadera,2,fuerza_hipertrofia
Principiante,Ligas,Fuerza / hipertrofia,Principal,Biceps,Elbow Flexion,Bodybuilding,https://youtu.be/xE20IwkSELc?si=FM0m4qOgocoDEdDz,Resistance Band Bicep Curl,Jalón,-3,fuerza_hipertrofia
Principiante,Ligas,Fuerza / hipertrofia,Principal,Chest,Horizontal Push,Sin clasificar,https://youtu.be/Rn-hf5iauTc?si=9JMXffEInfAmWfNH,Resistance Band Chest Press,Empuje,3,fuerza_hipertrofia
Principiante,Ligas,Fuerza / hipertrofia,Principal,Chest,Horizontal Push,Sin clasificar,https://youtu.be/m3wEZExvGCY?si=qPi52D7LtCC72Ccj,Resistance Band Alternating Chest Press,Empuje,3,fuerza_hipertrofia
Intermedio,Otro equipo,Fuerza / hipertrofia,Principal,Back,Hip Hinge,Bodybuilding,https://youtu.be/n2nbRRSMWu4?si=twYL2iJC0VYVj6WF,Trap Bar Deficit Deadlift,Cadera,2,fuerza_hipertrofia
Intermedio,Otro equipo,Fuerza / hipertrofia,Principal,Quadriceps,Knee Dominant,Bodybuilding,https://youtu.be/aciS41CW_Mc?si=7y6xxA-nZjKbqeNc,Trap Bar Bulgarian Split Squat,Pierna,2,fuerza_hipertrofia
Avanzado,Otro equipo,Condicion fisica / potencia,Tecnica,Quadriceps,Knee Dominant,Plyometric,https://youtu.be/52-P8hlrKqg?si=cgixMNp8OmG6lTNQ,Trap Bar Squat Jump,Pierna,8,potencia_funcional
Principiante,Ligas,Fuerza / hipertrofia,Principal,Chest,Horizontal Adduction,Bodybuilding,https://youtu.be/gm9bWFtRIrk?si=u3u3eYJ1rcURrYwf,Resistance Band Chest Fly,Empuje,-3,fuerza_hipertrofia
Intermedio,Otro equipo,Condicion fisica / potencia,Tecnica,Chest,Horizontal Push,Plyometric,https://youtu.be/WQ7QzKOCVLE?si=rWX43WDQ4l8VmtIy,Battle Rope Power Slam to Burpee,Empuje,8,potencia_funcional
Principiante,Ligas,Fuerza / hipertrofia,Principal,Back,Horizontal Pull,Bodybuilding,https://youtu.be/wRLkttcydwo?si=F9hMpgbV2W-oo3W5,Resistance Band Low Row,Jalón,2,fuerza_hipertrofia
Intermedio,Otro equipo,Condicion fisica / potencia,Principal,Quadriceps,Knee Dominant,Sin clasificar,https://youtu.be/cpytZ7Uv85s?si=tl6ya3gXriejNfxT,Battle Rope Alternating Reverse Lunge Alternating Wave,Pierna,5,potencia_funcional
Principiante,Sin equipo,Movilidad / estabilidad,Calentamiento,Quadriceps,Isometric Hold,Balance,https://youtu.be/36kJjDfMHIc?feature=shared,Bodyweight Isometric Split Squat Hold,Pierna,2,movilidad_estabilidad
Principiante,Sin equipo,Fuerza / hipertrofia,Principal,Quadriceps,Knee Dominant,Sin clasificar,https://youtu.be/-aMgxO760L4?si=9gx0HVA_RdsNSgFi,Bodyweight Split Squat,Pierna,3,fuerza_hipertrofia
Principiante,Peso libre,Fuerza / hipertrofia,Principal,Glutes,Hip Extension,Bodybuilding,https://youtu.be/coFi5XRmTAk?si=b564Njzd_-7c0U9x,Barbell Frog Pump,Pierna,0,fuerza_hipertrofia
Principiante,Peso libre,Fuerza / hipertrofia,Principal,Calves,Ankle Plantar Flexion,Bodybuilding,https://youtu.be/_gDcrYTfTCU?si=HKjUJaexuiWSopvB,Barbell Front Rack Calf Raise,Pierna,-3,fuerza_hipertrofia
Principiante,Peso libre,Fuerza / hipertrofia,Principal,Calves,Ankle Plantar Flexion,Bodybuilding,https://youtu.be/SpwcssWT0p4?si=XhO_l77nZbQDRttr,Barbell Back Rack Calf Raise,Pierna,-3,fuerza_hipertrofia
Principiante,Otro equipo,Fuerza / hipertrofia,Principal,Calves,Ankle Plantar Flexion,Bodybuilding,https://youtu.be/-Jb6VkZ4-tc?si=ZY9K1ZxEHtlV_gOz,Trap Bar Calf Raise,Pierna,-3,fuerza_hipertrofia
Avanzado,Peso libre,Fuerza / hipertrofia,Principal avanzado,Quadriceps,Knee Dominant,Bodybuilding,https://youtu.be/guw95GpKkY0?si=TrefJn9gELbrR9t3,Barbell Zercher Cyclist Squat,Pierna,2,fuerza_hipertrofia
Principiante,Otro equipo,Fuerza / hipertrofia,Principal,Back,Hip Hinge,Bodybuilding,https://youtu.be/5zBwce39LfU?si=N9TY90hZ5tEbb3oc,Trap Bar Rack Pull,Cadera,2,fuerza_hipertrofia
Principiante,Ligas,Fuerza / hipertrofia,Principal,Back,Horizontal Pull,Bodybuilding,https://youtu.be/mdf7cMhqRqs?si=P_AYp9PgEajEP_il,Resistance Band Mid Row,Jalón,2,fuerza_hipertrofia
Principiante,Ligas,Fuerza / hipertrofia,Principal,Shoulders,Shoulder External Rotation,Bodybuilding,https://youtu.be/HHZ1_OZKLII?si=CyqPWtENsIMkdeyn,Resistance Band Face Pull,Empuje,0,fuerza_hipertrofia
Principiante,Ligas,Fuerza / hipertrofia,Principal,Shoulders,Shoulder External Rotation,Bodybuilding,https://youtu.be/_VZ1cR730rs?feature=shared,Resistance Band Face Pull to Overhead Press,Empuje,0,fuerza_hipertrofia
Principiante,Ligas,Fuerza / hipertrofia,Principal,Back,Horizontal Pull,Bodybuilding,https://youtu.be/apYOwiF9moM?si=bOCR3Ldpx6nSTzj0,Single Arm Resistance Band Low Row,Jalón,2,fuerza_hipertrofia
Principiante,Ligas,Fuerza / hipertrofia,Principal,Back,Horizontal Pull,Bodybuilding,Sin dato,Single Arm Resistance Band Mid Row,Jalón,2,fuerza_hipertrofia
Principiante,Ligas,Fuerza / hipertrofia,Principal,Chest,Horizontal Push,Bodybuilding,https://youtu.be/8gcpEaHDgsY?si=5iKOYsOZ_3phaShu,Single Arm Resistance Band Chest Press,Empuje,2,fuerza_hipertrofia
Principiante,Ligas,Fuerza / hipertrofia,Principal,Forearms,Elbow Flexion,Bodybuilding,https://youtu.be/zgV5PpkReuI?si=SX9-dariFRe2W5q5,Resistance Band Reverse Grip Bicep Curl,General,-3,fuerza_hipertrofia
Principiante,Ligas,Fuerza / hipertrofia,Principal,Forearms,Elbow Flexion,Bodybuilding,Sin dato,Resistance Band Alternating Reverse Grip Bicep Curl,General,-3,fuerza_hipertrofia
Principiante,Ligas,Fuerza / hipertrofia,Principal,Biceps,Elbow Flexion,Bodybuilding,https://youtu.be/bcond2tqWg0?si=YEuafUqhelVkqYol,Resistance Band Hammer Curl,Jalón,-3,fuerza_hipertrofia
Principiante,Otro equipo,Condicion fisica / potencia,Tecnica,Shoulders,Shoulder Abduction,Plyometric,https://youtu.be/jnCBdIA1Mno?si=SHMrXoMGIywOdwJ4,Battle Rope Jumping Jack,Empuje,6,potencia_funcional
Intermedio,Otro equipo,Condicion fisica / potencia,Tecnica,Quadriceps,Knee Dominant,Plyometric,https://youtu.be/3RbFYYr4RDQ?si=I_hq0oqYA6dy8acI,Battle Rope Squat Jump Power Slam,Pierna,8,potencia_funcional
Principiante,Otro equipo,Core / estabilidad,Principal,Abdominals,Rotational,Sin clasificar,https://youtu.be/0ieiwGvtCT4?si=eBnoeYkD7iu_tawZ,Battle Rope Alternating Side Slam,Core,3,core_estabilidad
Intermedio,Otro equipo,Condicion fisica / potencia,Tecnica,Quadriceps,Knee Dominant,Plyometric,https://youtu.be/HMK1KfYKJKw?si=8_j1X9PceX4ykwe_,Battle Rope Squat Jump Alternating Wave,Pierna,8,potencia_funcional
Intermedio,Otro equipo,Condicion fisica / potencia,Tecnica,Quadriceps,Knee Dominant,Plyometric,https://youtu.be/HGV2NJ6EI3A?si=2zud6P-SPcw2soRh,Battle Rope In and Out Squat Jump Power Slam,Pierna,8,potencia_funcional
Intermedio,Otro equipo,Condicion fisica / potencia,Tecnica,Quadriceps,Knee Dominant,Plyometric,Sin dato,Battle Rope In and Out Squat Jump Alternating Wave,Pierna,8,potencia_funcional
Principiante,Sin equipo,Condicion fisica / potencia,Tecnica,Quadriceps,Knee Dominant,Plyometric,https://youtu.be/5KT8dr-J65U?si=YGtdHgvAy0DIgmt5,Bodyweight In and Out Squat Jump,Pierna,8,potencia_funcional
Principiante,Otro equipo,Condicion fisica / potencia,Tecnica,Abductors,Hip Abduction,Plyometric,https://youtu.be/cguZ74v0_bE?si=wU22GaKrEc-GA4sw,Miniband Thigh In and Out Squat Jump,Condición,6,potencia_funcional
Intermedio,Otro equipo,Condicion fisica / potencia,Tecnica,Abductors,Hip Abduction,Plyometric,https://youtu.be/DUf4-qvOroU?si=LFkNn97WQn5oz1m6,Miniband Ankle In and Out Squat Jump,Condición,6,potencia_funcional
Principiante,Ligas,Fuerza / hipertrofia,Principal,Biceps,Elbow Flexion,Bodybuilding,Sin dato,Resistance Band Alternating Hammer Curl,Jalón,-3,fuerza_hipertrofia
Principiante,Ligas,Fuerza / hipertrofia,Principal,Shoulders,Sin clasificar,Sin clasificar,Sin dato,Resistance Band Y Raise,Empuje,1,fuerza_hipertrofia
Intermedio,Otro equipo,Movilidad / estabilidad,Calentamiento,Abdominals,Sin clasificar,Balance,https://youtu.be/7cBlrIqHv9o?si=34m2WPXJArSvm8ap,Battle Rope Isometric Split Squat Power Slam,Core,2,movilidad_estabilidad
Intermedio,Otro equipo,Condicion fisica / potencia,Tecnica,Quadriceps,Knee Dominant,Plyometric,https://youtu.be/0B_lk4-o850?si=g42on5mrqq1cAdUb,Battle Rope Alternating Split Squat Jump Alternating Wave,Pierna,8,potencia_funcional
Intermedio,Otro equipo,Condicion fisica / potencia,Tecnica,Quadriceps,Knee Dominant,Plyometric,https://youtu.be/nkEeL2ULZGI?si=gDhAhABHiXhwi1Hv,Battle Rope Alternating Split Squat Jump Power Slam,Pierna,8,potencia_funcional
Principiante,Peso libre,Fuerza / hipertrofia,Principal,Quadriceps,Knee Dominant,Bodybuilding,https://youtu.be/4NCYLWTv5Mc?si=OT9LNGr9wS3RbezC,Single Arm Kettlebell Front Rack Contralateral Cossack Squat,Pierna,2,fuerza_hipertrofia
Principiante,Ligas,Fuerza / hipertrofia,Principal,Shoulders,Shoulder External Rotation,Sin clasificar,https://youtu.be/13Au7iJ02c8?si=2JaXbdRT8-eAxkx-,Resistance Band Cuban Press,Empuje,1,fuerza_hipertrofia
Intermedio,Peso libre,Fuerza / hipertrofia,Principal,Quadriceps,Knee Dominant,Bodybuilding,https://youtu.be/I4lYPJdwnDg?si=8AgvVHOfdxgX_-zE,Single Arm Kettlebell Overhead Contralateral Cossack Squat,Pierna,2,fuerza_hipertrofia
Principiante,Ligas,Fuerza / hipertrofia,Principal,Shoulders,Shoulder External Rotation,Sin clasificar,Sin dato,Resistance Band Tall Kneeling Cuban Press,Empuje,1,fuerza_hipertrofia
Principiante,Otro equipo,Movilidad / estabilidad,Calentamiento,Shoulders,Shoulder Abduction,Mobility,https://youtu.be/MnDpmNYUjbc?si=PjX7rTfbGKTyeip0,Superband Pull Apart,Empuje,2,movilidad_estabilidad
Principiante,Ligas,Fuerza / hipertrofia,Principal,Shoulders,Shoulder External Rotation,Bodybuilding,https://youtu.be/6VDr-3Cmjzw?si=E5zp1jznZ4XPQQ5b,Resistance Band Tall Kneeling Face Pull,Empuje,0,fuerza_hipertrofia
Principiante,Ligas,Fuerza / hipertrofia,Principal,Shoulders,Vertical Push,Bodybuilding,https://youtu.be/GeA6o0q5ccM?si=958ZadG3-_7ru6ZD,Resistance Band Overhead Press,Empuje,2,fuerza_hipertrofia
Principiante,Ligas,Fuerza / hipertrofia,Principal,Shoulders,Vertical Push,Bodybuilding,https://youtu.be/kVnIb_csFRw?si=bJHQnzuc7AHgbv9P,Resistance Band Alternating Overhead Press,Empuje,2,fuerza_hipertrofia
Principiante,Peso libre,Fuerza / hipertrofia,Principal,Shoulders,Vertical Push,Bodybuilding,https://youtu.be/yQg0mHo-fjQ?si=1wCoEdQg1fR5hmAp,Alternating Double Dumbbell Overhead Press,Empuje,2,fuerza_hipertrofia
Principiante,Calistenia / barras,Fuerza / hipertrofia,Principal,Triceps,Elbow Extension,Bodybuilding,https://youtu.be/Q2eMD8iA-uE?si=aldL_x3sKGW4AXDO,Suspension Skull Crusher,Empuje,-3,fuerza_hipertrofia
Principiante,Accesorios funcionales,Fuerza / hipertrofia,Principal,Quadriceps,Knee Dominant,Bodybuilding,https://youtu.be/EgG51yB1uZU?si=2CM1EcrBstAp5uOM,Slider Double Dumbbell Front Rack Lateral Lunge,Pierna,2,fuerza_hipertrofia
Principiante,Accesorios funcionales,Fuerza / hipertrofia,Principal,Quadriceps,Knee Dominant,Bodybuilding,https://youtu.be/90Smo-K6RbY?si=kkqWO4ejlGrcq6rR,Slider Double Dumbbell Suitcase Lateral Lunge,Pierna,2,fuerza_hipertrofia
Intermedio,Accesorios funcionales,Fuerza / hipertrofia,Principal,Quadriceps,Knee Dominant,Bodybuilding,Sin dato,Slider Double Dumbbell Overhead Lateral Lunge,Pierna,2,fuerza_hipertrofia
Principiante,Peso libre,Fuerza / hipertrofia,Principal,Triceps,Elbow Extension,Bodybuilding,https://youtu.be/jO2Jl9eZpXk?si=u6mgvf-sooUW7DFo,Double Dumbbell Skull Crusher,Empuje,-3,fuerza_hipertrofia
Principiante,Peso libre,Fuerza / hipertrofia,Principal,Triceps,Elbow Extension,Bodybuilding,https://youtu.be/G4Vdjr-byjE?si=-fBrLWIYYbgneaLx,Double Dumbbell Incline Bench Skull Crusher,Empuje,-3,fuerza_hipertrofia
Principiante,Peso libre,Fuerza / hipertrofia,Principal,Triceps,Elbow Extension,Bodybuilding,https://youtu.be/UjS2nItQCf8?si=tgrOnpPIy1_W-KAt,Double Dumbbell Decline Bench Skull Crusher,Empuje,-3,fuerza_hipertrofia
Principiante,Peso libre,Fuerza / hipertrofia,Principal,Triceps,Elbow Extension,Bodybuilding,https://youtu.be/ndVUBZ0Bch0?si=pSuQf6mCBer_ztTt,Dumbbell Crush Grip Skull Crusher,Empuje,-3,fuerza_hipertrofia
Principiante,Peso libre,Fuerza / hipertrofia,Principal,Triceps,Elbow Extension,Bodybuilding,Sin dato,Dumbbell Crush Grip Incline Bench Skull Crusher,Empuje,-3,fuerza_hipertrofia
Principiante,Peso libre,Fuerza / hipertrofia,Principal,Triceps,Elbow Extension,Bodybuilding,Sin dato,Dumbbell Crush Grip Decline Bench Skull Crusher,Empuje,-3,fuerza_hipertrofia
Principiante,Peso libre,Fuerza / hipertrofia,Principal,Back,Horizontal Pull,Bodybuilding,https://youtu.be/6gvmcqr226U?si=Ubc_zUNwRYINkZSI,Double Dumbbell Bent Over Row,Jalón,2,fuerza_hipertrofia
Principiante,Otro equipo,Fuerza / hipertrofia,Principal,Back,Horizontal Pull,Bodybuilding,https://youtu.be/mq_KoN3oCgo?si=zVWL6owtdpddPPFb,EZ Bar Reverse Grip Bent Over Row,Jalón,2,fuerza_hipertrofia
Intermedio,Peso libre,Fuerza / hipertrofia,Principal,Quadriceps,Knee Dominant,Bodybuilding,Sin dato,Single Arm Kettlebell Overhead Ipsilateral Cossack Squat,Pierna,2,fuerza_hipertrofia
Intermedio,Peso libre,Fuerza / hipertrofia,Principal,Quadriceps,Knee Dominant,Bodybuilding,Sin dato,Single Arm Kettlebell Bottoms Up Overhead Contralateral Cossack Squat,Pierna,2,fuerza_hipertrofia
Intermedio,Peso libre,Fuerza / hipertrofia,Principal,Quadriceps,Knee Dominant,Bodybuilding,Sin dato,Single Arm Kettlebell Bottoms Up Overhead Ipsilateral Cossack Squat,Pierna,2,fuerza_hipertrofia
Intermedio,Peso libre,Fuerza / hipertrofia,Principal,Quadriceps,Knee Dominant,Bodybuilding,Sin dato,Single Arm Kettlebell Bottoms Up Front Rack Contralateral Cossack Squat,Pierna,2,fuerza_hipertrofia
Intermedio,Peso libre,Fuerza / hipertrofia,Principal,Quadriceps,Knee Dominant,Bodybuilding,Sin dato,Single Arm Kettlebell Bottoms Up Front Rack Ipsilateral Cossack Squat,Pierna,2,fuerza_hipertrofia
Intermedio,Peso libre,Fuerza / hipertrofia,Principal,Quadriceps,Knee Dominant,Bodybuilding,Sin dato,Single Arm Kettlebell Front Rack Foot Elevated Ipsilateral Cossack Squat,Pierna,2,fuerza_hipertrofia
Intermedio,Peso libre,Fuerza / hipertrofia,Principal,Quadriceps,Knee Dominant,Bodybuilding,Sin dato,Single Arm Kettlebell Bottoms Up Front Rack Foot Elevated Contralateral Cossack Squat,Pierna,2,fuerza_hipertrofia
Intermedio,Peso libre,Fuerza / hipertrofia,Principal,Quadriceps,Knee Dominant,Bodybuilding,Sin dato,Single Arm Kettlebell Bottoms Up Front Rack Foot Elevated Ipsilateral Cossack Squat,Pierna,2,fuerza_hipertrofia
Intermedio,Peso libre,Fuerza / hipertrofia,Principal,Quadriceps,Knee Dominant,Bodybuilding,Sin dato,Single Arm Kettlebell Bottoms Up Overhead Foot Elevated Contralateral Cossack Squat,Pierna,2,fuerza_hipertrofia
Intermedio,Peso libre,Fuerza / hipertrofia,Principal,Quadriceps,Knee Dominant,Bodybuilding,Sin dato,Single Arm Kettlebell Bottoms Up Overhead Foot Elevated Ipsilateral Cossack Squat,Pierna,2,fuerza_hipertrofia
Intermedio,Peso libre,Fuerza / hipertrofia,Principal,Quadriceps,Knee Dominant,Bodybuilding,Sin dato,Single Arm Kettlebell Overhead Foot Elevated Contralateral Cossack Squat,Pierna,2,fuerza_hipertrofia
Intermedio,Peso libre,Fuerza / hipertrofia,Principal,Quadriceps,Knee Dominant,Bodybuilding,Sin dato,Single Arm Kettlebell Overhead Foot Elevated Ipsilateral Cossack Squat,Pierna,2,fuerza_hipertrofia
Avanzado,Peso libre,Fuerza / hipertrofia,Principal avanzado,Quadriceps,Knee Dominant,Bodybuilding,Sin dato,Double Kettlebell Bottoms Up Front Rack Foot Elevated Cossack Squat,Pierna,2,fuerza_hipertrofia
Principiante,Peso libre,Fuerza / hipertrofia,Principal,Back,Horizontal Pull,Bodybuilding,https://youtu.be/ma__uqUlYmE?si=Yw6Iw4KOA3T7mJeL,Single Arm Dumbbell Bent Over Row,Jalón,2,fuerza_hipertrofia
Principiante,Peso libre,Fuerza / hipertrofia,Principal,Back,Horizontal Pull,Bodybuilding,https://youtu.be/ZRSGpBUVcNw?si=x3MRv2xRNjCc6s42,Single Arm Dumbbell Knee Supported Row,Jalón,2,fuerza_hipertrofia
Avanzado,Peso libre,Fuerza / hipertrofia,Principal avanzado,Quadriceps,Knee Dominant,Bodybuilding,Sin dato,Double Kettlebell Bottoms Up Overhead Low Switch Cossack Squat,Pierna,2,fuerza_hipertrofia
Avanzado,Peso libre,Fuerza / hipertrofia,Principal avanzado,Quadriceps,Knee Dominant,Bodybuilding,Sin dato,Double Kettlebell Bottoms Up Overhead Foot Elevated Cossack Squat,Pierna,2,fuerza_hipertrofia
Intermedio,Peso libre,Fuerza / hipertrofia,Principal,Quadriceps,Knee Dominant,Bodybuilding,Sin dato,Double Kettlebell Front Rack Foot Elevated Cossack Squat,Pierna,2,fuerza_hipertrofia
Intermedio,Peso libre,Fuerza / hipertrofia,Principal,Quadriceps,Knee Dominant,Bodybuilding,Sin dato,Double Kettlebell Overhead Low Switch Cossack Squat,Pierna,2,fuerza_hipertrofia
Intermedio,Peso libre,Fuerza / hipertrofia,Principal,Quadriceps,Knee Dominant,Bodybuilding,Sin dato,Double Kettlebell Overhead Foot Elevated Cossack Squat,Pierna,2,fuerza_hipertrofia
Principiante,Peso libre,Fuerza / hipertrofia,Principal,Back,Sin clasificar,Bodybuilding,https://youtu.be/owr5y-s6-Qk?si=gd2Nfg1PVMbahXjx,Dumbbell Pullover,Jalón,0,fuerza_hipertrofia
Intermedio,Peso libre,Fuerza / hipertrofia,Principal,Quadriceps,Knee Dominant,Bodybuilding,Sin dato,Single Arm Kettlebell Bottoms Up Front Rack Alternating Cossack Squat,Pierna,2,fuerza_hipertrofia
Principiante,Peso libre,Fuerza / hipertrofia,Principal,Back,Sin clasificar,Bodybuilding,https://youtu.be/LQEag7MKXSs?si=vVcujNN4QVFLQ71H,Dumbbell Incline Bench Pullover,Jalón,0,fuerza_hipertrofia
Intermedio,Peso libre,Fuerza / hipertrofia,Principal,Quadriceps,Knee Dominant,Bodybuilding,Sin dato,Single Arm Kettlebell Bottoms Up Front Rack Low Switch Cossack Squat,Pierna,2,fuerza_hipertrofia
Intermedio,Peso libre,Fuerza / hipertrofia,Principal,Quadriceps,Knee Dominant,Bodybuilding,Sin dato,Single Arm Kettlebell Overhead Alternating Cossack Squat,Pierna,2,fuerza_hipertrofia
Intermedio,Peso libre,Fuerza / hipertrofia,Principal,Quadriceps,Knee Dominant,Bodybuilding,Sin dato,Single Arm Kettlebell Overhead Low Switch Cossack Squat,Pierna,2,fuerza_hipertrofia
Principiante,Otro equipo,Fuerza / hipertrofia,Principal,Chest,Horizontal Push,Calisthenics,https://youtu.be/sYpuz37bK2k?si=UpMtMbHU8GOboER_,Tire Incline Push Up,Empuje,5,fuerza_hipertrofia
Principiante,Peso libre,Fuerza / hipertrofia,Principal,Triceps,Horizontal Push,Bodybuilding,Sin dato,Double Dumbbell Close Grip Decline Bench Press,Empuje,2,fuerza_hipertrofia
Principiante,Sin equipo,Fuerza / hipertrofia,Principal,Chest,Horizontal Push,Calisthenics,https://youtu.be/4JJB2m4AuO8?si=NqYITu6_1fcaAbn7,Bodyweight Eccentric Push Up,Empuje,5,fuerza_hipertrofia
Principiante,Peso libre,Fuerza / hipertrofia,Principal,Biceps,Elbow Flexion,Bodybuilding,https://youtu.be/HnHuhf4hEWY?si=WSqsCA9Khdbz3ag0,Double Dumbbell Bicep Curl,Jalón,-3,fuerza_hipertrofia
Avanzado,Gimnasio / maquina,Condicion fisica / potencia,Principal avanzado,Glutes,Hip External Rotation,Sin clasificar,Sin dato,Cable Knee Hover Quadruped Fire Hydrant,Pierna,3,potencia_funcional
Principiante,Peso libre,Fuerza / hipertrofia,Principal,Biceps,Elbow Flexion,Bodybuilding,https://youtu.be/aG7CXiKxepw?si=FH8eUTIYzp_z04m0,Double Dumbbell Incline Bench Bicep Curl,Jalón,-3,fuerza_hipertrofia
Principiante,Peso libre,Fuerza / hipertrofia,Principal,Biceps,Elbow Flexion,Bodybuilding,https://youtu.be/4hKyhFBeclI?si=OrpNWuwGzVfolESP,Double Dumbbell Seated Hammer Curl,Jalón,-3,fuerza_hipertrofia
Principiante,Peso libre,Fuerza / hipertrofia,Principal,Biceps,Elbow Flexion,Bodybuilding,https://youtu.be/YW9citXbrQc?si=5VFsuGIAvF6WHm17,Alternating Double Dumbbell Seated Hammer Curl,Jalón,-3,fuerza_hipertrofia
Principiante,Peso libre,Fuerza / hipertrofia,Principal,Biceps,Elbow Flexion,Bodybuilding,https://youtu.be/1Z6XiaBxwHQ?si=Da0lptFOFg_s0tyV,Double Dumbbell Incline Bench Hammer Curl,Jalón,-3,fuerza_hipertrofia
Intermedio,Peso libre,Core / estabilidad,Principal,Abdominals,Rotational,Grinds,https://youtu.be/c0LP3YIO4vY?si=w_DOEV2ERQmctiSb,Single Arm Dumbbell Half Kneeling Windmill,Core,3,core_estabilidad
Avanzado,Peso libre,Core / estabilidad,Principal avanzado,Abdominals,Rotational,Grinds,Sin dato,Double Dumbbell Windmill,Core,3,core_estabilidad
Principiante,Peso libre,Fuerza / hipertrofia,Principal,Biceps,Elbow Flexion,Bodybuilding,https://youtu.be/Z_oWLq9uQZI?feature=shared,Alternating Double Dumbbell Incline Bench Hammer Curl,Jalón,-3,fuerza_hipertrofia
Principiante,Peso libre,Fuerza / hipertrofia,Principal,Quadriceps,Knee Dominant,Bodybuilding,https://youtu.be/qoswYkyJG-I?si=Jigh3MmNt7IIj-BA,Double Dumbbell Cyclist Thruster,Pierna,2,fuerza_hipertrofia
Avanzado,Peso libre,Fuerza / hipertrofia,Principal avanzado,Quadriceps,Knee Dominant,Bodybuilding,Sin dato,Single Arm Kettlebell Bottoms Up Overhead Low Switch Cossack Squat,Pierna,2,fuerza_hipertrofia
Principiante,Peso libre,Fuerza / hipertrofia,Principal,Quadriceps,Knee Dominant,Bodybuilding,Sin dato,Alternating Double Dumbbell Cyclist Thruster,Pierna,2,fuerza_hipertrofia
Avanzado,Peso libre,Movilidad / estabilidad,Calentamiento,Quadriceps,Knee Dominant,Balance,Sin dato,Kettlebell Goblet Alternating Pistol Squat,Pierna,4,movilidad_estabilidad
Avanzado,Peso libre,Movilidad / estabilidad,Calentamiento,Quadriceps,Knee Dominant,Balance,https://youtu.be/JS5HxlkWZzU?si=gKhPydrLwgHeGTcO,Kettlebell Goblet Pistol Squat,Pierna,4,movilidad_estabilidad
Avanzado,Peso libre,Movilidad / estabilidad,Calentamiento,Quadriceps,Knee Dominant,Balance,https://youtu.be/WGCrIXBHteQ?si=lcLSwZ_90St3r6W4,Kettlebell Horn Grip Alternating Pistol Squat,Pierna,4,movilidad_estabilidad
Intermedio,Peso libre,Fuerza / hipertrofia,Principal,Shoulders,Knee Dominant,Grinds,https://youtu.be/4cCItXCsEDo?si=xrvm1LxY3e8jhStd,Single Arm Dumbbell Bent Press,Pierna,3,fuerza_hipertrofia
Intermedio,Peso libre,Fuerza / hipertrofia,Principal,Shoulders,Knee Dominant,Grinds,Sin dato,Single Arm Dumbbell Half Kneeling Bent Press,Pierna,3,fuerza_hipertrofia
Principiante,Peso libre,Fuerza / hipertrofia,Principal,Biceps,Elbow Flexion,Bodybuilding,https://youtu.be/FG6Y_r6-DJM?si=2qExXvynTbOnna2u,Double Dumbbell Seated Zottman Curl,Jalón,-3,fuerza_hipertrofia
Principiante,Gimnasio / maquina,Fuerza / hipertrofia,Principal,Triceps,Elbow Extension,Bodybuilding,https://youtu.be/LXkCrxn3caQ?si=24dygODdgdRhEqJK,Cable Straight Bar Tricep Pushdown,Empuje,-3,fuerza_hipertrofia
Principiante,Gimnasio / maquina,Fuerza / hipertrofia,Principal,Triceps,Elbow Extension,Bodybuilding,https://youtu.be/GqK6WrZEyEk?si=JPCXXCLg2YG3rQa7,Cable Straight Bar Reverse Grip Tricep Pushdown,Empuje,-3,fuerza_hipertrofia
Principiante,Peso libre,Fuerza / hipertrofia,Principal,Biceps,Elbow Flexion,Bodybuilding,https://youtu.be/2IBxr91kSI8?si=NutPVlDJSpcDczLP,Alternating Double Dumbbell Zottman Curl,Jalón,-3,fuerza_hipertrofia
Principiante,Peso libre,Fuerza / hipertrofia,Principal,Biceps,Elbow Flexion,Bodybuilding,https://youtu.be/GIGFFYAKG6M?si=5QEN9x3BJwkxTal7,Alternating Double Dumbbell Seated Zottman Curl,Jalón,-3,fuerza_hipertrofia
Principiante,Peso libre,Fuerza / hipertrofia,Principal,Triceps,Elbow Extension,Bodybuilding,https://youtu.be/9kib4kUJJ1A?si=KTQ4D8iMokjT6LqW,Dumbbell Crush Grip Tall Kneeling Overhead Tricep Extension,Empuje,-3,fuerza_hipertrofia
Principiante,Peso libre,Fuerza / hipertrofia,Principal,Shoulders,Vertical Push,Bodybuilding,https://youtu.be/156_Z9969FQ?si=bmP-isrzfk-iAjdj,Single Arm Dumbbell Overhead Press,Empuje,2,fuerza_hipertrofia
Principiante,Peso libre,Fuerza / hipertrofia,Principal,Shoulders,Vertical Push,Bodybuilding,https://youtu.be/9DB2kibw0os?si=-BYlQ8gHAlszJaDo,Single Arm Dumbbell Seated Overhead Press,Empuje,2,fuerza_hipertrofia
Principiante,Peso libre,Fuerza / hipertrofia,Principal,Biceps,Elbow Flexion,Bodybuilding,https://youtu.be/40w4sx4FAVU?si=i0K5ruXclQupBuxc,Double Dumbbell Seated Bicep Curl,Jalón,-3,fuerza_hipertrofia
Principiante,Peso libre,Fuerza / hipertrofia,Principal,Biceps,Elbow Flexion,Bodybuilding,https://youtu.be/o9w3-CMPRxQ?si=nSVQxRbx2GvgZi-u,Double Dumbbell Incline Bench Zottman Curl,Jalón,-3,fuerza_hipertrofia
Principiante,Peso libre,Fuerza / hipertrofia,Principal,Biceps,Elbow Flexion,Bodybuilding,https://youtu.be/Xakexn9Y5Oo?si=YY664vMjXBLBT2Ha,Alternating Double Dumbbell Incline Bench Zottman Curl,Jalón,-3,fuerza_hipertrofia
Principiante,Peso libre,Fuerza / hipertrofia,Principal,Shoulders,Vertical Push,Bodybuilding,https://youtu.be/Z4fmeY-GQ8o?si=jZD1QoPzdXBx4Hd8,Alternating Double Dumbbell Seated Overhead Press,Empuje,2,fuerza_hipertrofia
Principiante,Peso libre,Fuerza / hipertrofia,Principal,Chest,Horizontal Push,Bodybuilding,https://youtu.be/GC0TS5XuuAA?si=1gRhkWItRmgaTYmb,Double Kettlebell Floor Press,Empuje,2,fuerza_hipertrofia
Principiante,Peso libre,Fuerza / hipertrofia,Principal,Chest,Horizontal Push,Bodybuilding,https://youtu.be/P_ijh09h23s?si=U9pK9AQYG1xx2yxE,Single Arm Kettlebell Floor Press,Empuje,2,fuerza_hipertrofia
Principiante,Peso libre,Fuerza / hipertrofia,Principal,Chest,Horizontal Push,Bodybuilding,https://youtu.be/Uf1jY-575lo?si=pKedIxKhmO0-sY6O,Alternating Double Kettlebell Floor Press,Empuje,2,fuerza_hipertrofia
Principiante,Peso libre,Fuerza / hipertrofia,Principal,Quadriceps,Knee Dominant,Bodybuilding,https://youtu.be/S1-SPv3YXG8?si=QCE1ikc3-Mg60u3x,Single Arm Dumbbell Front Rack Ipsilateral Cossack Squat,Pierna,2,fuerza_hipertrofia
Intermedio,Peso libre,Fuerza / hipertrofia,Principal,Quadriceps,Knee Dominant,Bodybuilding,Sin dato,Single Arm Dumbbell Overhead Alternating Cossack Squat,Pierna,2,fuerza_hipertrofia
Principiante,Peso libre,Fuerza / hipertrofia,Principal,Triceps,Elbow Extension,Bodybuilding,https://youtu.be/o_3RHmSwIgE?si=jrBjCATOeTuvtWzq,Dumbbell Crush Grip Seated Overhead Tricep Extension,Empuje,-3,fuerza_hipertrofia
Principiante,Peso libre,Fuerza / hipertrofia,Principal,Back,Horizontal Pull,Bodybuilding,https://youtu.be/jdx2kl5K0Ps?si=ABHltAh0E_8BUz7i,Alternating Double Kettlebell Bent Over Row,Jalón,2,fuerza_hipertrofia
Principiante,Otro equipo,Condicion fisica / potencia,Principal,Biceps,Sin clasificar,Sin clasificar,https://youtu.be/mTZENozi5x4?si=Us7_yx5MJoQLZHhO,Battle Rope Double Wave,Jalón,3,potencia_funcional
Principiante,Peso libre,Fuerza / hipertrofia,Principal,Shoulders,Shoulder Flexion,Bodybuilding,https://youtu.be/67-J94MVJUg?si=TUVKne9uaJdYMy3x,Double Dumbbell Front Raise,Empuje,0,fuerza_hipertrofia
Principiante,Peso libre,Fuerza / hipertrofia,Principal,Shoulders,Shoulder Abduction,Bodybuilding,https://youtu.be/e8K9KPGcwr8?si=HpsrB1akXMIU8ANX,Double Dumbbell Incline Bench Prone Lateral Raise,Empuje,0,fuerza_hipertrofia
Principiante,Peso libre,Fuerza / hipertrofia,Principal,Biceps,Elbow Flexion,Bodybuilding,https://youtu.be/xZKMteV7T6I?si=r_V-HvZTiORRBmxM,Dumbbell Crush Grip Seated Bicep Curl,Jalón,-3,fuerza_hipertrofia
Principiante,Peso libre,Fuerza / hipertrofia,Principal,Biceps,Elbow Flexion,Bodybuilding,https://youtu.be/P-QvV7zOHjw?si=suRdks_sCJLNPIKX,Double Dumbbell Incline Bench Prone Hammer Curl,Jalón,-3,fuerza_hipertrofia
Avanzado,Peso libre,Fuerza / hipertrofia,Principal avanzado,Quadriceps,Knee Dominant,Bodybuilding,Sin dato,Single Arm Dumbbell Overhead Low Switch Cossack Squat,Pierna,2,fuerza_hipertrofia
Intermedio,Peso libre,Fuerza / hipertrofia,Principal,Quadriceps,Knee Dominant,Bodybuilding,Sin dato,Dumbbell Goblet Foot Elevated Cossack Squat,Pierna,2,fuerza_hipertrofia
Principiante,Peso libre,Fuerza / hipertrofia,Principal,Quadriceps,Knee Dominant,Bodybuilding,Sin dato,Single Arm Clubbell Order Ipsilateral Cossack Squat,Pierna,2,fuerza_hipertrofia
Intermedio,Peso libre,Fuerza / hipertrofia,Principal,Quadriceps,Knee Dominant,Bodybuilding,Sin dato,Single Arm Clubbell Order Foot Elevated Ipsilateral Cossack Squat,Pierna,2,fuerza_hipertrofia
Principiante,Peso libre,Fuerza / hipertrofia,Principal,Quadriceps,Knee Dominant,Bodybuilding,Sin dato,Single Arm Macebell Order Ipsilateral Cossack Squat,Pierna,2,fuerza_hipertrofia
Intermedio,Peso libre,Fuerza / hipertrofia,Principal,Quadriceps,Knee Dominant,Bodybuilding,Sin dato,Single Arm Macebell Order Foot Elevated Ipsilateral Cossack Squat,Pierna,2,fuerza_hipertrofia
Intermedio,Peso libre,Fuerza / hipertrofia,Principal,Quadriceps,Knee Dominant,Bodybuilding,Sin dato,Single Arm Dummbell Front Rack Foot Elevated Contralateral Cossack Squat,Pierna,2,fuerza_hipertrofia
Intermedio,Peso libre,Fuerza / hipertrofia,Principal,Quadriceps,Knee Dominant,Bodybuilding,Sin dato,Single Arm Dumbbell Front Rack Foot Elevated Ipsilateral Cossack Squat,Pierna,2,fuerza_hipertrofia
Principiante,Peso libre,Fuerza / hipertrofia,Principal,Biceps,Elbow Flexion,Bodybuilding,https://youtu.be/N_eGFKGR7ZQ?si=J-4OOQpNwgwM0LrL,Alternating Double Dumbbell Incline Bench Prone Hammer Curl,Jalón,-3,fuerza_hipertrofia
Principiante,Peso libre,Fuerza / hipertrofia,Principal,Chest,Horizontal Push,Bodybuilding,https://youtu.be/1RdiI_ta3CY?si=ELtb0jc2iPVUiqNN,Single Arm Dumbbell Incline Bench Press,Empuje,2,fuerza_hipertrofia
Principiante,Peso libre,Fuerza / hipertrofia,Principal,Chest,Horizontal Push,Bodybuilding,https://youtu.be/SisxAKThq70?si=tJqclsa9iiqndA6R,Single Arm Dumbbell Decline Bench Press,Empuje,2,fuerza_hipertrofia
Intermedio,Peso libre,Condicion fisica / potencia,Principal,Adductors,Hip Adduction,Sin clasificar,https://youtu.be/l2Hu2D3z84w?si=H3JslwI5uQK49RTu,Single Arm Kettlebell Bottoms Up Copenhagen Plank,General,3,potencia_funcional
Principiante,Peso libre,Fuerza / hipertrofia,Principal,Chest,Horizontal Push,Bodybuilding,https://youtu.be/3u2DR9HL0tY?si=3Bcig3xQ4BI89qLa,Double Dumbbell Floor Press,Empuje,2,fuerza_hipertrofia
Intermedio,Peso libre,Fuerza / hipertrofia,Principal,Chest,Horizontal Push,Bodybuilding,Sin dato,Double Kettlebell Bottoms Up Glute Bridge Isometric Bench Press,Empuje,2,fuerza_hipertrofia
Principiante,Peso libre,Fuerza / hipertrofia,Principal,Chest,Horizontal Push,Bodybuilding,https://youtu.be/hyb1jJ98ORU?si=UKrLCDD8rhcoKu0p,Alternating Double Dumbbell Floor Press,Empuje,2,fuerza_hipertrofia
Principiante,Peso libre,Condicion fisica / potencia,Principal,Shins,Ankle Dorsiflexion,Sin clasificar,https://youtu.be/kIRvGGD21Zw?si=nBLhNjFMITgsl7fd,Kettlebell Seated Single Leg Tibialis Raise,General,3,potencia_funcional
Principiante,Peso libre,Fuerza / hipertrofia,Principal,Calves,Ankle Plantar Flexion,Bodybuilding,Sin dato,Double Kettlebell Seated Calf Raise,Pierna,-3,fuerza_hipertrofia
Principiante,Peso libre,Fuerza / hipertrofia,Principal,Calves,Ankle Plantar Flexion,Bodybuilding,https://youtu.be/trgsU9LSHcM?si=LkOOKLtsyEAMWIWJ,Double Kettlebell Seated Feet Elevated Calf Raise,Pierna,-3,fuerza_hipertrofia
Principiante,Peso libre,Fuerza / hipertrofia,Principal,Quadriceps,Knee Dominant,Bodybuilding,https://youtu.be/NDA72gV21vM?si=nr1ibCzWJfLIYTXz,Alternating Double Dumbbell Thruster,Pierna,2,fuerza_hipertrofia
Principiante,Peso libre,Fuerza / hipertrofia,Principal,Chest,Horizontal Push,Bodybuilding,https://youtu.be/0S0pPgQXWNk?si=sd5taBTsE1Qux9Er,Single Arm Dumbbell Floor Press,Empuje,2,fuerza_hipertrofia
Intermedio,Peso libre,Condicion fisica / potencia,Tecnica,Abdominals,Knee Dominant,Ballistics,Sin dato,Single Arm Macebell Inside Circle,Pierna,8,potencia_funcional
Intermedio,Peso libre,Condicion fisica / potencia,Tecnica,Abdominals,Knee Dominant,Ballistics,Sin dato,Single Arm Macebell Outside Circle,Pierna,8,potencia_funcional
Intermedio,Peso libre,Condicion fisica / potencia,Tecnica,Abdominals,Knee Dominant,Ballistics,Sin dato,Single Arm Macebell Inside Circle to Outside Circle,Pierna,8,potencia_funcional
Intermedio,Peso libre,Condicion fisica / potencia,Tecnica,Abdominals,Knee Dominant,Ballistics,Sin dato,Macebell Inside Circle,Pierna,8,potencia_funcional
Intermedio,Peso libre,Condicion fisica / potencia,Tecnica,Abdominals,Rotational,Ballistics,Sin dato,Macebell Outside Circle,Core,8,potencia_funcional
Intermedio,Peso libre,Condicion fisica / potencia,Tecnica,Abdominals,Rotational,Ballistics,Sin dato,Macebell Inside Circle to Outside Circle,Core,8,potencia_funcional
Principiante,Otro equipo,Condicion fisica / potencia,Principal,Shoulders,Shoulder Abduction,Sin clasificar,https://youtu.be/KTcHetEk8Vw?si=xFuh3rDHIThNVEbK,Battle Rope Clap,Empuje,3,potencia_funcional
Principiante,Otro equipo,Condicion fisica / potencia,Principal,Shoulders,Sin clasificar,Sin clasificar,https://youtu.be/WH4rwFZoce8?si=Yt1fEhmIXXEAa1s1,Battle Rope Inward Circle,Empuje,3,potencia_funcional
Principiante,Otro equipo,Condicion fisica / potencia,Principal,Shoulders,Sin clasificar,Sin clasificar,https://youtu.be/ta0cdvQmADs?si=B6OcdshuVkMO34iV,Battle Rope Outward Circle,Empuje,3,potencia_funcional
Principiante,Peso libre,Fuerza / hipertrofia,Principal,Trapezius,Scapular Elevation,Bodybuilding,Sin dato,Double Kettlebell Tall Kneeling Shrug,Jalón,0,fuerza_hipertrofia
Principiante,Peso libre,Fuerza / hipertrofia,Principal,Back,Horizontal Pull,Bodybuilding,https://youtu.be/UKjQMYiQnS0?si=Lg6kuQMDGFaxi6X7,Alternating Double Dumbbell Bent Over Row,Jalón,2,fuerza_hipertrofia
Intermedio,Otro equipo,Condicion fisica / potencia,Principal,Quadriceps,Knee Dominant,Sin clasificar,Sin dato,Battle Rope Alternating Cossack Squat Alternating Wave,Pierna,5,potencia_funcional
Principiante,Sin equipo,Fuerza / hipertrofia,Principal,Quadriceps,Knee Dominant,Bodybuilding,https://youtu.be/sj_bFtL9Oy4?si=osmoYlG_O5Fs6lPE,Bodyweight Low Switch Cossack Squat,Pierna,2,fuerza_hipertrofia
Avanzado,Peso libre,Fuerza / hipertrofia,Principal avanzado,Quadriceps,Knee Dominant,Bodybuilding,https://youtu.be/mPyE_hQolbs?si=0ulL0aaE23nJ0OiJ,Barbell Zercher Alternating Cossack Squat,Pierna,2,fuerza_hipertrofia
Avanzado,Peso libre,Fuerza / hipertrofia,Principal avanzado,Quadriceps,Knee Dominant,Bodybuilding,Sin dato,Barbell Zercher Cossack Squat,Pierna,2,fuerza_hipertrofia
Avanzado,Peso libre,Fuerza / hipertrofia,Principal avanzado,Quadriceps,Knee Dominant,Bodybuilding,Sin dato,Barbell Zercher Low Switch Cossack Squat,Pierna,2,fuerza_hipertrofia
Avanzado,Peso libre,Fuerza / hipertrofia,Principal avanzado,Quadriceps,Knee Dominant,Bodybuilding,Sin dato,Barbell Zercher Foot Elevated Cossack Squat,Pierna,2,fuerza_hipertrofia
Avanzado,Peso libre,Fuerza / hipertrofia,Principal avanzado,Quadriceps,Knee Dominant,Bodybuilding,https://youtu.be/Siwj8KDU5zI?si=qiHYnyo8qzTOwk1L,Barbell Zombie Squat,Pierna,2,fuerza_hipertrofia
Avanzado,Peso libre,Fuerza / hipertrofia,Principal avanzado,Quadriceps,Knee Dominant,Bodybuilding,Sin dato,Barbell Zombie Split Squat,Pierna,2,fuerza_hipertrofia
Intermedio,Peso libre,Fuerza / hipertrofia,Principal,Quadriceps,Knee Dominant,Sin clasificar,https://youtu.be/G5gCl5b0E-4?feature=shared,Heavy Sandbag Bear Hug Cossack Squat,Pierna,3,fuerza_hipertrofia
Intermedio,Peso libre,Fuerza / hipertrofia,Principal,Quadriceps,Knee Dominant,Sin clasificar,Sin dato,Heavy Sandbag Bear Hug Alternating Cossack Squat,Pierna,3,fuerza_hipertrofia
Intermedio,Peso libre,Fuerza / hipertrofia,Principal,Quadriceps,Knee Dominant,Sin clasificar,Sin dato,Heavy Sandbag Shoulder Contralateral Cossack Squat,Pierna,3,fuerza_hipertrofia
Intermedio,Peso libre,Fuerza / hipertrofia,Principal,Quadriceps,Knee Dominant,Sin clasificar,Sin dato,Heavy Sandbag Shoulder Alternating Cossack Squat,Pierna,3,fuerza_hipertrofia
Intermedio,Peso libre,Fuerza / hipertrofia,Principal,Quadriceps,Knee Dominant,Sin clasificar,Sin dato,Heavy Sandbag Shoulder Ipsilateral Cossack Squat,Pierna,3,fuerza_hipertrofia
Avanzado,Peso libre,Fuerza / hipertrofia,Principal avanzado,Quadriceps,Knee Dominant,Bodybuilding,Sin dato,Barbell Zombie Cyclist Squat,Pierna,2,fuerza_hipertrofia
Principiante,Calistenia / barras,Fuerza / hipertrofia,Principal,Quadriceps,Knee Dominant,Bodybuilding,Sin dato,Single Arm Suspension Foot Elevated Ipsilateral Cossack Squat,Pierna,2,fuerza_hipertrofia
Principiante,Calistenia / barras,Fuerza / hipertrofia,Principal,Quadriceps,Knee Dominant,Bodybuilding,https://youtu.be/8xX1a7o6bKU?si=rLYvcvZkeDzk1KV5,Single Arm Suspension Ipsilateral Cossack Squat,Pierna,2,fuerza_hipertrofia
Intermedio,Otro equipo,Condicion fisica / potencia,Principal,Quadriceps,Knee Dominant,Sin clasificar,Sin dato,Battle Rope Low Switch Cossack Squat Alternating Wave,Pierna,5,potencia_funcional
Intermedio,Peso libre,Fuerza / hipertrofia,Principal,Quadriceps,Knee Dominant,Bodybuilding,Sin dato,Plate Overhead Cossack Squat,Pierna,2,fuerza_hipertrofia
Intermedio,Peso libre,Fuerza / hipertrofia,Principal,Quadriceps,Knee Dominant,Bodybuilding,Sin dato,Plate Overhead Alternating Cossack Squat,Pierna,2,fuerza_hipertrofia
Intermedio,Peso libre,Fuerza / hipertrofia,Principal,Quadriceps,Knee Dominant,Bodybuilding,Sin dato,Plate Overhead Low Switch Cossack Squat,Pierna,2,fuerza_hipertrofia
Intermedio,Peso libre,Fuerza / hipertrofia,Principal,Quadriceps,Knee Dominant,Bodybuilding,Sin dato,Plate Overhead Foot Elevated Cossack Squat,Pierna,2,fuerza_hipertrofia
Principiante,Otro equipo,Fuerza / hipertrofia,Principal,Quadriceps,Knee Dominant,Bodybuilding,Sin dato,Bulgarian Bag Back Rack Cossack Squat,Pierna,2,fuerza_hipertrofia
Principiante,Otro equipo,Fuerza / hipertrofia,Principal,Quadriceps,Knee Dominant,Bodybuilding,https://youtu.be/wqXP71ooU44?si=oje6--5yoC_aZeha,Bulgarian Bag Back Rack Alternating Cossack Squat,Pierna,2,fuerza_hipertrofia
Principiante,Otro equipo,Fuerza / hipertrofia,Principal,Quadriceps,Knee Dominant,Bodybuilding,Sin dato,Bulgarian Bag Back Rack Low Switch Cossack Squat,Pierna,2,fuerza_hipertrofia
Principiante,Otro equipo,Fuerza / hipertrofia,Principal,Quadriceps,Knee Dominant,Bodybuilding,Sin dato,Bulgarian Bag Back Rack Foot Elevated Cossack Squat,Pierna,2,fuerza_hipertrofia
Principiante,Peso libre,Fuerza / hipertrofia,Principal,Quadriceps,Knee Dominant,Bodybuilding,Sin dato,Sandbag Front Rack Cossack Squat,Pierna,2,fuerza_hipertrofia
Principiante,Peso libre,Fuerza / hipertrofia,Principal,Quadriceps,Knee Dominant,Bodybuilding,https://youtu.be/XOCZvsIB-ys?si=icJ1C2ots-yLy5_7,Sandbag Front Rack Alternating Cossack Squat,Pierna,2,fuerza_hipertrofia
Principiante,Peso libre,Fuerza / hipertrofia,Principal,Quadriceps,Knee Dominant,Bodybuilding,Sin dato,Sandbag Front Rack Low Switch Cossack Squat,Pierna,2,fuerza_hipertrofia
Principiante,Peso libre,Fuerza / hipertrofia,Principal,Quadriceps,Knee Dominant,Bodybuilding,Sin dato,Sandbag Front Rack Foot Elevated Cossack Squat,Pierna,2,fuerza_hipertrofia
Principiante,Otro equipo,Fuerza / hipertrofia,Principal,Quadriceps,Knee Dominant,Bodybuilding,Sin dato,Bulgarian Bag Back Rack Bulgarian Split Squat,Pierna,2,fuerza_hipertrofia
Principiante,Peso libre,Movilidad / estabilidad,Calentamiento,Abdominals,Anti-Extension,Postural,https://youtu.be/DPNDaQoxjsQ?si=KOvphYYrIaszuK1F,Plate Dead Bug,Core,1,movilidad_estabilidad
Principiante,Peso libre,Fuerza / hipertrofia,Principal,Quadriceps,Knee Dominant,Bodybuilding,https://youtu.be/41RTZolbtPk?si=HjTttPYPllgpQXeT,Sandbag Front Rack Bulgarian Split Squat,Pierna,2,fuerza_hipertrofia
Principiante,Peso libre,Fuerza / hipertrofia,Principal,Quadriceps,Knee Dominant,Bodybuilding,https://youtu.be/uuVkmAJd-y0?si=JvCPYFXj-MAzRMAF,Sandbag Back Rack Bulgarian Split Squat,Pierna,2,fuerza_hipertrofia
Principiante,Peso libre,Core / estabilidad,Principal,Abdominals,Rotational,Sin clasificar,https://youtu.be/JYftrLVWUD8?si=WwaPZ7K8HUnsrnqN,Plate Russian Twist,Core,3,core_estabilidad
Principiante,Peso libre,Core / estabilidad,Principal,Abdominals,Rotational,Sin clasificar,https://youtu.be/4p5jWyz-YRQ?si=A80S2QY5Wu5Lql2-,Plate Feet Elevated Russian Twist,Core,3,core_estabilidad
Principiante,Sin equipo,Core / estabilidad,Principal,Abdominals,Rotational,Sin clasificar,https://youtu.be/WT9UCB_1Y8Q?si=dmkzRkM-dzlFe1ux,Bodyweight Feet Elevated Russian Twist,Core,3,core_estabilidad
Principiante,Sin equipo,Core / estabilidad,Principal,Abdominals,Rotational,Sin clasificar,https://youtu.be/m-dlg3v8SkY?si=KI1hgOAtTqI0ty6r,Bodyweight Russian Twist,Core,3,core_estabilidad
Principiante,Otro equipo,Core / estabilidad,Principal,Abdominals,Rotational,Sin clasificar,https://youtu.be/OyKu-DvXxAc?feature=shared,Landmine Russian Twist,Core,3,core_estabilidad
Avanzado,Sin equipo,Fuerza / hipertrofia,Principal avanzado,Quadriceps,Knee Dominant,Calisthenics,https://youtu.be/_nfx1aDx87o?si=T4Vw1FKJpAnHEuV6,Bodyweight Alternating Hawaiian Squat,Pierna,5,fuerza_hipertrofia
Avanzado,Sin equipo,Fuerza / hipertrofia,Principal avanzado,Quadriceps,Knee Dominant,Calisthenics,https://youtu.be/6mefiFE8CVM?si=KyPC_eM0qqnT8F_x,Bodyweight Hawaiian Squat,Pierna,5,fuerza_hipertrofia
Intermedio,Calistenia / barras,Fuerza / hipertrofia,Principal,Quadriceps,Knee Dominant,Sin clasificar,Sin dato,Suspension Hawaiian Squat,Pierna,3,fuerza_hipertrofia
Intermedio,Sin equipo,Fuerza / hipertrofia,Principal,Quadriceps,Knee Dominant,Calisthenics,https://youtu.be/qnw_7_U_fJU?si=0CZNhyLC07DBXGKk,Bodyweight Hand Assisted Hawaiian Squat,Pierna,5,fuerza_hipertrofia
Principiante,Peso libre,Fuerza / hipertrofia,Principal,Chest,Horizontal Push,Bodybuilding,https://youtu.be/Co5EWd-aiVk?si=NBvXIzNsQ1egWtQz,Double Kettlebell Incline Bench Press,Empuje,2,fuerza_hipertrofia
Principiante,Peso libre,Fuerza / hipertrofia,Principal,Chest,Horizontal Push,Bodybuilding,https://youtu.be/ifEMtPwfvV0?si=_xR4TF-oMs8-LVSH,Single Arm Kettlebell Incline Bench Press,Empuje,2,fuerza_hipertrofia
Principiante,Peso libre,Fuerza / hipertrofia,Principal,Chest,Horizontal Push,Bodybuilding,https://youtu.be/R3_u3kg7Ioo?si=ekSihU-Mge0xIWxv,Alternating Double Kettlebell Incline Bench Press,Empuje,2,fuerza_hipertrofia
Principiante,Peso libre,Fuerza / hipertrofia,Principal,Shoulders,Vertical Push,Bodybuilding,https://youtu.be/LcVh7l7WyJo,Single Arm Kettlebell Seated Overhead Press,Empuje,2,fuerza_hipertrofia
Principiante,Peso libre,Fuerza / hipertrofia,Principal,Back,Horizontal Pull,Bodybuilding,https://youtu.be/JdXRG8B3N8E?si=uO1aFa0IBUO3nVqz,Single Arm Kettlebell Knee Supported Row,Jalón,2,fuerza_hipertrofia
Intermedio,Peso libre,Fuerza / hipertrofia,Principal,Quadriceps,Knee Dominant,Bodybuilding,https://youtu.be/yeaFdnu5pls?si=N1yYEQFwZfUlKLMg,Macebell Offset Thruster,Pierna,2,fuerza_hipertrofia
Intermedio,Peso libre,Fuerza / hipertrofia,Principal,Quadriceps,Knee Dominant,Bodybuilding,Sin dato,Single Arm Dummbell Overhead Foot Elevated Contralateral Cossack Squat,Pierna,2,fuerza_hipertrofia
Intermedio,Peso libre,Fuerza / hipertrofia,Principal,Quadriceps,Knee Dominant,Bodybuilding,Sin dato,Single Arm Dummbell Overhead Foot Elevated Ipsilateral Cossack Squat,Pierna,2,fuerza_hipertrofia
Principiante,Peso libre,Fuerza / hipertrofia,Principal,Shoulders,Vertical Push,Bodybuilding,https://youtu.be/vSjthx8vHNs?si=HUKI9YcVXeNdFeVx,Double Kettlebell Seated Overhead Press,Empuje,2,fuerza_hipertrofia
Principiante,Peso libre,Fuerza / hipertrofia,Principal,Quadriceps,Knee Dominant,Bodybuilding,https://youtu.be/1ij5SfH4PMo?si=HuKVOjAkOpK16kCi,Double Dumbbell Suitcase Cyclist Squat,Pierna,2,fuerza_hipertrofia
Principiante,Peso libre,Fuerza / hipertrofia,Principal,Quadriceps,Knee Dominant,Bodybuilding,Sin dato,Single Arm Dumbbell Suitcase Cyclist Squat,Pierna,2,fuerza_hipertrofia
Principiante,Peso libre,Fuerza / hipertrofia,Principal,Shoulders,Vertical Push,Bodybuilding,https://youtu.be/AlwLsoYSZo8?si=vd7o72xnaBnjH3gj,Alternating Double Kettlebell Seated Overhead Press,Empuje,2,fuerza_hipertrofia
Principiante,Peso libre,Fuerza / hipertrofia,Principal,Chest,Horizontal Push,Bodybuilding,https://youtu.be/R2LOc0ZTcLI?si=0ry8ntEThAk2l6WI,Double Kettlebell Bench Press,Empuje,2,fuerza_hipertrofia
Principiante,Peso libre,Fuerza / hipertrofia,Principal,Quadriceps,Knee Dominant,Bodybuilding,Sin dato,Single Arm Macebell Order Cyclist Squat,Pierna,2,fuerza_hipertrofia
Intermedio,Peso libre,Fuerza / hipertrofia,Principal,Quadriceps,Knee Dominant,Bodybuilding,Sin dato,Plate Overhead Cyclist Squat,Pierna,2,fuerza_hipertrofia
Principiante,Otro equipo,Fuerza / hipertrofia,Principal,Quadriceps,Knee Dominant,Bodybuilding,Sin dato,Bulgarian Bag Back Rack Cyclist Squat,Pierna,2,fuerza_hipertrofia
Principiante,Peso libre,Fuerza / hipertrofia,Principal,Quadriceps,Knee Dominant,Bodybuilding,Sin dato,Sandbag Front Rack Cyclist Squat,Pierna,2,fuerza_hipertrofia
Intermedio,Peso libre,Fuerza / hipertrofia,Principal,Quadriceps,Knee Dominant,Sin clasificar,Sin dato,Heavy Sandbag Bear Hug Cyclist Squat,Pierna,3,fuerza_hipertrofia
Intermedio,Peso libre,Fuerza / hipertrofia,Principal,Quadriceps,Knee Dominant,Sin clasificar,Sin dato,Heavy Sandbag Shoulder Cyclist Squat,Pierna,3,fuerza_hipertrofia
Principiante,Otro equipo,Fuerza / hipertrofia,Principal,Quadriceps,Knee Dominant,Bodybuilding,https://youtu.be/MeBEmS3QRjE?si=lZ0o-kYlVdKtkDqe,Landmine Goblet Cyclist Squat,Pierna,2,fuerza_hipertrofia
Principiante,Peso libre,Fuerza / hipertrofia,Principal,Trapezius,Scapular Elevation,Bodybuilding,https://youtu.be/-E9IilV53AI?si=3376PVeqdmgVn2AJ,Double Dumbbell Tall Kneeling Shrug,Jalón,0,fuerza_hipertrofia
Principiante,Peso libre,Fuerza / hipertrofia,Principal,Chest,Horizontal Push,Bodybuilding,https://youtu.be/jme7uJ99oI4?si=zSBDr4Bv5l6vINmf,Single Arm Kettlebell Bench Press,Empuje,2,fuerza_hipertrofia
Avanzado,Peso libre,Movilidad / estabilidad,Calentamiento,Quadriceps,Knee Dominant,Balance,https://youtu.be/QPzYCYVpsFA?si=Kc9-HoWbiLTj997Y,Dumbbell Goblet Pistol Squat,Pierna,4,movilidad_estabilidad
Avanzado,Peso libre,Movilidad / estabilidad,Calentamiento,Quadriceps,Knee Dominant,Balance,Sin dato,Dumbbell Goblet Alternating Pistol Squat,Pierna,4,movilidad_estabilidad
Principiante,Peso libre,Fuerza / hipertrofia,Principal,Chest,Knee Dominant,Bodybuilding,https://youtu.be/nE9UnkFqPMg?si=uhDy9WDlpMa_ogud,Alternating Double Kettlebell Bench Press,Pierna,2,fuerza_hipertrofia
Avanzado,Sin equipo,Fuerza / hipertrofia,Principal avanzado,Quadriceps,Knee Dominant,Calisthenics,https://youtu.be/uqIMqZmyyH8?si=J2AzvjdNfcenC6Jm,Bodyweight Alternating Pistol Squat,Pierna,5,fuerza_hipertrofia
Avanzado,Peso libre,Movilidad / estabilidad,Calentamiento,Quadriceps,Knee Dominant,Balance,https://youtu.be/G-neztXXSCA?si=txR7W1HSVUCckbMc,Barbell Zombie Pistol Squat,Pierna,4,movilidad_estabilidad
Avanzado,Peso libre,Movilidad / estabilidad,Calentamiento,Quadriceps,Knee Dominant,Balance,Sin dato,Barbell Front Rack Pistol Squat,Pierna,4,movilidad_estabilidad
Avanzado,Peso libre,Movilidad / estabilidad,Calentamiento,Quadriceps,Knee Dominant,Balance,Sin dato,Barbell Back Rack Pistol Squat,Pierna,4,movilidad_estabilidad
Avanzado,Peso libre,Movilidad / estabilidad,Calentamiento,Quadriceps,Knee Dominant,Balance,Sin dato,Barbell Zercher Pistol Squat,Pierna,4,movilidad_estabilidad
Principiante,Peso libre,Fuerza / hipertrofia,Principal,Quadriceps,Knee Dominant,Bodybuilding,https://youtu.be/00Dc5QnwzGI?feature=shared,Dumbbell Crush Grip Front Rack Squat,Pierna,2,fuerza_hipertrofia
Principiante,Peso libre,Fuerza / hipertrofia,Principal,Chest,Horizontal Push,Bodybuilding,Sin dato,Double Kettlebell Decline Bench Press,Empuje,2,fuerza_hipertrofia
Principiante,Peso libre,Fuerza / hipertrofia,Principal,Chest,Horizontal Push,Bodybuilding,Sin dato,Single Arm Kettlebell Decline Bench Press,Empuje,2,fuerza_hipertrofia
Principiante,Peso libre,Fuerza / hipertrofia,Principal,Quadriceps,Knee Dominant,Sin clasificar,Sin dato,Single Arm Macebell Order Squat,Pierna,3,fuerza_hipertrofia
Principiante,Peso libre,Fuerza / hipertrofia,Principal,Quadriceps,Knee Dominant,Bodybuilding,https://youtu.be/-TTZd1lASkw?si=T4OTaFzbqRaGAc3m,Sandbag Front Rack Squat,Pierna,2,fuerza_hipertrofia
Principiante,Peso libre,Fuerza / hipertrofia,Principal,Quadriceps,Knee Dominant,Bodybuilding,https://youtu.be/TTZlek-Jeec?si=nJsuOnJws7uylodj,Sandbag Back Rack Squat,Pierna,2,fuerza_hipertrofia
Principiante,Peso libre,Fuerza / hipertrofia,Principal,Quadriceps,Knee Dominant,Bodybuilding,https://youtu.be/V-CvLcQhsPk?feature=shared,Sandbag Back Rack Alternating Cossack Squat,Pierna,2,fuerza_hipertrofia
Principiante,Peso libre,Fuerza / hipertrofia,Principal,Quadriceps,Knee Dominant,Bodybuilding,Sin dato,Sandbag Back Rack Cossack Squat,Pierna,2,fuerza_hipertrofia
Principiante,Peso libre,Fuerza / hipertrofia,Principal,Quadriceps,Knee Dominant,Bodybuilding,Sin dato,Sandbag Back Rack Low Switch Cossack Squat,Pierna,2,fuerza_hipertrofia
Principiante,Peso libre,Fuerza / hipertrofia,Principal,Quadriceps,Knee Dominant,Bodybuilding,Sin dato,Sandbag Back Rack Foot Elevated Cossack Squat,Pierna,2,fuerza_hipertrofia
Principiante,Otro equipo,Fuerza / hipertrofia,Principal,Quadriceps,Knee Dominant,Bodybuilding,https://youtu.be/6Y7jLhsURck?si=ZI60iuhlYRh4x0Ul,Bulgarian Bag Back Rack Curtsy Lunge,Pierna,2,fuerza_hipertrofia
Principiante,Otro equipo,Fuerza / hipertrofia,Principal,Quadriceps,Knee Dominant,Bodybuilding,Sin dato,Bulgarian Bag Back Rack Alternating Curtsy Lunge,Pierna,2,fuerza_hipertrofia
Principiante,Peso libre,Fuerza / hipertrofia,Principal,Chest,Horizontal Push,Bodybuilding,Sin dato,Alternating Double Kettlebell Decline Bench Press,Empuje,2,fuerza_hipertrofia
Intermedio,Calistenia / barras,Movilidad / estabilidad,Calentamiento,Quadriceps,Knee Dominant,Balance,Sin dato,Single Arm Suspension Ipsilateral Skater Squat,Pierna,4,movilidad_estabilidad
Principiante,Peso libre,Fuerza / hipertrofia,Principal,Quadriceps,Knee Dominant,Bodybuilding,https://youtu.be/LUESjt8b2vY?si=vYksLJ6mIw7_F_DZ,Sandbag Back Rack Walking Lunge,Pierna,2,fuerza_hipertrofia
Principiante,Ligas,Movilidad / estabilidad,Calentamiento,Shoulders,Shoulder Abduction,Mobility,https://youtu.be/Z9Bryd2XtwY?si=13MbA6khrvgobwKt,Resistance Band Pull Apart,Empuje,2,movilidad_estabilidad
Principiante,Peso libre,Fuerza / hipertrofia,Principal,Back,Horizontal Pull,Bodybuilding,https://youtu.be/QWniDREaQVY?si=nOmYsg0t5nXPcb0Q,Sandbag Bent Over Row,Jalón,2,fuerza_hipertrofia
Principiante,Peso libre,Fuerza / hipertrofia,Principal,Shoulders,Horizontal Pull,Bodybuilding,https://youtu.be/hf7jnF45N_I?si=1OHNa_B7yazQ9w4L,Double Dumbbell Bent Over Reverse Fly,Empuje,2,fuerza_hipertrofia
Principiante,Peso libre,Fuerza / hipertrofia,Principal,Triceps,Elbow Extension,Bodybuilding,https://youtu.be/om2bTuwKGes?si=nJJaeiJglypyQD_G,Single Arm Dumbbell Knee Supported Tricep Kickback,Empuje,0,fuerza_hipertrofia
Principiante,Peso libre,Fuerza / hipertrofia,Principal,Triceps,Elbow Extension,Bodybuilding,https://youtu.be/kR9mqN6rxpQ?si=1GxxxZw4G3kFbAi0,Double Dumbbell Incline Bench Prone Tricep Kickback,Empuje,0,fuerza_hipertrofia
Principiante,Gimnasio / maquina,Fuerza / hipertrofia,Principal,Triceps,Elbow Extension,Bodybuilding,https://youtu.be/DYsQWSbj7UM?si=XUOYSUKOaqGmOCQP,Single Arm Cable Tricep Kickback,Empuje,0,fuerza_hipertrofia
Principiante,Peso libre,Fuerza / hipertrofia,Principal,Triceps,Elbow Extension,Bodybuilding,https://youtu.be/MQOnCts9N9c?si=0NLgrLb84fi_4vxZ,Single Arm Dumbbell Tricep Kickback,Empuje,0,fuerza_hipertrofia
Principiante,Accesorios funcionales,Fuerza / hipertrofia,Principal,Quadriceps,Knee Dominant,Bodybuilding,https://youtu.be/bN9sXaI7tdg?si=W3RoLGE6wUeZ8kQg,Slider Dumbbell Goblet Lateral Lunge,Pierna,2,fuerza_hipertrofia
Principiante,Accesorios funcionales,Fuerza / hipertrofia,Principal,Quadriceps,Knee Dominant,Bodybuilding,Sin dato,Slider Single Arm Dumbbell Front Rack Contralateral Lateral Lunge,Pierna,2,fuerza_hipertrofia
Principiante,Accesorios funcionales,Fuerza / hipertrofia,Principal,Quadriceps,Knee Dominant,Bodybuilding,Sin dato,Slider Single Arm Dumbbell Front Rack Ipsilateral Lateral Lunge,Pierna,2,fuerza_hipertrofia
Intermedio,Accesorios funcionales,Fuerza / hipertrofia,Principal,Quadriceps,Knee Dominant,Bodybuilding,Sin dato,Slider Single Arm Dumbbell Overhead Contralateral Lateral Lunge,Pierna,2,fuerza_hipertrofia
Intermedio,Accesorios funcionales,Fuerza / hipertrofia,Principal,Quadriceps,Knee Dominant,Bodybuilding,Sin dato,Slider Single Arm Dumbbell Overhead Ipsilateral Lateral Lunge,Pierna,2,fuerza_hipertrofia
Principiante,Accesorios funcionales,Fuerza / hipertrofia,Principal,Quadriceps,Knee Dominant,Bodybuilding,https://youtu.be/QJ_WNRYaM-s?feature=shared,Slider Single Arm Dumbbell Low Hold Contralateral Lateral Lunge,Pierna,2,fuerza_hipertrofia
Principiante,Peso libre,Fuerza / hipertrofia,Principal,Quadriceps,Knee Dominant,Bodybuilding,Sin dato,Double Dumbbell Low Hold Alternating Lateral Lunge,Pierna,2,fuerza_hipertrofia
Principiante,Peso libre,Fuerza / hipertrofia,Principal,Trapezius,Scapular Elevation,Bodybuilding,https://youtu.be/9IGbUVfZan8?si=FGf_5wCGLmr8DVD_,Double Dumbbell Seated Shrug,Jalón,0,fuerza_hipertrofia
Principiante,Peso libre,Fuerza / hipertrofia,Principal,Trapezius,Scapular Elevation,Bodybuilding,Sin dato,Double Kettlebell Seated Shrug,Jalón,0,fuerza_hipertrofia
Principiante,Accesorios funcionales,Fuerza / hipertrofia,Principal,Quadriceps,Knee Dominant,Bodybuilding,Sin dato,Slider Clubbell Order Lateral Lunge,Pierna,2,fuerza_hipertrofia
Principiante,Accesorios funcionales,Fuerza / hipertrofia,Principal,Quadriceps,Knee Dominant,Bodybuilding,Sin dato,Slider Double Clubbell Order Lateral Lunge,Pierna,2,fuerza_hipertrofia
Principiante,Accesorios funcionales,Fuerza / hipertrofia,Principal,Quadriceps,Knee Dominant,Bodybuilding,Sin dato,Slider Single Arm Clubbell Order Contralateral Lateral Lunge,Pierna,2,fuerza_hipertrofia
Principiante,Accesorios funcionales,Fuerza / hipertrofia,Principal,Quadriceps,Knee Dominant,Bodybuilding,Sin dato,Slider Single Arm Clubbell Order Ipsilateral Lateral Lunge,Pierna,2,fuerza_hipertrofia
Principiante,Accesorios funcionales,Fuerza / hipertrofia,Principal,Quadriceps,Knee Dominant,Bodybuilding,Sin dato,Slider Macebell Order Lateral Lunge,Pierna,2,fuerza_hipertrofia
Principiante,Accesorios funcionales,Fuerza / hipertrofia,Principal,Quadriceps,Knee Dominant,Bodybuilding,Sin dato,Slider Single Arm Macebell Order Contralateral Lateral Lunge,Pierna,2,fuerza_hipertrofia
Principiante,Accesorios funcionales,Fuerza / hipertrofia,Principal,Quadriceps,Knee Dominant,Bodybuilding,Sin dato,Slider Single Arm Macebell Order Ipsilateral Lateral Lunge,Pierna,2,fuerza_hipertrofia
Principiante,Accesorios funcionales,Fuerza / hipertrofia,Principal,Glutes,Hip Extension,Bodybuilding,Sin dato,Stability Ball Miniband Feet Elevated Glute Bridge,Pierna,0,fuerza_hipertrofia
Principiante,Accesorios funcionales,Fuerza / hipertrofia,Principal,Glutes,Hip Extension,Bodybuilding,https://youtu.be/iiQueNJKmVQ?si=Ty5Dh9uswMacl2Jd,Stability Ball Frog Reverse Hyperextension,Pierna,0,fuerza_hipertrofia
Intermedio,Accesorios funcionales,Fuerza / hipertrofia,Principal,Quadriceps,Knee Dominant,Bodybuilding,https://youtu.be/NqNgdW_cvIg?si=KoSk_5f75bTzur4R,Stability Ball Bulgarian Split Squat,Pierna,2,fuerza_hipertrofia
Avanzado,Peso libre,Condicion fisica / potencia,Tecnica,Quadriceps,Knee Dominant,Plyometric,https://youtu.be/SFj46t9F1OQ?si=_kzqwXcEvJtP-gv1,Double Dumbbell Suitcase Bulgarian Split Squat Jump,Pierna,8,potencia_funcional
Principiante,Accesorios funcionales,Fuerza / hipertrofia,Principal,Quadriceps,Knee Dominant,Bodybuilding,Sin dato,Slider Suspension Reverse Lunge,Pierna,2,fuerza_hipertrofia
Principiante,Accesorios funcionales,Fuerza / hipertrofia,Principal,Quadriceps,Knee Dominant,Bodybuilding,Sin dato,Slider Bulgarian Bag Back Rack Lateral Lunge,Pierna,2,fuerza_hipertrofia
Principiante,Accesorios funcionales,Fuerza / hipertrofia,Principal,Quadriceps,Knee Dominant,Bodybuilding,Sin dato,Slider Sandbag Front Rack Lateral Lunge,Pierna,2,fuerza_hipertrofia
Principiante,Accesorios funcionales,Fuerza / hipertrofia,Principal,Quadriceps,Knee Dominant,Bodybuilding,https://youtu.be/GkANtw3THOg?si=LWzQCihOFKfrRvJz,Slider Sandbag Back Rack Lateral Lunge,Pierna,2,fuerza_hipertrofia
Principiante,Otro equipo,Fuerza / hipertrofia,Principal,Abductors,Hip Abduction,Bodybuilding,https://youtu.be/PlktrKgFcT0?si=O4YEDtcE-rMg5fLn,Miniband Ankle Monster Walk,General,0,fuerza_hipertrofia
Principiante,Accesorios funcionales,Fuerza / hipertrofia,Principal,Quadriceps,Knee Dominant,Bodybuilding,Sin dato,Slider Landmine Goblet Lateral Lunge,Pierna,2,fuerza_hipertrofia
Principiante,Accesorios funcionales,Fuerza / hipertrofia,Principal,Quadriceps,Knee Dominant,Bodybuilding,Sin dato,Slider Landmine Low Hold Lateral Lunge,Pierna,2,fuerza_hipertrofia
Principiante,Accesorios funcionales,Fuerza / hipertrofia,Principal,Quadriceps,Knee Dominant,Bodybuilding,Sin dato,Slider Single Arm Kettlebell Front Rack Contralateral Lateral Lunge,Pierna,2,fuerza_hipertrofia
Principiante,Accesorios funcionales,Fuerza / hipertrofia,Principal,Quadriceps,Knee Dominant,Bodybuilding,https://youtu.be/q56KJzFPbz4?si=QBb7bgZdSeYK7Q0i,Slider Single Arm Kettlebell Front Rack Ipsilateral Lateral Lunge,Pierna,2,fuerza_hipertrofia
Intermedio,Accesorios funcionales,Fuerza / hipertrofia,Principal,Quadriceps,Knee Dominant,Bodybuilding,Sin dato,Slider Single Arm Kettlebell Bottoms Up Front Rack Contralateral Lateral Lunge,Pierna,2,fuerza_hipertrofia
Intermedio,Accesorios funcionales,Fuerza / hipertrofia,Principal,Quadriceps,Knee Dominant,Bodybuilding,Sin dato,Slider Single Arm Kettlebell Bottoms Up Front Rack Ipsilateral Lateral Lunge,Pierna,2,fuerza_hipertrofia
Intermedio,Accesorios funcionales,Fuerza / hipertrofia,Principal,Quadriceps,Knee Dominant,Bodybuilding,Sin dato,Slider Single Arm Kettlebell Overhead Contralateral Lateral Lunge,Pierna,2,fuerza_hipertrofia
Intermedio,Accesorios funcionales,Fuerza / hipertrofia,Principal,Quadriceps,Knee Dominant,Bodybuilding,Sin dato,Slider Single Arm Kettlebell Overhead Ipsilateral Lateral Lunge,Pierna,2,fuerza_hipertrofia
Avanzado,Accesorios funcionales,Fuerza / hipertrofia,Principal avanzado,Quadriceps,Knee Dominant,Bodybuilding,Sin dato,Slider Single Arm Kettlebell Bottoms Up Overhead Contralateral Lateral Lunge,Pierna,2,fuerza_hipertrofia
Avanzado,Accesorios funcionales,Fuerza / hipertrofia,Principal avanzado,Quadriceps,Knee Dominant,Bodybuilding,Sin dato,Slider Single Arm Kettlebell Bottoms Up Overhead Ipsilateral Lateral Lunge,Pierna,2,fuerza_hipertrofia
Principiante,Accesorios funcionales,Fuerza / hipertrofia,Principal,Quadriceps,Knee Dominant,Bodybuilding,https://youtu.be/W22ESpzYHdY?si=Vh4542ktziwY39x1,Slider Single Arm Kettlebell Low Hold Contralateral Lateral Lunge,Pierna,2,fuerza_hipertrofia
Intermedio,Accesorios funcionales,Fuerza / hipertrofia,Principal,Quadriceps,Knee Dominant,Bodybuilding,Sin dato,Slider Plate Overhead Lateral Lunge,Pierna,2,fuerza_hipertrofia
Intermedio,Accesorios funcionales,Fuerza / hipertrofia,Principal,Quadriceps,Knee Dominant,Bodybuilding,Sin dato,Slider Plate Overhead Reverse Lunge,Pierna,2,fuerza_hipertrofia
Principiante,Peso libre,Fuerza / hipertrofia,Principal,Chest,Horizontal Push,Calisthenics,https://youtu.be/obc23NwC-3c?si=NHdYgvLBQoFpvdLm,Barbell Reverse Grip Incline Push Up,Empuje,5,fuerza_hipertrofia
Principiante,Peso libre,Fuerza / hipertrofia,Principal,Trapezius,Scapular Elevation,Bodybuilding,https://youtu.be/neQw53mbivA?si=4di6VUfOBarrAAWQ,Single Arm Dumbbell Shrug,Jalón,0,fuerza_hipertrofia
Principiante,Peso libre,Fuerza / hipertrofia,Principal,Trapezius,Scapular Elevation,Bodybuilding,Sin dato,Single Arm Dumbbell Tall Kneeling Shrug,Jalón,0,fuerza_hipertrofia
Principiante,Peso libre,Fuerza / hipertrofia,Principal,Trapezius,Scapular Elevation,Bodybuilding,https://youtu.be/L15snvTU1qY?si=MYRw1-yq79vC87vm,Single Arm Dumbbell Seated Shrug,Jalón,0,fuerza_hipertrofia
Principiante,Peso libre,Fuerza / hipertrofia,Principal,Trapezius,Scapular Elevation,Bodybuilding,https://youtu.be/iJmHIt3pq5U?si=O6Skib3fQIO2I526,Single Arm Kettlebell Shrug,Jalón,0,fuerza_hipertrofia
Intermedio,Peso libre,Condicion fisica / potencia,Tecnica,Glutes,Hip Hinge,Ballistics,https://youtu.be/cSmvSLAiJUM?si=h-chBAq-PsufLIrW,Double Dumbbell Hang Snatch,Pierna,8,potencia_funcional
Intermedio,Peso libre,Condicion fisica / potencia,Tecnica,Glutes,Hip Hinge,Ballistics,https://youtu.be/VpZwBT07DR4?si=07HCrANRza3gU5O3,Single Arm Dumbbell Hang Snatch,Pierna,8,potencia_funcional
Intermedio,Peso libre,Condicion fisica / potencia,Tecnica,Glutes,Hip Hinge,Ballistics,https://youtu.be/BNyymHJvcJc?si=Fwbl__UOgmJahIO5,Alternating Single Arm Dumbbell Hang Snatch,Pierna,8,potencia_funcional
Principiante,Otro equipo,Fuerza / hipertrofia,Principal,Glutes,Hip External Rotation,Bodybuilding,https://youtu.be/DD2ntrZLoEQ?feature=shared,Miniband Kneeling Side Plank Clamshell,Pierna,0,fuerza_hipertrofia
Principiante,Otro equipo,Fuerza / hipertrofia,Principal,Abductors,Hip Abduction,Bodybuilding,https://youtu.be/TBYwwlojtvE?si=QWpnXUtKvTpFNuv_,Miniband Thigh Side Plank Hip Abduction,General,0,fuerza_hipertrofia
Principiante,Accesorios funcionales,Core / estabilidad,Principal,Abdominals,Rotational,Sin clasificar,https://youtu.be/gyTX0ttszBs?si=mR6_J7SkVOuRHrQN,Stability Ball Feet Elevated Russian Twist,Core,3,core_estabilidad
Principiante,Sin equipo,Core / estabilidad,Principal,Abdominals,Spinal Flexion,Sin clasificar,https://youtu.be/0EIDVDbzVNo?si=B73itVIXJWWYaH0C,Bodyweight Alternating Single Leg V Up,Core,1,core_estabilidad
Intermedio,Otro equipo,Condicion fisica / potencia,Principal,Quadriceps,Knee Dominant,Sin clasificar,https://youtu.be/XVLaBw4NWe8?si=tFm4FlWxePeCRyh7,Battle Rope Alternating Lateral Lunge Alternating Wave,Pierna,5,potencia_funcional
Principiante,Peso libre,Fuerza / hipertrofia,Principal,Trapezius,Scapular Elevation,Bodybuilding,Sin dato,Single Arm Kettlebell Tall Kneeling Shrug,Jalón,0,fuerza_hipertrofia
Principiante,Peso libre,Fuerza / hipertrofia,Principal,Trapezius,Scapular Elevation,Bodybuilding,https://youtu.be/LaywjdRLK3c?si=nTMNGy0BPyxW6WR3,Single Arm Kettlebell Seated Shrug,Jalón,0,fuerza_hipertrofia
Principiante,Peso libre,Fuerza / hipertrofia,Principal,Glutes,Hip Extension,Bodybuilding,https://youtu.be/k_HORfTCsi0?si=-RDu4SzCjbkXl4P5,Plate Hip Thrust,Pierna,0,fuerza_hipertrofia
Principiante,Peso libre,Fuerza / hipertrofia,Principal,Trapezius,Scapular Elevation,Bodybuilding,https://youtu.be/Cm4HfYm9w3A?si=iRKP7u31KGlnfQZt,Double Dumbbell Incline Bench Prone Shrug,Jalón,0,fuerza_hipertrofia
Intermedio,Calistenia / barras,Fuerza / hipertrofia,Principal,Glutes,Hip Extension,Bodybuilding,https://youtu.be/TiPDApTAJu0?si=dVw4o9DCHCZrIteK,Suspension Single Leg Foot Elevated Glute Bridge,Pierna,0,fuerza_hipertrofia
Intermedio,Otro equipo,Fuerza / hipertrofia,Principal,Glutes,Hip Extension,Bodybuilding,Sin dato,Tire Single Leg Foot Elevated Glute Bridge,Pierna,0,fuerza_hipertrofia
Principiante,Peso libre,Fuerza / hipertrofia,Principal,Trapezius,Scapular Elevation,Bodybuilding,Sin dato,Double Kettlebell Incline Bench Prone Shrug,Jalón,0,fuerza_hipertrofia
Principiante,Calistenia / barras,Fuerza / hipertrofia,Principal,Quadriceps,Knee Dominant,Bodybuilding,https://youtu.be/YedqbteiWoU?si=rMl_RLv88kcBcMUR,Suspension Sissy Squat,Pierna,2,fuerza_hipertrofia
Principiante,Peso libre,Fuerza / hipertrofia,Principal,Trapezius,Scapular Elevation,Bodybuilding,Sin dato,Single Arm Dumbbell Incline Bench Prone Shrug,Jalón,0,fuerza_hipertrofia
Principiante,Peso libre,Fuerza / hipertrofia,Principal,Trapezius,Scapular Elevation,Bodybuilding,Sin dato,Single Arm Kettlebell Incline Bench Prone Shrug,Jalón,0,fuerza_hipertrofia
Principiante,Peso libre,Fuerza / hipertrofia,Principal,Chest,Horizontal Push,Bodybuilding,https://youtu.be/fv3jtm7zP1I?si=Vx6jxC1bB20dsahE,Double Dumbbell Seesaw Bench Press,Empuje,2,fuerza_hipertrofia
Intermedio,Otro equipo,Condicion fisica / potencia,Principal,Quadriceps,Knee Dominant,Sin clasificar,https://youtu.be/xeUVzgEapmQ?si=ieR0dXu6Bem56sNy,Bulgarian Bag Dead Squat Clean,Pierna,5,potencia_funcional
Principiante,Peso libre,Fuerza / hipertrofia,Principal,Chest,Horizontal Push,Bodybuilding,https://youtu.be/82ZJhsIOF8w?si=uigPvHNUp-5ce1jQ,Double Dumbbell Seesaw Incline Bench Press,Empuje,2,fuerza_hipertrofia
Principiante,Peso libre,Fuerza / hipertrofia,Principal,Chest,Horizontal Push,Bodybuilding,Sin dato,Double Dumbbell Seesaw Decline Bench Press,Empuje,2,fuerza_hipertrofia
Intermedio,Sin equipo,Fuerza / hipertrofia,Principal,Quadriceps,Knee Dominant,Calisthenics,https://youtu.be/tiA23NSUm7A?si=_N2Va66rdUdrcMpD,Bodyweight Hand Assisted Pistol Squat,Pierna,5,fuerza_hipertrofia
Principiante,Peso libre,Fuerza / hipertrofia,Principal,Quadriceps,Knee Dominant,Bodybuilding,https://youtu.be/XE7MrZADkr4?si=F2dW-lk_yYLoGHjE,Double Kettlebell Suitcase Alternating Curtsy Lunge,Pierna,2,fuerza_hipertrofia
Intermedio,Peso libre,Fuerza / hipertrofia,Principal,Quadriceps,Knee Dominant,Bodybuilding,Sin dato,Double Kettlebell Overhead Alternating Curtsy Lunge,Pierna,2,fuerza_hipertrofia
Intermedio,Peso libre,Fuerza / hipertrofia,Principal,Quadriceps,Knee Dominant,Bodybuilding,Sin dato,Double Kettlebell Bottoms Up Front Rack Alternating Curtsy Lunge,Pierna,2,fuerza_hipertrofia
Avanzado,Peso libre,Fuerza / hipertrofia,Principal avanzado,Quadriceps,Knee Dominant,Bodybuilding,Sin dato,Double Kettlebell Bottoms Up Overhead Alternating Curtsy Lunge,Pierna,2,fuerza_hipertrofia
Principiante,Peso libre,Fuerza / hipertrofia,Principal,Quadriceps,Knee Dominant,Bodybuilding,Sin dato,Single Arm Kettlebell Front Rack Alternating Curtsy Lunge,Pierna,2,fuerza_hipertrofia
Principiante,Peso libre,Fuerza / hipertrofia,Principal,Quadriceps,Knee Dominant,Bodybuilding,Sin dato,Single Arm Kettlebell Suitcase Alternating Curtsy Lunge,Pierna,2,fuerza_hipertrofia
Intermedio,Peso libre,Fuerza / hipertrofia,Principal,Quadriceps,Knee Dominant,Bodybuilding,Sin dato,Single Arm Kettlebell Overhead Alternating Curtsy Lunge,Pierna,2,fuerza_hipertrofia
Avanzado,Peso libre,Fuerza / hipertrofia,Principal avanzado,Quadriceps,Knee Dominant,Bodybuilding,Sin dato,Single Arm Kettlebell Bottoms Up Overhead Alternating Curtsy Lunge,Pierna,2,fuerza_hipertrofia
Intermedio,Peso libre,Fuerza / hipertrofia,Principal,Quadriceps,Knee Dominant,Bodybuilding,Sin dato,Single Arm Kettlebell Bottoms Up Front Rack Alternating Curtsy Lunge,Pierna,2,fuerza_hipertrofia
Principiante,Peso libre,Fuerza / hipertrofia,Principal,Quadriceps,Knee Dominant,Bodybuilding,https://youtu.be/1VkEZirajQQ?si=4EJltD-xdvd_ifWT,Double Dumbbell Front Rack Alternating Curtsy Lunge,Pierna,2,fuerza_hipertrofia
Principiante,Peso libre,Fuerza / hipertrofia,Principal,Quadriceps,Knee Dominant,Bodybuilding,https://youtu.be/SQHyEoZLd1o?si=_TJYUJVzm_zR7ZxZ,Double Dumbbell Suitcase Alternating Curtsy Lunge,Pierna,2,fuerza_hipertrofia
Intermedio,Peso libre,Fuerza / hipertrofia,Principal,Quadriceps,Knee Dominant,Bodybuilding,Sin dato,Double Dumbbell Overhead Alternating Curtsy Lunge,Pierna,2,fuerza_hipertrofia
Principiante,Peso libre,Fuerza / hipertrofia,Principal,Quadriceps,Knee Dominant,Bodybuilding,https://youtu.be/lJyMP5H-_pw?feature=shared,Single Arm Dumbbell Front Rack Alternating Curtsy Lunge,Pierna,2,fuerza_hipertrofia
Principiante,Peso libre,Fuerza / hipertrofia,Principal,Quadriceps,Knee Dominant,Bodybuilding,Sin dato,Single Arm Dumbbell Suitcase Alternating Curtsy Lunge,Pierna,2,fuerza_hipertrofia
Intermedio,Peso libre,Fuerza / hipertrofia,Principal,Quadriceps,Knee Dominant,Bodybuilding,Sin dato,Single Arm Dumbbell Overhead Alternating Curtsy Lunge,Pierna,2,fuerza_hipertrofia
Principiante,Peso libre,Fuerza / hipertrofia,Principal,Quadriceps,Knee Dominant,Bodybuilding,https://youtu.be/rzwJACyQNas?si=VKxH9lJuYtpzFxQo,Dumbbell Goblet Alternating Curtsy Lunge,Pierna,2,fuerza_hipertrofia
Principiante,Peso libre,Fuerza / hipertrofia,Principal,Quadriceps,Knee Dominant,Bodybuilding,https://youtu.be/0xnBB7_WBpQ?si=DNO9eiIOlnVvq62-,Kettlebell Horn Grip Alternating Curtsy Lunge,Pierna,2,fuerza_hipertrofia
Principiante,Peso libre,Fuerza / hipertrofia,Principal,Quadriceps,Knee Dominant,Bodybuilding,https://youtu.be/dj2zCtnlZEM?si=zXmmDlSwlhudznYC,Kettlebell Goblet Alternating Curtsy Lunge,Pierna,2,fuerza_hipertrofia
Principiante,Peso libre,Fuerza / hipertrofia,Principal,Quadriceps,Knee Dominant,Bodybuilding,Sin dato,Clubbell Order Alternating Curtsy Lunge,Pierna,2,fuerza_hipertrofia
Principiante,Peso libre,Fuerza / hipertrofia,Principal,Quadriceps,Knee Dominant,Bodybuilding,Sin dato,Double Clubbell Order Alternating Curtsy Lunge,Pierna,2,fuerza_hipertrofia
Principiante,Peso libre,Fuerza / hipertrofia,Principal,Quadriceps,Knee Dominant,Bodybuilding,Sin dato,Single Arm Clubbell Order Alternating Curtsy Lunge,Pierna,2,fuerza_hipertrofia
Principiante,Peso libre,Fuerza / hipertrofia,Principal,Quadriceps,Knee Dominant,Bodybuilding,Sin dato,Macebell Order Alternating Curtsy Lunge,Pierna,2,fuerza_hipertrofia
Principiante,Sin equipo,Fuerza / hipertrofia,Principal,Quadriceps,Knee Dominant,Calisthenics,https://youtu.be/SNtgnXpolPY?si=RQdshbRrgML5pKNu,Bodyweight Alternating Curtsy Lunge,Pierna,5,fuerza_hipertrofia
Intermedio,Peso libre,Fuerza / hipertrofia,Principal,Quadriceps,Knee Dominant,Sin clasificar,Sin dato,Heavy Sandbag Bear Hug Alternating Curtsy Lunge,Pierna,3,fuerza_hipertrofia
Intermedio,Peso libre,Fuerza / hipertrofia,Principal,Quadriceps,Knee Dominant,Sin clasificar,Sin dato,Heavy Sandbag Shoulder Alternating Curtsy Lunge,Pierna,3,fuerza_hipertrofia
Intermedio,Peso libre,Fuerza / hipertrofia,Principal,Quadriceps,Knee Dominant,Bodybuilding,Sin dato,Plate Overhead Alternating Curtsy Lunge,Pierna,2,fuerza_hipertrofia
Principiante,Peso libre,Fuerza / hipertrofia,Principal,Quadriceps,Knee Dominant,Bodybuilding,Sin dato,Sandbag Front Rack Alternating Curtsy Lunge,Pierna,2,fuerza_hipertrofia
Principiante,Peso libre,Fuerza / hipertrofia,Principal,Quadriceps,Knee Dominant,Bodybuilding,https://youtu.be/L6KZyggcDjE?feature=shared,Sandbag Back Rack Alternating Curtsy Lunge,Pierna,2,fuerza_hipertrofia
Intermedio,Peso libre,Movilidad / estabilidad,Principal,Abdominals,Isometric Hold,Sin clasificar,https://youtu.be/Qiu_qPGaGYM?feature=shared,Plate Hollow Body Hold,Core,-4,movilidad_estabilidad
Principiante,Peso libre,Fuerza / hipertrofia,Principal,Chest,Horizontal Push,Bodybuilding,https://youtu.be/xxUSV06CkFM?si=I4ywyVcTwGhyUwsk,Double Dumbbell Seesaw Floor Press,Empuje,2,fuerza_hipertrofia
Principiante,Peso libre,Fuerza / hipertrofia,Principal,Chest,Horizontal Push,Bodybuilding,https://youtu.be/CpQIh8MxCCQ?si=UvCgYzi5mZCUTXaX,Double Kettlebell Seesaw Bench Press,Empuje,2,fuerza_hipertrofia
Principiante,Peso libre,Fuerza / hipertrofia,Principal,Chest,Horizontal Push,Bodybuilding,Sin dato,Double Kettlebell Seesaw Incline Bench Press,Empuje,2,fuerza_hipertrofia
Intermedio,Peso libre,Movilidad / estabilidad,Principal,Abdominals,Isometric Hold,Calisthenics,https://youtu.be/4_7EUMcoYYY?si=s_ew72Z5lyKk18Er,Double Kettlebell Tuck L Sit,Core,-2,movilidad_estabilidad
Principiante,Peso libre,Fuerza / hipertrofia,Principal,Chest,Horizontal Push,Bodybuilding,Sin dato,Double Kettlebell Seesaw Decline Bench Press,Empuje,2,fuerza_hipertrofia
Principiante,Sin equipo,Movilidad / estabilidad,Principal,Abdominals,Isometric Hold,Sin clasificar,https://youtu.be/-UVAa92y1r4?si=CIm_rryJMtDs0TPj,Bodyweight Hollow Body Flutter Kicks,Core,-4,movilidad_estabilidad
Principiante,Peso libre,Fuerza / hipertrofia,Principal,Chest,Horizontal Push,Bodybuilding,https://youtu.be/h_L7Ntxcgtk?si=g04F5mBJSHow1QbI,Double Kettlebell Seesaw Floor Press,Empuje,2,fuerza_hipertrofia
Principiante,Peso libre,Fuerza / hipertrofia,Principal,Shoulders,Vertical Push,Bodybuilding,https://youtu.be/N4Y5hWOwDBY?si=TDvtFSl9MGsAg0L6,Double Dumbbell Seesaw Overhead Press,Empuje,2,fuerza_hipertrofia
Principiante,Peso libre,Fuerza / hipertrofia,Principal,Shoulders,Vertical Push,Bodybuilding,https://youtu.be/sbGP9VjnjEg?si=QtatKrbr2B5FgS6F,Double Dumbbell Arnold Press,Empuje,2,fuerza_hipertrofia
Principiante,Peso libre,Fuerza / hipertrofia,Principal,Shoulders,Vertical Push,Bodybuilding,https://youtu.be/9ZxNf7ZyXNA?si=RYR75ThTJf8rKwxi,Alternating Double Dumbbell Arnold Press,Empuje,2,fuerza_hipertrofia
Principiante,Peso libre,Fuerza / hipertrofia,Principal,Shoulders,Vertical Push,Bodybuilding,https://youtu.be/EtPb646Va9s?si=J7PWxe7OwlEdfLZW,Double Dumbbell Seated Arnold Press,Empuje,2,fuerza_hipertrofia
Principiante,Peso libre,Fuerza / hipertrofia,Principal,Shoulders,Vertical Push,Bodybuilding,https://youtu.be/2dw6SwEJlH4?si=UCaE7pKKJDaRm0lz,Alternating Double Dumbbell Seated Arnold Press,Empuje,2,fuerza_hipertrofia
Principiante,Sin equipo,Condicion fisica / potencia,Principal,Glutes,Hip Extension,Sin clasificar,https://youtu.be/K2AvS_4hjd4?si=WeXgOnAQd6Db4L-d,Bodyweight Feet Elevated Frog Pump,Pierna,3,potencia_funcional
Principiante,Otro equipo,Fuerza / hipertrofia,Principal,Glutes,Hip Extension,Bodybuilding,https://youtu.be/B1brbzxGCqM?si=OdHzF3vTHn2YmADJ,Miniband Feet Elevated Frog Pump,Pierna,0,fuerza_hipertrofia
Principiante,Otro equipo,Fuerza / hipertrofia,Principal,Glutes,Hip Extension,Bodybuilding,https://youtu.be/hKUOvDXVREw?si=RIjR5zIo0hOuYfY0,Miniband Feet Elevated Glute Bridge,Pierna,0,fuerza_hipertrofia
Principiante,Sin equipo,Movilidad / estabilidad,Calentamiento,Abdominals,Anti-Flexion,Calisthenics,https://youtu.be/_oFQ3G5iwtc?si=3F2p69DpOKAmGXoE,Bodyweight Reverse Plank,Core,3,movilidad_estabilidad
Intermedio,Otro equipo,Fuerza / hipertrofia,Principal,Quadriceps,Knee Dominant,Sin clasificar,https://youtu.be/fpUD0mcFp_0?si=Ymlmi7cDC_sfB1zE,Wall Ball Toss,Pierna,3,fuerza_hipertrofia
Intermedio,Otro equipo,Core / estabilidad,Principal,Abdominals,Rotational,Sin clasificar,https://youtu.be/Bio87vFoJW8?si=NJ1qbIlIwQxlLPYE,Wall Ball Feet Elevated Russian Twist Lateral Toss,Core,3,core_estabilidad
Principiante,Otro equipo,Core / estabilidad,Principal,Abdominals,Rotational,Sin clasificar,Sin dato,Wall Ball Russian Twist Lateral Toss,Core,3,core_estabilidad
Principiante,Otro equipo,Core / estabilidad,Principal,Abdominals,Rotational,Sin clasificar,https://youtu.be/R87xzEuBmlY?si=tsszJ0gQHwdhFaFH,Wall Ball Lateral Toss,Core,3,core_estabilidad
Intermedio,Otro equipo,Core / estabilidad,Principal,Abdominals,Spinal Flexion,Sin clasificar,https://youtu.be/mSSReQ1b9NQ?si=XbGTmB14_eldcuBz,Wall Ball Sit Up Toss,Core,-4,core_estabilidad
Avanzado,Peso libre,Condicion fisica / potencia,Tecnica,Quadriceps,Knee Dominant,Plyometric,Sin dato,Double Kettlebell Suitcase Bulgarian Split Squat Jump,Pierna,8,potencia_funcional
Principiante,Peso libre,Fuerza / hipertrofia,Principal,Shoulders,Vertical Push,Bodybuilding,https://youtu.be/Rd3pRGf7fyQ?si=E19yq3x4ySAePC_i,Double Dumbbell Tall Kneeling Arnold Press,Empuje,2,fuerza_hipertrofia
Avanzado,Peso libre,Fuerza / hipertrofia,Principal avanzado,Quadriceps,Knee Dominant,Bodybuilding,https://youtu.be/15EmaPxPbe4?si=K_IYnXhJNu1WAP8c,Barbell Zercher Bulgarian Split Squat,Pierna,2,fuerza_hipertrofia
Intermedio,Peso libre,Fuerza / hipertrofia,Principal,Quadriceps,Knee Dominant,Bodybuilding,https://youtu.be/EeNk8sLr9z8?si=kN5JtBlDa5WiKxzK,Dumbbell Goblet Bulgarian Split Squat,Pierna,2,fuerza_hipertrofia
Avanzado,Peso libre,Fuerza / hipertrofia,Principal avanzado,Quadriceps,Knee Dominant,Bodybuilding,Sin dato,Single Arm Kettlebell Bottoms Up Overhead Ipsilateral Bulgarian Split Squat,Pierna,2,fuerza_hipertrofia
Intermedio,Peso libre,Fuerza / hipertrofia,Principal,Quadriceps,Knee Dominant,Bodybuilding,https://youtu.be/o_M9wYTtIBA?si=BXIV9tiqPcpzzreB,Kettlebell Goblet Bulgarian Split Squat,Pierna,2,fuerza_hipertrofia
Intermedio,Otro equipo,Fuerza / hipertrofia,Principal,Quadriceps,Knee Dominant,Bodybuilding,https://youtu.be/Xv7xtX-iHXw?si=Tr0jv2-w6qpFctJh,Landmine Goblet Bulgarian Split Squat,Pierna,2,fuerza_hipertrofia
Intermedio,Peso libre,Fuerza / hipertrofia,Principal,Quadriceps,Knee Dominant,Bodybuilding,Sin dato,Macebell Order Bulgarian Split Squat,Pierna,2,fuerza_hipertrofia
Intermedio,Peso libre,Fuerza / hipertrofia,Principal,Quadriceps,Knee Dominant,Bodybuilding,Sin dato,Single Arm Macebell Order Contralateral Bulgarian Split Squat,Pierna,2,fuerza_hipertrofia
Intermedio,Peso libre,Fuerza / hipertrofia,Principal,Quadriceps,Knee Dominant,Bodybuilding,Sin dato,Single Arm Macebell Order Ipsilateral Bulgarian Split Squat,Pierna,2,fuerza_hipertrofia
Intermedio,Peso libre,Fuerza / hipertrofia,Principal,Quadriceps,Knee Dominant,Bodybuilding,Sin dato,Clubbell Order Bulgarian Split Squat,Pierna,2,fuerza_hipertrofia
Intermedio,Peso libre,Fuerza / hipertrofia,Principal,Quadriceps,Knee Dominant,Bodybuilding,Sin dato,Plate Overhead Bulgarian Split Squat,Pierna,2,fuerza_hipertrofia
Principiante,Otro equipo,Fuerza / hipertrofia,Principal,Quadriceps,Knee Dominant,Bodybuilding,Sin dato,Tire Bulgarian Split Squat,Pierna,2,fuerza_hipertrofia
Intermedio,Otro equipo,Condicion fisica / potencia,Tecnica,Quadriceps,Knee Dominant,Plyometric,Sin dato,Tire Bulgarian Split Squat Jump,Pierna,8,potencia_funcional
Principiante,Peso libre,Fuerza / hipertrofia,Principal,Quadriceps,Knee Dominant,Bodybuilding,https://youtu.be/WQUXh0Zk1XU?si=nWvh_443nHiOu2bH,Double Dumbbell Front Rack Knee Over Toe Split Squat,Pierna,2,fuerza_hipertrofia
Principiante,Peso libre,Fuerza / hipertrofia,Principal,Quadriceps,Knee Dominant,Bodybuilding,https://youtu.be/7obV55SSiaw?si=S805NWBkc0FbMt7c,Double Dumbbell Front Rack Foot Elevated Knee Over Toe Split Squat,Pierna,2,fuerza_hipertrofia
Intermedio,Peso libre,Fuerza / hipertrofia,Principal,Quadriceps,Knee Dominant,Bodybuilding,Sin dato,Double Dumbbell Overhead Knee Over Toe Split Squat,Pierna,2,fuerza_hipertrofia
Intermedio,Peso libre,Fuerza / hipertrofia,Principal,Quadriceps,Knee Dominant,Bodybuilding,Sin dato,Double Dumbbell Overhead Foot Elevated Knee Over Toe Split Squat,Pierna,2,fuerza_hipertrofia
Principiante,Peso libre,Fuerza / hipertrofia,Principal,Quadriceps,Knee Dominant,Bodybuilding,https://youtu.be/h_S_Bb9rWCE?si=Dr_V3tDtxcRysPGX,Double Dumbbell Suitcase Foot Elevated Knee Over Toe Split Squat,Pierna,2,fuerza_hipertrofia
Intermedio,Peso libre,Fuerza / hipertrofia,Principal,Quadriceps,Knee Dominant,Bodybuilding,Sin dato,Single Arm Dumbbell Overhead Ipsilateral Knee Over Toe Split Squat,Pierna,2,fuerza_hipertrofia
Principiante,Peso libre,Fuerza / hipertrofia,Principal,Quadriceps,Knee Dominant,Bodybuilding,Sin dato,Single Arm Dumbbell Front Rack Contralateral Knee Over Toe Split Squat,Pierna,2,fuerza_hipertrofia
Principiante,Peso libre,Fuerza / hipertrofia,Principal,Quadriceps,Knee Dominant,Bodybuilding,Sin dato,Single Arm Dumbbell Front Rack Ipsilateral Knee Over Toe Split Squat,Pierna,2,fuerza_hipertrofia
Principiante,Peso libre,Fuerza / hipertrofia,Principal,Quadriceps,Knee Dominant,Bodybuilding,Sin dato,Single Arm Dumbbell Suitcase Contralateral Knee Over Toe Split Squat,Pierna,2,fuerza_hipertrofia
Principiante,Peso libre,Fuerza / hipertrofia,Principal,Quadriceps,Knee Dominant,Bodybuilding,Sin dato,Single Arm Dumbbell Suitcase Ipsilateral Knee Over Toe Split Squat,Pierna,2,fuerza_hipertrofia
Principiante,Peso libre,Fuerza / hipertrofia,Principal,Quadriceps,Knee Dominant,Bodybuilding,https://youtu.be/JlcQSTjIpk8?feature=shared,Dumbbell Goblet Knee Over Toe Split Squat,Pierna,2,fuerza_hipertrofia
Principiante,Peso libre,Fuerza / hipertrofia,Principal,Quadriceps,Knee Dominant,Bodybuilding,https://youtu.be/H5KGoSK1TMw?si=wfO6lfzcy7AhIt-M,Dumbbell Goblet Foot Elevated Knee Over Toe Split Squat,Pierna,2,fuerza_hipertrofia
Principiante,Peso libre,Fuerza / hipertrofia,Principal,Quadriceps,Knee Dominant,Bodybuilding,https://youtu.be/FpwomyrCcCk?si=JJyauhDa3bMzRSkq,Single Arm Dumbbell Suitcase Foot Elevated Contralateral Knee Over Toe Split Squat,Pierna,2,fuerza_hipertrofia
Principiante,Peso libre,Fuerza / hipertrofia,Principal,Quadriceps,Knee Dominant,Bodybuilding,Sin dato,Single Arm Dumbbell Suitcase Foot Elevated Ipsilateral Knee Over Toe Split Squat,Pierna,2,fuerza_hipertrofia
Intermedio,Peso libre,Fuerza / hipertrofia,Principal,Quadriceps,Knee Dominant,Bodybuilding,Sin dato,Single Arm Dumbbell Overhead Foot Elevated Contralateral Knee Over Toe Split Squat,Pierna,2,fuerza_hipertrofia
Intermedio,Peso libre,Fuerza / hipertrofia,Principal,Quadriceps,Knee Dominant,Bodybuilding,Sin dato,Single Arm Dumbbell Overhead Foot Elevated Ipsilateral Knee Over Toe Split Squat,Pierna,2,fuerza_hipertrofia
Principiante,Peso libre,Fuerza / hipertrofia,Principal,Quadriceps,Knee Dominant,Bodybuilding,Sin dato,Single Arm Dumbbell Front Rack Foot Elevated Contralateral Knee Over Toe Split Squat,Pierna,2,fuerza_hipertrofia
Principiante,Peso libre,Fuerza / hipertrofia,Principal,Quadriceps,Knee Dominant,Bodybuilding,Sin dato,Single Arm Dumbbell Front Rack Foot Elevated Ipsilateral Knee Over Toe Split Squat,Pierna,2,fuerza_hipertrofia
Avanzado,Peso libre,Fuerza / hipertrofia,Principal avanzado,Quadriceps,Knee Dominant,Bodybuilding,Sin dato,Barbell Zercher Knee Over Toe Split Squat,Pierna,2,fuerza_hipertrofia
Avanzado,Peso libre,Fuerza / hipertrofia,Principal avanzado,Quadriceps,Knee Dominant,Bodybuilding,Sin dato,Barbell Zercher Foot Elevated Knee Over Toe Split Squat,Pierna,2,fuerza_hipertrofia
Intermedio,Peso libre,Fuerza / hipertrofia,Principal,Quadriceps,Knee Dominant,Bodybuilding,https://youtu.be/yw2PSqN1ELo?si=2h_po3eQI5bN1T8l,Barbell Back Rack Foot Elevated Knee Over Toe Split Squat,Pierna,2,fuerza_hipertrofia
Intermedio,Peso libre,Fuerza / hipertrofia,Principal,Quadriceps,Knee Dominant,Bodybuilding,https://youtu.be/Z-9VnaY1F7k?si=NW_jj2yOwfUGesC3,Barbell Front Rack Foot Elevated Knee Over Toe Split Squat,Pierna,2,fuerza_hipertrofia
Avanzado,Peso libre,Fuerza / hipertrofia,Principal avanzado,Quadriceps,Knee Dominant,Bodybuilding,Sin dato,Barbell Overhead Foot Elevated Knee Over Toe Split Squat,Pierna,2,fuerza_hipertrofia
Avanzado,Peso libre,Fuerza / hipertrofia,Principal avanzado,Quadriceps,Knee Dominant,Bodybuilding,Sin dato,Single Arm Barbell Overhead Foot Elevated Knee Over Toe Split Squat,Pierna,2,fuerza_hipertrofia
Principiante,Otro equipo,Fuerza / hipertrofia,Principal,Quadriceps,Knee Dominant,Bodybuilding,Sin dato,Bulgarian Bag Back Rack Knee Over Toe Split Squat,Pierna,2,fuerza_hipertrofia
Principiante,Otro equipo,Fuerza / hipertrofia,Principal,Quadriceps,Knee Dominant,Bodybuilding,Sin dato,Bulgarian Bag Back Rack Foot Elevated Knee Over Toe Split Squat,Pierna,2,fuerza_hipertrofia
Intermedio,Peso libre,Fuerza / hipertrofia,Principal,Quadriceps,Knee Dominant,Bodybuilding,Sin dato,Plate Overhead Knee Over Toe Split Squat,Pierna,2,fuerza_hipertrofia
Intermedio,Peso libre,Fuerza / hipertrofia,Principal,Quadriceps,Knee Dominant,Bodybuilding,Sin dato,Plate Overhead Foot Elevated Knee Over Toe Split Squat,Pierna,2,fuerza_hipertrofia
Principiante,Peso libre,Fuerza / hipertrofia,Principal,Quadriceps,Knee Dominant,Bodybuilding,Sin dato,Double Clubbell Order Knee Over Toe Split Squat,Pierna,2,fuerza_hipertrofia
Principiante,Peso libre,Fuerza / hipertrofia,Principal,Quadriceps,Knee Dominant,Bodybuilding,Sin dato,Double Clubbell Order Foot Elevated Knee Over Toe Split Squat,Pierna,2,fuerza_hipertrofia
Principiante,Peso libre,Fuerza / hipertrofia,Principal,Quadriceps,Knee Dominant,Bodybuilding,Sin dato,Clubbell Order Knee Over Toe Split Squat,Pierna,2,fuerza_hipertrofia
Principiante,Peso libre,Fuerza / hipertrofia,Principal,Quadriceps,Knee Dominant,Bodybuilding,Sin dato,Clubbell Order Foot Elevated Knee Over Toe Split Squat,Pierna,2,fuerza_hipertrofia
Principiante,Peso libre,Fuerza / hipertrofia,Principal,Quadriceps,Knee Dominant,Bodybuilding,Sin dato,Single Arm Clubbell Order Contralateral Knee Over Toe Split Squat,Pierna,2,fuerza_hipertrofia
Principiante,Peso libre,Fuerza / hipertrofia,Principal,Quadriceps,Knee Dominant,Bodybuilding,Sin dato,Single Arm Clubbell Order Foot Elevated Contralateral Knee Over Toe Split Squat,Pierna,2,fuerza_hipertrofia
Principiante,Peso libre,Fuerza / hipertrofia,Principal,Quadriceps,Knee Dominant,Bodybuilding,Sin dato,Single Arm Clubbell Order Ipsilateral Knee Over Toe Split Squat,Pierna,2,fuerza_hipertrofia
Principiante,Peso libre,Fuerza / hipertrofia,Principal,Quadriceps,Knee Dominant,Bodybuilding,Sin dato,Single Arm Clubbell Order Foot Elevated Ipsilateral Knee Over Toe Split Squat,Pierna,2,fuerza_hipertrofia
Principiante,Peso libre,Fuerza / hipertrofia,Principal,Quadriceps,Knee Dominant,Bodybuilding,Sin dato,Macebell Order Knee Over Toe Split Squat,Pierna,2,fuerza_hipertrofia
Principiante,Peso libre,Fuerza / hipertrofia,Principal,Quadriceps,Knee Dominant,Bodybuilding,Sin dato,Macebell Order Foot Elevated Knee Over Toe Split Squat,Pierna,2,fuerza_hipertrofia
Principiante,Peso libre,Fuerza / hipertrofia,Principal,Quadriceps,Knee Dominant,Bodybuilding,Sin dato,Single Arm Macebell Order Contralateral Knee Over Toe Split Squat,Pierna,2,fuerza_hipertrofia
Principiante,Peso libre,Fuerza / hipertrofia,Principal,Quadriceps,Knee Dominant,Bodybuilding,Sin dato,Single Arm Macebell Order Foot Elevated Contralateral Knee Over Toe Split Squat,Pierna,2,fuerza_hipertrofia
Principiante,Peso libre,Fuerza / hipertrofia,Principal,Quadriceps,Knee Dominant,Bodybuilding,Sin dato,Single Arm Macebell Order Ipsilateral Knee Over Toe Split Squat,Pierna,2,fuerza_hipertrofia
Principiante,Peso libre,Fuerza / hipertrofia,Principal,Quadriceps,Knee Dominant,Bodybuilding,Sin dato,Single Arm Macebell Order Foot Elevated Ipsilateral Knee Over Toe Split Squat,Pierna,2,fuerza_hipertrofia
Principiante,Peso libre,Fuerza / hipertrofia,Principal,Quadriceps,Knee Dominant,Bodybuilding,Sin dato,Sandbag Front Rack Knee Over Toe Split Squat,Pierna,2,fuerza_hipertrofia
Principiante,Peso libre,Fuerza / hipertrofia,Principal,Quadriceps,Knee Dominant,Bodybuilding,Sin dato,Sandbag Front Rack Foot Elevated Knee Over Toe Split Squat,Pierna,2,fuerza_hipertrofia
Principiante,Peso libre,Fuerza / hipertrofia,Principal,Quadriceps,Knee Dominant,Bodybuilding,Sin dato,Single Arm Kettlebell Suitcase Foot Elevated Ipsilateral Knee Over Toe Split Squat,Pierna,2,fuerza_hipertrofia
Principiante,Peso libre,Fuerza / hipertrofia,Principal,Quadriceps,Knee Dominant,Bodybuilding,Sin dato,Single Arm Kettlebell Suitcase Ipsilateral Knee Over Toe Split Squat,Pierna,2,fuerza_hipertrofia
Principiante,Peso libre,Fuerza / hipertrofia,Principal,Quadriceps,Knee Dominant,Bodybuilding,Sin dato,Double Kettlebell Front Rack Foot Elevated Knee Over Toe Split Squat,Pierna,2,fuerza_hipertrofia
Principiante,Peso libre,Fuerza / hipertrofia,Principal,Quadriceps,Knee Dominant,Bodybuilding,Sin dato,Single Arm Kettlebell Front Rack Foot Elevated Contralateral Knee Over Toe Split Squat,Pierna,2,fuerza_hipertrofia
Principiante,Peso libre,Fuerza / hipertrofia,Principal,Quadriceps,Knee Dominant,Bodybuilding,Sin dato,Single Arm Kettlebell Front Rack Ipsilateral Knee Over Toe Split Squat,Pierna,2,fuerza_hipertrofia
Principiante,Peso libre,Fuerza / hipertrofia,Principal,Quadriceps,Knee Dominant,Bodybuilding,Sin dato,Single Arm Kettlebell Front Rack Foot Elevated Ipsilateral Knee Over Toe Split Squat,Pierna,2,fuerza_hipertrofia
Intermedio,Peso libre,Fuerza / hipertrofia,Principal,Quadriceps,Knee Dominant,Bodybuilding,Sin dato,Double Kettlebell Bottoms Up Front Rack Knee Over Toe Split Squat,Pierna,2,fuerza_hipertrofia
Intermedio,Peso libre,Fuerza / hipertrofia,Principal,Quadriceps,Knee Dominant,Bodybuilding,Sin dato,Double Kettlebell Bottoms Up Front Rack Foot Elevated Knee Over Toe Split Squat,Pierna,2,fuerza_hipertrofia
Intermedio,Peso libre,Fuerza / hipertrofia,Principal,Quadriceps,Knee Dominant,Bodybuilding,Sin dato,Single Arm Kettlebell Bottoms Up Front Rack Contralateral Knee Over Toe Split Squat,Pierna,2,fuerza_hipertrofia
Intermedio,Peso libre,Fuerza / hipertrofia,Principal,Quadriceps,Knee Dominant,Bodybuilding,Sin dato,Single Arm Kettlebell Bottoms Up Front Rack Foot Elevated Contralateral Knee Over Toe Split Squat,Pierna,2,fuerza_hipertrofia
Intermedio,Peso libre,Fuerza / hipertrofia,Principal,Quadriceps,Knee Dominant,Bodybuilding,Sin dato,Single Arm Kettlebell Bottoms Up Front Rack Ipsilateral Knee Over Toe Split Squat,Pierna,2,fuerza_hipertrofia
Intermedio,Peso libre,Fuerza / hipertrofia,Principal,Quadriceps,Knee Dominant,Bodybuilding,Sin dato,Single Arm Kettlebell Bottoms Up Front Rack Foot Elevated Ipsilateral Knee Over Toe Split Squat,Pierna,2,fuerza_hipertrofia
Intermedio,Peso libre,Fuerza / hipertrofia,Principal,Quadriceps,Knee Dominant,Bodybuilding,Sin dato,Single Arm Kettlebell Overhead Ipsilateral Knee Over Toe Split Squat,Pierna,2,fuerza_hipertrofia
Avanzado,Peso libre,Fuerza / hipertrofia,Principal avanzado,Quadriceps,Knee Dominant,Bodybuilding,Sin dato,Single Arm Kettlebell Bottoms Up Overhead Ipsilateral Knee Over Toe Split Squat,Pierna,2,fuerza_hipertrofia
Intermedio,Peso libre,Fuerza / hipertrofia,Principal,Quadriceps,Knee Dominant,Bodybuilding,Sin dato,Double Kettlebell Overhead Foot Elevated Knee Over Toe Split Squat,Pierna,2,fuerza_hipertrofia
Intermedio,Peso libre,Fuerza / hipertrofia,Principal,Quadriceps,Knee Dominant,Bodybuilding,Sin dato,Single Arm Kettlebell Overhead Foot Elevated Contralateral Knee Over Toe Split Squat,Pierna,2,fuerza_hipertrofia
Avanzado,Peso libre,Fuerza / hipertrofia,Principal avanzado,Quadriceps,Knee Dominant,Bodybuilding,Sin dato,Single Arm Kettlebell Bottoms Up Overhead Foot Elevated Contralateral Knee Over Toe Split Squat,Pierna,2,fuerza_hipertrofia
Avanzado,Peso libre,Fuerza / hipertrofia,Principal avanzado,Quadriceps,Knee Dominant,Bodybuilding,Sin dato,Double Kettlebell Bottoms Up Overhead Foot Elevated Knee Over Toe Split Squat,Pierna,2,fuerza_hipertrofia
Intermedio,Peso libre,Fuerza / hipertrofia,Principal,Quadriceps,Knee Dominant,Bodybuilding,Sin dato,Single Arm Kettlebell Overhead Foot Elevated Ipsilateral Knee Over Toe Split Squat,Pierna,2,fuerza_hipertrofia
Avanzado,Peso libre,Fuerza / hipertrofia,Principal avanzado,Quadriceps,Knee Dominant,Bodybuilding,Sin dato,Single Arm Kettlebell Bottoms Up Overhead Foot Elevated Ipsilateral Knee Over Toe Split Squat,Pierna,2,fuerza_hipertrofia
Principiante,Peso libre,Fuerza / hipertrofia,Principal,Quadriceps,Knee Dominant,Bodybuilding,Sin dato,Double Kettlebell Suitcase Foot Elevated Knee Over Toe Split Squat,Pierna,2,fuerza_hipertrofia
Avanzado,Peso libre,Fuerza / hipertrofia,Principal avanzado,Quadriceps,Knee Dominant,Bodybuilding,https://youtu.be/IgatQ8Mh6nM?feature=shared,Barbell Zercher Split Squat,Pierna,2,fuerza_hipertrofia
Intermedio,Calistenia / barras,Condicion fisica / potencia,Tecnica,Quadriceps,Knee Dominant,Plyometric,https://youtu.be/Vl3Gb37CyMI?si=claxpb93HZUyctUA,Suspension Alternating Split Squat Jump,Pierna,8,potencia_funcional
Principiante,Peso libre,Fuerza / hipertrofia,Principal,Quadriceps,Knee Dominant,Bodybuilding,https://youtu.be/eT5ol-m5gQU?si=1yRDnXPgi913NC1Q,Single Arm Dumbbell Suitcase Contralateral Split Squat,Pierna,2,fuerza_hipertrofia
Principiante,Peso libre,Fuerza / hipertrofia,Principal,Quadriceps,Knee Dominant,Bodybuilding,https://youtu.be/PL3rLZbBgZQ?si=NevvL1vzasNBOgVT,Single Arm Dumbbell Suitcase Ipsilateral Split Squat,Pierna,2,fuerza_hipertrofia
Principiante,Peso libre,Fuerza / hipertrofia,Principal,Quadriceps,Knee Dominant,Bodybuilding,https://youtu.be/Bf4HVTwMjkc?si=j0OgjVc5PW-T2bs6,Double Dumbbell Front Rack Split Squat,Pierna,2,fuerza_hipertrofia
Principiante,Peso libre,Fuerza / hipertrofia,Principal,Quadriceps,Knee Dominant,Bodybuilding,https://youtu.be/nogkCbiduHI?si=5gA5NaZqt_y4a8ir,Single Arm Dumbbell Front Rack Contralateral Split Squat,Pierna,2,fuerza_hipertrofia
Principiante,Peso libre,Fuerza / hipertrofia,Principal,Quadriceps,Knee Dominant,Bodybuilding,https://youtu.be/Fc6I5y692zE?si=WC2rmdrASF2eyb71,Single Arm Dumbbell Front Rack Ipsilateral Split Squat,Pierna,2,fuerza_hipertrofia
Intermedio,Peso libre,Fuerza / hipertrofia,Principal,Quadriceps,Knee Dominant,Bodybuilding,https://youtu.be/c9SSkKRR_fc?si=MOjZ2orbxCB5hdiO,Double Dumbbell Overhead Split Squat,Pierna,2,fuerza_hipertrofia
Intermedio,Peso libre,Fuerza / hipertrofia,Principal,Quadriceps,Knee Dominant,Bodybuilding,https://youtu.be/jmgelOGoxE8?si=dRdbKJvwm7kJy_Fs,Single Arm Dumbbell Overhead Contralateral Split Squat,Pierna,2,fuerza_hipertrofia
Intermedio,Peso libre,Fuerza / hipertrofia,Principal,Quadriceps,Knee Dominant,Bodybuilding,https://youtu.be/XpcDH-_hkD8?si=ZolNMoUBWOAc0Xms,Single Arm Dumbbell Overhead Ipsilateral Split Squat,Pierna,2,fuerza_hipertrofia
Principiante,Peso libre,Fuerza / hipertrofia,Principal,Quadriceps,Knee Dominant,Bodybuilding,https://youtu.be/EUHaKY3aA1Q?si=H2a-9iB71twMingb,Dumbbell Goblet Split Squat,Pierna,2,fuerza_hipertrofia
Principiante,Otro equipo,Core / estabilidad,Principal,Abdominals,Rotational,Sin clasificar,https://youtu.be/w0CTy_eIIcM?si=RtrXOHk6gyF6NsFi,Wall Ball Feet Elevated Russian Twist,Core,3,core_estabilidad
Principiante,Otro equipo,Core / estabilidad,Principal,Abdominals,Rotational,Sin clasificar,https://youtu.be/0DwFec0Aeog?si=bohJ8yWsahjfyyVf,Wall Ball Russian Twist,Core,3,core_estabilidad
Principiante,Otro equipo,Fuerza / hipertrofia,Principal,Quadriceps,Knee Dominant,Bodybuilding,https://youtu.be/VI6qhpokyPI?si=vlQYMvQBOEZ4sjof,Bulgarian Bag Back Rack Split Squat,Pierna,2,fuerza_hipertrofia
Principiante,Peso libre,Fuerza / hipertrofia,Principal,Quadriceps,Knee Dominant,Bodybuilding,Sin dato,Double Clubbell Order Split Squat,Pierna,2,fuerza_hipertrofia
Principiante,Peso libre,Fuerza / hipertrofia,Principal,Quadriceps,Knee Dominant,Bodybuilding,Sin dato,Clubbell Order Split Squat,Pierna,2,fuerza_hipertrofia
Principiante,Peso libre,Fuerza / hipertrofia,Principal,Quadriceps,Knee Dominant,Bodybuilding,Sin dato,Single Arm Clubbell Order Contralateral Split Squat,Pierna,2,fuerza_hipertrofia
Principiante,Peso libre,Fuerza / hipertrofia,Principal,Quadriceps,Knee Dominant,Bodybuilding,Sin dato,Single Arm Clubbell Order Ipsilateral Split Squat,Pierna,2,fuerza_hipertrofia
Principiante,Peso libre,Fuerza / hipertrofia,Principal,Quadriceps,Knee Dominant,Bodybuilding,Sin dato,Macebell Order Split Squat,Pierna,2,fuerza_hipertrofia
Principiante,Peso libre,Fuerza / hipertrofia,Principal,Quadriceps,Knee Dominant,Bodybuilding,Sin dato,Single Arm Macebell Order Contralateral Split Squat,Pierna,2,fuerza_hipertrofia
Principiante,Peso libre,Fuerza / hipertrofia,Principal,Quadriceps,Knee Dominant,Bodybuilding,Sin dato,Single Arm Macebell Order Ipsilateral Split Squat,Pierna,2,fuerza_hipertrofia
Intermedio,Peso libre,Fuerza / hipertrofia,Principal,Quadriceps,Knee Dominant,Bodybuilding,https://youtu.be/p3aoeo0dbZg?feature=shared,Plate Overhead Split Squat,Pierna,2,fuerza_hipertrofia
Intermedio,Peso libre,Condicion fisica / potencia,Principal,Quadriceps,Knee Dominant,Sin clasificar,https://youtu.be/EDEgJ8gSJHo?si=tuk25VgOk61zTjT4,Heavy Sandbag Bear Hug Split Squat,Pierna,5,potencia_funcional
Intermedio,Peso libre,Fuerza / hipertrofia,Principal,Quadriceps,Knee Dominant,Sin clasificar,https://youtu.be/ayWcRkvxO-I?si=AtCYmB8SJA-QD071,Heavy Sandbag Shoulder Contralateral Split Squat,Pierna,3,fuerza_hipertrofia
Intermedio,Peso libre,Fuerza / hipertrofia,Principal,Quadriceps,Knee Dominant,Sin clasificar,Sin dato,Heavy Sandbag Shoulder Ipsilateral Split Squat,Pierna,3,fuerza_hipertrofia
Principiante,Peso libre,Fuerza / hipertrofia,Principal,Quadriceps,Knee Dominant,Bodybuilding,https://youtu.be/h1IDfUy9JCg?si=8aLbq-QZwId9tfAE,Sandbag Back Rack Split Squat,Pierna,2,fuerza_hipertrofia
Principiante,Peso libre,Fuerza / hipertrofia,Principal,Quadriceps,Knee Dominant,Bodybuilding,https://youtu.be/b0rzm8OUjAc?si=Rz4zXBOgcisU6tEb,Sandbag Front Rack Split Squat,Pierna,2,fuerza_hipertrofia
Principiante,Peso libre,Fuerza / hipertrofia,Principal,Shoulders,Vertical Push,Bodybuilding,https://youtu.be/oMbi7Tppy-Y?si=xztRuodoUOeyiGKn,Alternating Double Dumbbell Tall Kneeling Arnold Press,Empuje,2,fuerza_hipertrofia
Principiante,Otro equipo,Fuerza / hipertrofia,Principal,Quadriceps,Knee Dominant,Bodybuilding,https://youtu.be/IfR7ezW6Oxc?si=-Zb29PMa_gZ8yJr9,Landmine Goblet Split Squat,Pierna,2,fuerza_hipertrofia
Principiante,Otro equipo,Fuerza / hipertrofia,Principal,Quadriceps,Knee Dominant,Bodybuilding,https://youtu.be/kZKDLL-1IXw?si=wnx7XbsDFO37wHb3,Single Arm Landmine Front Rack Contralateral Split Squat,Pierna,2,fuerza_hipertrofia
Principiante,Otro equipo,Fuerza / hipertrofia,Principal,Quadriceps,Knee Dominant,Bodybuilding,Sin dato,Single Arm Landmine Front Rack Ipsilateral Split Squat,Pierna,2,fuerza_hipertrofia
Principiante,Otro equipo,Fuerza / hipertrofia,Principal,Quadriceps,Knee Dominant,Bodybuilding,https://youtu.be/rD7QCqe4g0k?si=13maugTiL5P1XI6m,Single Arm Landmine Suitcase Contralateral Split Squat,Pierna,2,fuerza_hipertrofia
Intermedio,Peso libre,Condicion fisica / potencia,Tecnica,Back,Horizontal Pull,Ballistics,https://youtu.be/spmQS--R39Q?si=CXJgE_ppmc8oU7i4,Double Kettlebell Gunslinger,Jalón,8,potencia_funcional
Principiante,Peso libre,Fuerza / hipertrofia,Principal,Quadriceps,Knee Dominant,Bodybuilding,https://youtu.be/Xy9DrXmYIdw?si=e3qLZQjQ9a0RnC4q,Single Arm Kettlebell Front Rack Ipsilateral Split Squat,Pierna,2,fuerza_hipertrofia
Intermedio,Peso libre,Fuerza / hipertrofia,Principal,Quadriceps,Knee Dominant,Bodybuilding,https://youtu.be/NH32TQinW94?si=UfgmRs54Foklrrlw,Double Kettlebell Bottoms Up Front Rack Split Squat,Pierna,2,fuerza_hipertrofia
Intermedio,Peso libre,Fuerza / hipertrofia,Principal,Quadriceps,Knee Dominant,Bodybuilding,https://youtu.be/kTJfy28oNFE?si=SfdE8XDz_tYT0vyI,Single Arm Kettlebell Bottoms Up Front Rack Contralateral Split Squat,Pierna,2,fuerza_hipertrofia
Intermedio,Peso libre,Fuerza / hipertrofia,Principal,Quadriceps,Knee Dominant,Bodybuilding,Sin dato,Single Arm Kettlebell Bottoms Up Front Rack Ipsilateral Split Squat,Pierna,2,fuerza_hipertrofia
Intermedio,Peso libre,Fuerza / hipertrofia,Principal,Quadriceps,Knee Dominant,Bodybuilding,https://youtu.be/Q_NVo7MW61E?si=3xxOUWjsx7Th2Acq,Double Kettlebell Overhead Split Squat,Pierna,2,fuerza_hipertrofia
Intermedio,Peso libre,Fuerza / hipertrofia,Principal,Quadriceps,Knee Dominant,Bodybuilding,https://youtu.be/3HxbM0lO3a8?si=7zxP4xa8ZMIRdBAW,Single Arm Kettlebell Overhead Contralateral Split Squat,Pierna,2,fuerza_hipertrofia
Intermedio,Peso libre,Fuerza / hipertrofia,Principal,Quadriceps,Knee Dominant,Bodybuilding,https://youtu.be/7TXfixD6LwA?si=ZgzyV23h1nt4RVQQ,Single Arm Kettlebell Overhead Ipsilateral Split Squat,Pierna,2,fuerza_hipertrofia
Avanzado,Peso libre,Fuerza / hipertrofia,Principal avanzado,Quadriceps,Knee Dominant,Bodybuilding,Sin dato,Single Arm Kettlebell Bottoms Up Overhead Contralateral Split Squat,Pierna,2,fuerza_hipertrofia
Avanzado,Peso libre,Fuerza / hipertrofia,Principal avanzado,Quadriceps,Knee Dominant,Bodybuilding,Sin dato,Single Arm Kettlebell Bottoms Up Overhead Ipsilateral Split Squat,Pierna,2,fuerza_hipertrofia
Principiante,Peso libre,Fuerza / hipertrofia,Principal,Quadriceps,Knee Dominant,Bodybuilding,https://youtu.be/lQH6gx3-q8E?si=ySQAsX-z8SQ9haRk,Double Kettlebell Suitcase Split Squat,Pierna,2,fuerza_hipertrofia
Principiante,Peso libre,Fuerza / hipertrofia,Principal,Quadriceps,Knee Dominant,Bodybuilding,https://youtu.be/JLyFg72CCrk?si=dyii9fe_jm4Th1O8,Single Arm Kettlebell Suitcase Contralateral Split Squat,Pierna,2,fuerza_hipertrofia
Principiante,Peso libre,Fuerza / hipertrofia,Principal,Quadriceps,Knee Dominant,Bodybuilding,https://youtu.be/ZqPQvlALHlw?si=B7EklAroPtpJvXvc,Single Arm Kettlebell Suitcase Ipsilateral Split Squat,Pierna,2,fuerza_hipertrofia
Principiante,Peso libre,Fuerza / hipertrofia,Principal,Quadriceps,Knee Dominant,Bodybuilding,https://youtu.be/X13mW_a88Hw?si=bAwJPsrYMO6xCJWC,Kettlebell Goblet Split Squat,Pierna,2,fuerza_hipertrofia
Principiante,Peso libre,Movilidad / estabilidad,Calentamiento,Hip Flexors,Locomotion,Balance,https://youtu.be/sd6bu56nO9A?feature=shared,Kettlebell Horn Grip March,Core,4,movilidad_estabilidad
Principiante,Peso libre,Fuerza / hipertrofia,Principal,Shoulders,Shoulder Flexion,Bodybuilding,https://youtu.be/B6e5b8SY64g?si=OFbYwa08fPFsxurs,Single Arm Dumbbell Front Raise,Empuje,0,fuerza_hipertrofia
Principiante,Peso libre,Fuerza / hipertrofia,Principal,Biceps,Elbow Flexion,Bodybuilding,https://youtu.be/_aiZoy57VFI?si=skTwggqvw_kxkno5,Single Arm Dumbbell Cross Body Hammer Curl,Jalón,-3,fuerza_hipertrofia
Principiante,Calistenia / barras,Fuerza / hipertrofia,Principal,Hamstrings,Knee Dominant,Sin clasificar,https://youtu.be/xh13VO9_qEA?si=lzogbMJOWGILmMX3,Suspension Hamstring Curl,Pierna,0,fuerza_hipertrofia
Intermedio,Calistenia / barras,Fuerza / hipertrofia,Principal,Hamstrings,Knee Dominant,Bodybuilding,https://youtu.be/xHvXPam-ZBQ?si=8jfCw-5i-zrJ9hUd,Suspension Single Leg Hamstring Curl,Pierna,-1,fuerza_hipertrofia
Principiante,Otro equipo,Fuerza / hipertrofia,Principal,Hamstrings,Knee Dominant,Bodybuilding,https://youtu.be/LtTcXXgeRYo?si=80zdQRqZ21dGBf6n,Superband Prone Hamstring Curl,Pierna,-1,fuerza_hipertrofia
Principiante,Gimnasio / maquina,Fuerza / hipertrofia,Principal,Hamstrings,Knee Dominant,Bodybuilding,https://youtu.be/qOu-89KQsIg?si=NzRrmfpYz9Rwpoy8,Cable Prone Hamstring Curl,Pierna,-1,fuerza_hipertrofia
Principiante,Otro equipo,Fuerza / hipertrofia,Principal,Hamstrings,Knee Dominant,Bodybuilding,https://youtu.be/e5TRSsFNeug?feature=shared,Superband Prone Bench Hamstring Curl,Pierna,-1,fuerza_hipertrofia
Principiante,Peso libre,Fuerza / hipertrofia,Principal,Biceps,Elbow Flexion,Bodybuilding,https://youtu.be/DE6BcaMCwJA?si=Q1Lbpg92nykSCfEE,Single Arm Dumbbell Bicep Curl,Jalón,-3,fuerza_hipertrofia
Principiante,Peso libre,Fuerza / hipertrofia,Principal,Biceps,Elbow Flexion,Bodybuilding,https://youtu.be/yCDJmfP1Tr8?si=UDCf5aMfQvMiW-69,Single Arm Dumbbell Hammer Curl,Jalón,-3,fuerza_hipertrofia
Avanzado,Calistenia / barras,Fuerza / hipertrofia,Principal avanzado,Triceps,Vertical Push,Calisthenics,https://youtu.be/EznLCDBAPIU,Ring Dips,Empuje,5,fuerza_hipertrofia
Avanzado,Sin equipo,Fuerza / hipertrofia,Principal avanzado,Chest,Horizontal Push,Calisthenics,https://youtu.be/CQ6VEzQAI7w?si=_nTW1Yq_iP18uBgt,Bodyweight Single Arm Push Up,Empuje,5,fuerza_hipertrofia
Avanzado,Sin equipo,Condicion fisica / potencia,Tecnica,Chest,Horizontal Push,Plyometric,https://youtu.be/MeunnPVySSI?si=wuDGH7XuHo-e8M5X,Bodyweight Aztec Push Up,Empuje,8,potencia_funcional
Intermedio,Accesorios funcionales,Fuerza / hipertrofia,Principal,Quadriceps,Knee Dominant,Bodybuilding,Sin dato,Slider Barbell Front Rack Curtsy Lunge,Pierna,2,fuerza_hipertrofia
Principiante,Accesorios funcionales,Fuerza / hipertrofia,Principal,Quadriceps,Knee Dominant,Bodybuilding,Sin dato,Slider Double Kettlebell Front Rack Curtsy Lunge,Pierna,2,fuerza_hipertrofia
Principiante,Accesorios funcionales,Fuerza / hipertrofia,Principal,Quadriceps,Knee Dominant,Bodybuilding,Sin dato,Slider Suspension Curtsy Lunge,Pierna,2,fuerza_hipertrofia
Intermedio,Accesorios funcionales,Fuerza / hipertrofia,Principal,Quadriceps,Knee Dominant,Bodybuilding,Sin dato,Slider Landmine Goblet Curtsy Lunge,Pierna,2,fuerza_hipertrofia
Avanzado,Accesorios funcionales,Fuerza / hipertrofia,Principal avanzado,Quadriceps,Knee Dominant,Bodybuilding,Sin dato,Slider Barbell Overhead Curtsy Lunge,Pierna,2,fuerza_hipertrofia
Intermedio,Accesorios funcionales,Fuerza / hipertrofia,Principal,Quadriceps,Knee Dominant,Bodybuilding,Sin dato,Slider Barbell Back Rack Curtsy Lunge,Pierna,2,fuerza_hipertrofia
Avanzado,Accesorios funcionales,Fuerza / hipertrofia,Principal avanzado,Quadriceps,Knee Dominant,Bodybuilding,Sin dato,Slider Barbell Zercher Curtsy Lunge,Pierna,2,fuerza_hipertrofia
Principiante,Accesorios funcionales,Fuerza / hipertrofia,Principal,Quadriceps,Knee Dominant,Bodybuilding,Sin dato,Slider Bulgarian Bag Back Rack Curtsy Lunge,Pierna,2,fuerza_hipertrofia
Principiante,Accesorios funcionales,Fuerza / hipertrofia,Principal,Quadriceps,Knee Dominant,Bodybuilding,Sin dato,Slider Double Kettlebell Suitcase Curtsy Lunge,Pierna,2,fuerza_hipertrofia
Intermedio,Accesorios funcionales,Fuerza / hipertrofia,Principal,Quadriceps,Knee Dominant,Bodybuilding,Sin dato,Slider Double Kettlebell Overhead Curtsy Lunge,Pierna,2,fuerza_hipertrofia
Intermedio,Accesorios funcionales,Fuerza / hipertrofia,Principal,Quadriceps,Knee Dominant,Bodybuilding,Sin dato,Slider Double Kettlebell Bottoms Up Front Rack Curtsy Lunge,Pierna,2,fuerza_hipertrofia
Avanzado,Accesorios funcionales,Fuerza / hipertrofia,Principal avanzado,Quadriceps,Knee Dominant,Bodybuilding,Sin dato,Slider Double Kettlebell Bottoms Up Overhead Curtsy Lunge,Pierna,2,fuerza_hipertrofia
Principiante,Accesorios funcionales,Fuerza / hipertrofia,Principal,Quadriceps,Knee Dominant,Bodybuilding,Sin dato,Slider Single Arm Kettlebell Front Rack Contralateral Curtsy Lunge,Pierna,2,fuerza_hipertrofia
Principiante,Accesorios funcionales,Fuerza / hipertrofia,Principal,Quadriceps,Knee Dominant,Bodybuilding,https://youtu.be/Bu50PXycHv8?si=SlReQTpVRUbKnVsC,Slider Single Arm Kettlebell Suitcase Contralateral Curtsy Lunge,Pierna,2,fuerza_hipertrofia
Intermedio,Accesorios funcionales,Fuerza / hipertrofia,Principal,Quadriceps,Knee Dominant,Bodybuilding,Sin dato,Slider Single Arm Kettlebell Overhead Contralateral Curtsy Lunge,Pierna,2,fuerza_hipertrofia
Avanzado,Accesorios funcionales,Fuerza / hipertrofia,Principal avanzado,Quadriceps,Knee Dominant,Bodybuilding,Sin dato,Slider Single Arm Kettlebell Bottoms Up Overhead Contralateral Curtsy Lunge,Pierna,2,fuerza_hipertrofia
Intermedio,Accesorios funcionales,Fuerza / hipertrofia,Principal,Quadriceps,Knee Dominant,Bodybuilding,Sin dato,Slider Single Arm Kettlebell Bottoms Up Front Rack Contralateral Curtsy Lunge,Pierna,2,fuerza_hipertrofia
Principiante,Accesorios funcionales,Fuerza / hipertrofia,Principal,Quadriceps,Knee Dominant,Bodybuilding,Sin dato,Slider Double Dumbbell Front Rack Curtsy Lunge,Pierna,2,fuerza_hipertrofia
Principiante,Accesorios funcionales,Fuerza / hipertrofia,Principal,Quadriceps,Knee Dominant,Bodybuilding,Sin dato,Slider Double Dumbbell Suitcase Curtsy Lunge,Pierna,2,fuerza_hipertrofia
Intermedio,Accesorios funcionales,Fuerza / hipertrofia,Principal,Quadriceps,Knee Dominant,Bodybuilding,Sin dato,Slider Double Dumbbell Overhead Curtsy Lunge,Pierna,2,fuerza_hipertrofia
Principiante,Accesorios funcionales,Fuerza / hipertrofia,Principal,Quadriceps,Knee Dominant,Bodybuilding,Sin dato,Slider Single Arm Dumbbell Front Rack Contralateral Curtsy Lunge,Pierna,2,fuerza_hipertrofia
Principiante,Accesorios funcionales,Fuerza / hipertrofia,Principal,Quadriceps,Knee Dominant,Bodybuilding,Sin dato,Slider Single Arm Dumbbell Suitcase Contralateral Curtsy Lunge,Pierna,2,fuerza_hipertrofia
Intermedio,Accesorios funcionales,Fuerza / hipertrofia,Principal,Quadriceps,Knee Dominant,Bodybuilding,Sin dato,Slider Single Arm Dumbbell Overhead Contralateral Curtsy Lunge,Pierna,2,fuerza_hipertrofia
Principiante,Accesorios funcionales,Fuerza / hipertrofia,Principal,Quadriceps,Knee Dominant,Bodybuilding,https://youtu.be/lyYXfpCV5ys?si=iACRC6Vlz_wbm5zc,Slider Dumbbell Goblet Curtsy Lunge,Pierna,2,fuerza_hipertrofia
Principiante,Accesorios funcionales,Fuerza / hipertrofia,Principal,Quadriceps,Knee Dominant,Bodybuilding,Sin dato,Slider Kettlebell Horn Grip Curtsy Lunge,Pierna,2,fuerza_hipertrofia
Principiante,Accesorios funcionales,Fuerza / hipertrofia,Principal,Quadriceps,Knee Dominant,Bodybuilding,Sin dato,Slider Kettlebell Goblet Curtsy Lunge,Pierna,2,fuerza_hipertrofia
Principiante,Accesorios funcionales,Fuerza / hipertrofia,Principal,Quadriceps,Knee Dominant,Bodybuilding,Sin dato,Slider Clubbell Order Curtsy Lunge,Pierna,2,fuerza_hipertrofia
Principiante,Accesorios funcionales,Fuerza / hipertrofia,Principal,Quadriceps,Knee Dominant,Bodybuilding,Sin dato,Slider Double Clubbell Order Curtsy Lunge,Pierna,2,fuerza_hipertrofia
Principiante,Accesorios funcionales,Fuerza / hipertrofia,Principal,Quadriceps,Knee Dominant,Bodybuilding,Sin dato,Slider Single Arm Clubbell Order Contralateral Curtsy Lunge,Pierna,2,fuerza_hipertrofia
Principiante,Accesorios funcionales,Fuerza / hipertrofia,Principal,Quadriceps,Knee Dominant,Bodybuilding,Sin dato,Slider Macebell Order Curtsy Lunge,Pierna,2,fuerza_hipertrofia
Principiante,Accesorios funcionales,Fuerza / hipertrofia,Principal,Quadriceps,Knee Dominant,Bodybuilding,Sin dato,Slider Single Arm Macebell Order Contralateral Curtsy Lunge,Pierna,2,fuerza_hipertrofia
Principiante,Accesorios funcionales,Fuerza / hipertrofia,Principal,Quadriceps,Knee Dominant,Calisthenics,https://youtu.be/3psxN3YA0wg?si=BW-ePbc5Pg6OJ8z6,Slider Curtsy Lunge,Pierna,5,fuerza_hipertrofia
Intermedio,Accesorios funcionales,Fuerza / hipertrofia,Principal,Quadriceps,Knee Dominant,Bodybuilding,Sin dato,Slider Plate Overhead Curtsy Lunge,Pierna,2,fuerza_hipertrofia
Principiante,Accesorios funcionales,Fuerza / hipertrofia,Principal,Quadriceps,Knee Dominant,Bodybuilding,Sin dato,Slider Sandbag Front Rack Curtsy Lunge,Pierna,2,fuerza_hipertrofia
Principiante,Accesorios funcionales,Fuerza / hipertrofia,Principal,Quadriceps,Knee Dominant,Bodybuilding,Sin dato,Slider Sandbag Back Rack Curtsy Lunge,Pierna,2,fuerza_hipertrofia
Principiante,Accesorios funcionales,Fuerza / hipertrofia,Principal,Quadriceps,Knee Dominant,Bodybuilding,Sin dato,Slider Single Arm Kettlebell Front Rack Ipsilateral Curtsy Lunge,Pierna,2,fuerza_hipertrofia
Principiante,Accesorios funcionales,Fuerza / hipertrofia,Principal,Quadriceps,Knee Dominant,Bodybuilding,Sin dato,Slider Single Arm Kettlebell Suitcase Ipsilateral Curtsy Lunge,Pierna,2,fuerza_hipertrofia
Intermedio,Accesorios funcionales,Fuerza / hipertrofia,Principal,Quadriceps,Knee Dominant,Bodybuilding,Sin dato,Slider Single Arm Kettlebell Overhead Ipsilateral Curtsy Lunge,Pierna,2,fuerza_hipertrofia
Avanzado,Accesorios funcionales,Fuerza / hipertrofia,Principal avanzado,Quadriceps,Knee Dominant,Bodybuilding,Sin dato,Slider Single Arm Kettlebell Bottoms Up Overhead Ipsilateral Curtsy Lunge,Pierna,2,fuerza_hipertrofia
Intermedio,Accesorios funcionales,Fuerza / hipertrofia,Principal,Quadriceps,Knee Dominant,Bodybuilding,Sin dato,Slider Single Arm Kettlebell Bottoms Up Front Rack Ipsilateral Curtsy Lunge,Pierna,2,fuerza_hipertrofia
Principiante,Accesorios funcionales,Fuerza / hipertrofia,Principal,Quadriceps,Knee Dominant,Bodybuilding,Sin dato,Slider Single Arm Dumbbell Front Rack Ipsilateral Curtsy Lunge,Pierna,2,fuerza_hipertrofia
Principiante,Accesorios funcionales,Fuerza / hipertrofia,Principal,Quadriceps,Knee Dominant,Bodybuilding,Sin dato,Slider Single Arm Dumbbell Suitcase Ipsilateral Curtsy Lunge,Pierna,2,fuerza_hipertrofia
Intermedio,Accesorios funcionales,Fuerza / hipertrofia,Principal,Quadriceps,Knee Dominant,Bodybuilding,Sin dato,Slider Single Arm Dumbbell Overhead Ipsilateral Curtsy Lunge,Pierna,2,fuerza_hipertrofia
Principiante,Accesorios funcionales,Fuerza / hipertrofia,Principal,Quadriceps,Knee Dominant,Bodybuilding,Sin dato,Slider Single Arm Clubbell Order Ipsilateral Curtsy Lunge,Pierna,2,fuerza_hipertrofia
Principiante,Accesorios funcionales,Fuerza / hipertrofia,Principal,Quadriceps,Knee Dominant,Bodybuilding,Sin dato,Slider Single Arm Macebell Order Ipsilateral Curtsy Lunge,Pierna,2,fuerza_hipertrofia
Principiante,Peso libre,Fuerza / hipertrofia,Principal,Quadriceps,Knee Dominant,Bodybuilding,https://youtu.be/JMGY7iOxEd8?si=VQLmn1jf71I47o_a,Kettlebell Goblet Cyclist Squat,Pierna,2,fuerza_hipertrofia
Principiante,Peso libre,Fuerza / hipertrofia,Principal,Quadriceps,Knee Dominant,Bodybuilding,https://youtu.be/9b4Aatm0Wvo?si=35ADJVaHZbeshP13,Kettlebell Goblet Knee Over Toe Split Squat,Pierna,2,fuerza_hipertrofia
Principiante,Peso libre,Fuerza / hipertrofia,Principal,Quadriceps,Knee Dominant,Bodybuilding,https://youtu.be/JGpJCYbDefo?si=NOFTsBroAKhZtrMl,Kettlebell Goblet Foot Elevated Knee Over Toe Split Squat,Pierna,2,fuerza_hipertrofia
Principiante,Peso libre,Fuerza / hipertrofia,Principal,Quadriceps,Knee Dominant,Bodybuilding,https://youtu.be/gA6gJS2ePGU?si=Ug9x4DfIITtyX9FE,Dumbbell Goblet Walking Lunge,Pierna,2,fuerza_hipertrofia
Avanzado,Calistenia / barras,Movilidad / estabilidad,Principal avanzado,Abdominals,Isometric Hold,Calisthenics,https://youtu.be/CvVSQjBGdxY?si=NNbbzDLa-chZFz3I,Ring Maltese,Core,3,movilidad_estabilidad
Intermedio,Peso libre,Fuerza / hipertrofia,Principal,Quadriceps,Knee Dominant,Bodybuilding,https://youtu.be/oZCa8oh_YVI?si=rPzLwq3xpBKREAf7,Barbell Front Rack Curtsy Lunge,Pierna,2,fuerza_hipertrofia
Principiante,Peso libre,Fuerza / hipertrofia,Principal,Quadriceps,Knee Dominant,Bodybuilding,https://youtu.be/b10GH56Feuc?si=DTF4gfUaKajgDIEP,Double Kettlebell Front Rack Curtsy Lunge,Pierna,2,fuerza_hipertrofia
Principiante,Calistenia / barras,Fuerza / hipertrofia,Principal,Quadriceps,Knee Dominant,Bodybuilding,https://youtu.be/tiuw2sbuhl0?si=TK4HTHPYjPWelq8-,Suspension Curtsy Lunge,Pierna,2,fuerza_hipertrofia
Avanzado,Peso libre,Fuerza / hipertrofia,Principal avanzado,Quadriceps,Knee Dominant,Bodybuilding,Sin dato,Barbell Overhead Curtsy Lunge,Pierna,2,fuerza_hipertrofia
Intermedio,Peso libre,Fuerza / hipertrofia,Principal,Quadriceps,Knee Dominant,Bodybuilding,Sin dato,Barbell Back Rack Curtsy Lunge,Pierna,2,fuerza_hipertrofia
Avanzado,Peso libre,Fuerza / hipertrofia,Principal avanzado,Quadriceps,Knee Dominant,Bodybuilding,Sin dato,Barbell Zercher Curtsy Lunge,Pierna,2,fuerza_hipertrofia
Principiante,Peso libre,Fuerza / hipertrofia,Principal,Quadriceps,Knee Dominant,Bodybuilding,Sin dato,Double Kettlebell Suitcase Curtsy Lunge,Pierna,2,fuerza_hipertrofia
Intermedio,Peso libre,Fuerza / hipertrofia,Principal,Quadriceps,Knee Dominant,Bodybuilding,https://youtu.be/u_cHR3_1IZw?si=oVJaTI9hNpMcfVFW,Double Kettlebell Overhead Curtsy Lunge,Pierna,2,fuerza_hipertrofia
Intermedio,Peso libre,Fuerza / hipertrofia,Principal,Quadriceps,Knee Dominant,Bodybuilding,Sin dato,Double Kettlebell Bottoms Up Front Rack Curtsy Lunge,Pierna,2,fuerza_hipertrofia
Avanzado,Peso libre,Fuerza / hipertrofia,Principal avanzado,Quadriceps,Knee Dominant,Bodybuilding,Sin dato,Double Kettlebell Bottoms Up Overhead Curtsy Lunge,Pierna,2,fuerza_hipertrofia
Principiante,Peso libre,Fuerza / hipertrofia,Principal,Quadriceps,Knee Dominant,Bodybuilding,https://youtu.be/XVsdDBiLk2I?si=yYz392PvLdjJCOy5,Single Arm Kettlebell Front Rack Contralateral Curtsy Lunge,Pierna,2,fuerza_hipertrofia
Principiante,Peso libre,Fuerza / hipertrofia,Principal,Quadriceps,Knee Dominant,Bodybuilding,https://youtu.be/IlABYRygo3w?si=LYId2yiYvpqxybEC,Single Arm Kettlebell Suitcase Contralateral Curtsy Lunge,Pierna,2,fuerza_hipertrofia
Intermedio,Peso libre,Fuerza / hipertrofia,Principal,Quadriceps,Knee Dominant,Bodybuilding,Sin dato,Single Arm Kettlebell Overhead Contralateral Curtsy Lunge,Pierna,2,fuerza_hipertrofia
Avanzado,Peso libre,Fuerza / hipertrofia,Principal avanzado,Quadriceps,Knee Dominant,Bodybuilding,Sin dato,Single Arm Kettlebell Bottoms Up Overhead Contralateral Curtsy Lunge,Pierna,2,fuerza_hipertrofia
Intermedio,Peso libre,Fuerza / hipertrofia,Principal,Quadriceps,Knee Dominant,Bodybuilding,Sin dato,Single Arm Kettlebell Bottoms Up Front Rack Contralateral Curtsy Lunge,Pierna,2,fuerza_hipertrofia
Principiante,Peso libre,Fuerza / hipertrofia,Principal,Quadriceps,Knee Dominant,Bodybuilding,https://youtu.be/ORgVFXTysI8?si=F2L2x6t0lsu7RXmy,Double Dumbbell Front Rack Curtsy Lunge,Pierna,2,fuerza_hipertrofia
Principiante,Peso libre,Fuerza / hipertrofia,Principal,Quadriceps,Knee Dominant,Bodybuilding,https://youtu.be/tKQAKx25kyk?si=CVIu5jUCBGlS-CU4,Double Dumbbell Suitcase Curtsy Lunge,Pierna,2,fuerza_hipertrofia
Intermedio,Peso libre,Fuerza / hipertrofia,Principal,Quadriceps,Knee Dominant,Bodybuilding,Sin dato,Double Dumbbell Overhead Curtsy Lunge,Pierna,2,fuerza_hipertrofia
Principiante,Peso libre,Fuerza / hipertrofia,Principal,Quadriceps,Knee Dominant,Bodybuilding,https://youtu.be/6-K9hgU8YUI?si=eubdVXn2jNhff_kr,Single Arm Dumbbell Front Rack Contralateral Curtsy Lunge,Pierna,2,fuerza_hipertrofia
Principiante,Peso libre,Fuerza / hipertrofia,Principal,Quadriceps,Knee Dominant,Bodybuilding,https://youtu.be/XSvx131FZ_s?feature=shared,Single Arm Dumbbell Suitcase Contralateral Curtsy Lunge,Pierna,2,fuerza_hipertrofia
Intermedio,Peso libre,Fuerza / hipertrofia,Principal,Quadriceps,Knee Dominant,Bodybuilding,Sin dato,Single Arm Dumbbell Overhead Contralateral Curtsy Lunge,Pierna,2,fuerza_hipertrofia
Principiante,Peso libre,Fuerza / hipertrofia,Principal,Quadriceps,Knee Dominant,Bodybuilding,https://youtu.be/sMUQOGVrmQM?si=shRczfTH98OihNfr,Dumbbell Goblet Curtsy Lunge,Pierna,2,fuerza_hipertrofia
Principiante,Peso libre,Fuerza / hipertrofia,Principal,Quadriceps,Knee Dominant,Bodybuilding,https://youtu.be/sb9anlSqH6w?feature=shared,Kettlebell Horn Grip Curtsy Lunge,Pierna,2,fuerza_hipertrofia
Principiante,Peso libre,Fuerza / hipertrofia,Principal,Quadriceps,Knee Dominant,Bodybuilding,https://youtu.be/863JuZlLiA4?si=Zj6W2E1ana1MwTBv,Kettlebell Goblet Curtsy Lunge,Pierna,2,fuerza_hipertrofia
Principiante,Peso libre,Fuerza / hipertrofia,Principal,Quadriceps,Knee Dominant,Bodybuilding,Sin dato,Clubbell Order Curtsy Lunge,Pierna,2,fuerza_hipertrofia
Principiante,Peso libre,Fuerza / hipertrofia,Principal,Quadriceps,Knee Dominant,Bodybuilding,Sin dato,Double Clubbell Order Curtsy Lunge,Pierna,2,fuerza_hipertrofia
Principiante,Peso libre,Fuerza / hipertrofia,Principal,Quadriceps,Knee Dominant,Bodybuilding,Sin dato,Single Arm Clubbell Order Contralateral Curtsy Lunge,Pierna,2,fuerza_hipertrofia
Principiante,Peso libre,Fuerza / hipertrofia,Principal,Quadriceps,Knee Dominant,Bodybuilding,Sin dato,Macebell Order Curtsy Lunge,Pierna,2,fuerza_hipertrofia
Principiante,Sin equipo,Fuerza / hipertrofia,Principal,Quadriceps,Knee Dominant,Calisthenics,https://youtu.be/cXHnXTR79Kw?si=HidnQgZQ02ZN6GNc,Bodyweight Curtsy Lunge,Pierna,5,fuerza_hipertrofia
Intermedio,Peso libre,Fuerza / hipertrofia,Principal,Quadriceps,Knee Dominant,Bodybuilding,https://youtu.be/fdt3gkMNv0Y?si=Wmdlb79kZmS0oZof,Plate Overhead Curtsy Lunge,Pierna,2,fuerza_hipertrofia
Principiante,Peso libre,Fuerza / hipertrofia,Principal,Quadriceps,Knee Dominant,Bodybuilding,https://youtu.be/2DiU1YRLDQE?si=klXwkCZb6RsZjZl5,Sandbag Front Rack Curtsy Lunge,Pierna,2,fuerza_hipertrofia
Principiante,Peso libre,Fuerza / hipertrofia,Principal,Quadriceps,Knee Dominant,Bodybuilding,Sin dato,Sandbag Back Rack Curtsy Lunge,Pierna,2,fuerza_hipertrofia
Principiante,Peso libre,Fuerza / hipertrofia,Principal,Quadriceps,Knee Dominant,Bodybuilding,https://youtu.be/dwL1uWmadTI?si=6anEQDI0eEoOuB0Q,Single Arm Kettlebell Front Rack Ipsilateral Curtsy Lunge,Pierna,2,fuerza_hipertrofia
Principiante,Peso libre,Fuerza / hipertrofia,Principal,Quadriceps,Knee Dominant,Bodybuilding,Sin dato,Single Arm Kettlebell Suitcase Ipsilateral Curtsy Lunge,Pierna,2,fuerza_hipertrofia
Intermedio,Peso libre,Fuerza / hipertrofia,Principal,Quadriceps,Knee Dominant,Bodybuilding,Sin dato,Single Arm Kettlebell Overhead Ipsilateral Curtsy Lunge,Pierna,2,fuerza_hipertrofia
Avanzado,Peso libre,Fuerza / hipertrofia,Principal avanzado,Quadriceps,Knee Dominant,Bodybuilding,Sin dato,Single Arm Kettlebell Bottoms Up Overhead Ipsilateral Curtsy Lunge,Pierna,2,fuerza_hipertrofia
Intermedio,Peso libre,Fuerza / hipertrofia,Principal,Quadriceps,Knee Dominant,Bodybuilding,Sin dato,Single Arm Kettlebell Bottoms Up Front Rack Ipsilateral Curtsy Lunge,Pierna,2,fuerza_hipertrofia
Principiante,Peso libre,Fuerza / hipertrofia,Principal,Quadriceps,Knee Dominant,Bodybuilding,https://youtu.be/yswpCMZ98OI?si=xOcXSLCrJIH3odmK,Single Arm Dumbbell Front Rack Ipsilateral Curtsy Lunge,Pierna,2,fuerza_hipertrofia
Principiante,Peso libre,Fuerza / hipertrofia,Principal,Quadriceps,Knee Dominant,Bodybuilding,Sin dato,Single Arm Dumbbell Suitcase Ipsilateral Curtsy Lunge,Pierna,2,fuerza_hipertrofia
Intermedio,Peso libre,Fuerza / hipertrofia,Principal,Quadriceps,Knee Dominant,Bodybuilding,Sin dato,Single Arm Dumbbell Overhead Ipsilateral Curtsy Lunge,Pierna,2,fuerza_hipertrofia
Principiante,Peso libre,Fuerza / hipertrofia,Principal,Quadriceps,Knee Dominant,Bodybuilding,Sin dato,Single Arm Clubbell Order Ipsilateral Curtsy Lunge,Pierna,2,fuerza_hipertrofia
Avanzado,Calistenia / barras,Fuerza / hipertrofia,Principal avanzado,Back,Vertical Pull,Calisthenics,https://youtu.be/aFrdGmSHqFI?si=RfqnoOy6-Ppa73et,Ring Archer Pull Up,Jalón,5,fuerza_hipertrofia
Avanzado,Peso libre,Fuerza / hipertrofia,Principal avanzado,Biceps,Elbow Flexion,Bodybuilding,Sin dato,Barbell Single Leg Bent Knee Bicep Curl,Jalón,-3,fuerza_hipertrofia
Avanzado,Sin equipo,Movilidad / estabilidad,Principal avanzado,Shoulders,Isometric Hold,Calisthenics,https://youtu.be/E2s-D009x6E,Bodyweight Freestanding Handstand,Empuje,3,movilidad_estabilidad
Avanzado,Sin equipo,Fuerza / hipertrofia,Principal avanzado,Shoulders,Vertical Push,Calisthenics,https://youtu.be/VVan0yoinV8,Bodyweight Wall Eccentric Straddle Press Handstand,Empuje,5,fuerza_hipertrofia
Principiante,Peso libre,Core / estabilidad,Principal,Abdominals,Loaded Carry,Sin clasificar,https://youtu.be/LcF_derN9KA?si=U_Cqiq6zxtQlpRhf,Kettlebell Horn Grip Carry,Core,3,core_estabilidad
Principiante,Peso libre,Core / estabilidad,Principal,Abdominals,Loaded Carry,Sin clasificar,Sin dato,Kettlebell Goblet Carry,Core,3,core_estabilidad
Principiante,Peso libre,Core / estabilidad,Principal,Abdominals,Loaded Carry,Sin clasificar,https://youtu.be/qa-CYBhvSDA?si=qbgdCK6xq_Ftfez0,Dumbbell Goblet Carry,Core,3,core_estabilidad
Avanzado,Calistenia / barras,Fuerza / hipertrofia,Principal avanzado,Back,Horizontal Pull,Calisthenics,Sin dato,Single Arm Ring Feet Elevated Row,Jalón,5,fuerza_hipertrofia
Intermedio,Peso libre,Condicion fisica / potencia,Tecnica,Glutes,Hip Hinge,Ballistics,https://youtu.be/7KN_RrCS_EU?si=seR_4LNmjEtTdXfj,Double Kettlebell Dead Snatch,Pierna,8,potencia_funcional
Intermedio,Peso libre,Condicion fisica / potencia,Tecnica,Glutes,Hip Hinge,Ballistics,Sin dato,Single Arm Kettlebell Dead Half Snatch,Pierna,8,potencia_funcional
Intermedio,Peso libre,Condicion fisica / potencia,Tecnica,Glutes,Hip Hinge,Ballistics,Sin dato,Alternating Single Arm Kettlebell Dead Half Snatch,Pierna,8,potencia_funcional
Intermedio,Peso libre,Condicion fisica / potencia,Tecnica,Glutes,Hip Hinge,Ballistics,https://youtu.be/GwxzBGhm6ac?si=vrTFU3w6T1NGn8DM,Alternating Single Arm Kettlebell Start Stop Snatch,Pierna,8,potencia_funcional
Intermedio,Peso libre,Condicion fisica / potencia,Tecnica,Glutes,Hip Hinge,Ballistics,https://youtu.be/BpwgvVjQXiw?si=SPwizx5lirRdfFmX,Single Arm Kettlebell Start Stop Snatch,Pierna,8,potencia_funcional
Intermedio,Peso libre,Condicion fisica / potencia,Tecnica,Glutes,Hip Hinge,Ballistics,Sin dato,Double Kettlebell Start Stop Snatch,Pierna,8,potencia_funcional
Principiante,Peso libre,Condicion fisica / potencia,Tecnica,Glutes,Hip Hinge,Ballistics,https://youtu.be/djCYBs70KLE?si=JiYJei8Eqv-UiCG7,Single Arm Kettlebell Start Stop Swing,Pierna,8,potencia_funcional
Principiante,Peso libre,Condicion fisica / potencia,Tecnica,Glutes,Hip Hinge,Ballistics,https://youtu.be/3Xhy3dz61to?si=8lmx3c2FvDHq6Zy5,Alternating Single Arm Kettlebell Start Stop Swing,Pierna,8,potencia_funcional
Principiante,Peso libre,Condicion fisica / potencia,Tecnica,Glutes,Hip Hinge,Ballistics,https://youtu.be/sS-bxWAoPWk?si=zgyeJNYUfOuTOFyj,Double Kettlebell Start Stop Swing,Pierna,8,potencia_funcional
Avanzado,Calistenia / barras,Fuerza / hipertrofia,Principal avanzado,Back,Vertical Pull,Calisthenics,https://youtu.be/Aa9U0XNNBfU,Ring L Sit Pull Up,Jalón,0,fuerza_hipertrofia
Intermedio,Calistenia / barras,Condicion fisica / potencia,Tecnica,Abductors,Sin clasificar,Plyometric,https://youtu.be/Y8Wn_vTZFFg?si=AtpqJfd4OVnOo7ZO,Suspension Skater Jump,Condición,6,potencia_funcional
Intermedio,Peso libre,Condicion fisica / potencia,Tecnica,Glutes,Hip Hinge,Ballistics,https://youtu.be/SaBcgeWdynY?si=VUGBebh0ht8z7ISy,Double Kettlebell Start Stop Clean,Pierna,8,potencia_funcional
Intermedio,Peso libre,Condicion fisica / potencia,Tecnica,Glutes,Hip Hinge,Ballistics,https://youtu.be/SLm1ou6-SLM?feature=shared,Single Arm Kettlebell Start Stop Clean,Pierna,8,potencia_funcional
Intermedio,Peso libre,Condicion fisica / potencia,Tecnica,Glutes,Hip Hinge,Ballistics,https://youtu.be/_OtZfks5rfU?si=iwf-Hc6P6vZ3ke6I,Alternating Single Arm Kettlebell Start Stop Clean,Pierna,8,potencia_funcional
Intermedio,Peso libre,Core / estabilidad,Principal,Abdominals,Rotational,Sin clasificar,Sin dato,Clubbell Staggered Stance Rotational Swing,Core,3,core_estabilidad
Intermedio,Peso libre,Core / estabilidad,Principal,Abdominals,Rotational,Sin clasificar,Sin dato,Clubbell Staggered Stance Rotational Clean,Core,3,core_estabilidad
Avanzado,Peso libre,Condicion fisica / potencia,Principal avanzado,Quadriceps,Rotational,Sin clasificar,Sin dato,Clubbell Staggered Stance Rotational Clean to Forward Lunge,Pierna,5,potencia_funcional
Avanzado,Calistenia / barras,Fuerza / hipertrofia,Principal avanzado,Back,Vertical Pull,Calisthenics,https://youtu.be/Xk0GovwG8Go,Ring Bulgarian Pull Up,Jalón,5,fuerza_hipertrofia
Avanzado,Calistenia / barras,Fuerza / hipertrofia,Principal avanzado,Back,Vertical Pull,Calisthenics,https://youtu.be/3U86aaJuyRs,Ring Bulgarian L Sit Pull Up,Jalón,0,fuerza_hipertrofia
Avanzado,Otro equipo,Condicion fisica / potencia,Principal avanzado,Shoulders,Vertical Push,Sin clasificar,https://youtu.be/RzeAb6wnMsk?si=aedjaQmoWjF7IB75,Single Arm Landmine Split Snatch,Empuje,5,potencia_funcional
Intermedio,Peso libre,Condicion fisica / potencia,Tecnica,Glutes,Hip Hinge,Ballistics,https://youtu.be/_1Tp01g9ciU?si=NTgkT4x59EZyPH9T,Double Dumbbell Hang Power Clean,Pierna,8,potencia_funcional
Avanzado,Peso libre,Fuerza / hipertrofia,Principal avanzado,Biceps,Elbow Flexion,Bodybuilding,https://youtu.be/NQ53MadCtW0,Single Arm Barbell Bicep Curl,Jalón,-3,fuerza_hipertrofia
Avanzado,Calistenia / barras,Fuerza / hipertrofia,Principal avanzado,Back,Vertical Pull,Calisthenics,https://youtu.be/7zn_K1omwQs,Ring False Grip Pull Up,Jalón,5,fuerza_hipertrofia
Principiante,Accesorios funcionales,Fuerza / hipertrofia,Principal,Quadriceps,Knee Dominant,Bodybuilding,Sin dato,Slider Kettlebell Goblet Lateral Lunge,Pierna,2,fuerza_hipertrofia
Avanzado,Calistenia / barras,Fuerza / hipertrofia,Principal avanzado,Shoulders,Vertical Push,Calisthenics,https://youtu.be/T7F6-FEmvrs,Ring Feet Elevated Pike Push Up,Empuje,5,fuerza_hipertrofia
Avanzado,Otro equipo,Condicion fisica / potencia,Principal avanzado,Quadriceps,Knee Dominant,Sin clasificar,https://youtu.be/tDKju5qmxOM?si=j82cBg7j8A8GUsiV,Single Arm Landmine Split Clean,Pierna,5,potencia_funcional
Intermedio,Peso libre,Condicion fisica / potencia,Tecnica,Quadriceps,Knee Dominant,Ballistics,https://youtu.be/SYxObzJ3gn0?si=MxNFujZbMP9ff4gw,Double Dumbbell Squat Clean,Pierna,8,potencia_funcional
Intermedio,Peso libre,Condicion fisica / potencia,Tecnica,Quadriceps,Knee Dominant,Ballistics,https://youtu.be/lYo3ofjjUKI?si=6bwkgshNWDvWIlQc,Double Dumbbell Hang Squat Clean,Pierna,8,potencia_funcional
Avanzado,Otro equipo,Condicion fisica / potencia,Principal avanzado,Shoulders,Vertical Push,Sin clasificar,https://youtu.be/J4MJUcilrmo?si=4cbvgzB0vHx2Gb3e,Single Arm Landmine Split Jerk,Empuje,5,potencia_funcional
Avanzado,Peso libre,Condicion fisica / potencia,Tecnica,Quadriceps,Knee Dominant,Ballistics,Sin dato,Single Arm Kettlebell Ipsilateral Forward Lunge Snatch,Pierna,8,potencia_funcional
Intermedio,Peso libre,Condicion fisica / potencia,Tecnica,Abdominals,Rotational,Ballistics,https://youtu.be/8gLU9bNm4TE?si=4FnpId_WJCijmDqW,Clubbell Hammer Swing,Core,8,potencia_funcional
Intermedio,Peso libre,Condicion fisica / potencia,Tecnica,Abdominals,Rotational,Ballistics,Sin dato,Single Arm Clubbell Hammer Swing,Core,8,potencia_funcional
Intermedio,Peso libre,Condicion fisica / potencia,Tecnica,Abdominals,Rotational,Ballistics,Sin dato,Double Clubbell Hammer Swing,Core,8,potencia_funcional
Avanzado,Calistenia / barras,Movilidad / estabilidad,Principal avanzado,Abdominals,Isometric Hold,Calisthenics,https://youtu.be/DB63aMHSfX8,Ring Tuck Back Lever with Alternating Single Leg Extensions,Core,0,movilidad_estabilidad
Avanzado,Calistenia / barras,Movilidad / estabilidad,Principal avanzado,Abdominals,Isometric Hold,Calisthenics,https://youtu.be/iK78Q6NwH-Q,Ring Tuck Front Lever with Alternating Single Leg Extensions,Core,0,movilidad_estabilidad
Avanzado,Peso libre,Condicion fisica / potencia,Tecnica,Glutes,Hip Hinge,Olympic Weightlifting,https://youtu.be/a5CR3Bi2Gc8?si=fy5lJhtOGwem51y_,Barbell Split Clean,Pierna,5,potencia_funcional
Intermedio,Peso libre,Condicion fisica / potencia,Tecnica,Quadriceps,Knee Dominant,Ballistics,https://youtu.be/ILaWpcO0NdQ?si=wZ59jqUF1LZLoldu,Double Dumbbell Hang Split Clean,Pierna,8,potencia_funcional
Avanzado,Calistenia / barras,Fuerza / hipertrofia,Principal avanzado,Chest,Horizontal Push,Calisthenics,https://youtu.be/Go96FtKDQIA,Ring Archer Push Up,Empuje,5,fuerza_hipertrofia
Principiante,Otro equipo,Core / estabilidad,Principal,Abdominals,Rotational,Sin clasificar,https://youtu.be/OE8VmAtG3iw?feature=shared,Wall Ball Half Kneeling Lateral Toss,Core,3,core_estabilidad
Intermedio,Otro equipo,Core / estabilidad,Principal,Abdominals,Rotational,Sin clasificar,https://youtu.be/vEI0fyG4150?si=H1RJwNd1aUDk0Xh7,Wall Ball Isometric Split Squat Lateral Toss,Core,3,core_estabilidad
Avanzado,Otro equipo,Fuerza / hipertrofia,Principal avanzado,Back,Vertical Pull,Calisthenics,https://youtu.be/tkhmiyJiZ2E,Superband Assisted Bar Muscle Up,Jalón,5,fuerza_hipertrofia
Avanzado,Otro equipo,Fuerza / hipertrofia,Principal avanzado,Chest,Horizontal Push,Calisthenics,https://youtu.be/VmLIr9_YfAs?si=auhUGS9WeZfuzEj-,Parallette Push Up to L Sit,Empuje,0,fuerza_hipertrofia
Avanzado,Peso libre,Fuerza / hipertrofia,Principal avanzado,Shoulders,Rotational,Grinds,Sin dato,Single Arm Barbell Bent Press,Empuje,3,fuerza_hipertrofia
Avanzado,Peso libre,Fuerza / hipertrofia,Principal avanzado,Shoulders,Vertical Push,Bodybuilding,Sin dato,Single Arm Kettlebell Bottoms Up Sots Press,Empuje,2,fuerza_hipertrofia
Avanzado,Peso libre,Fuerza / hipertrofia,Principal avanzado,Shoulders,Vertical Push,Bodybuilding,Sin dato,Double Kettlebell Bottoms Up Sots Press,Empuje,2,fuerza_hipertrofia
Avanzado,Peso libre,Fuerza / hipertrofia,Principal avanzado,Shoulders,Vertical Push,Bodybuilding,Sin dato,Alternating Double Kettlebell Bottoms Up Sots Press,Empuje,2,fuerza_hipertrofia
Avanzado,Peso libre,Fuerza / hipertrofia,Principal avanzado,Shoulders,Vertical Push,Bodybuilding,Sin dato,Double Kettlebell Bottoms Up Seesaw Sots Press,Empuje,2,fuerza_hipertrofia
Intermedio,Peso libre,Condicion fisica / potencia,Tecnica,Glutes,Hip Hinge,Ballistics,Sin dato,Single Arm Kettlebell Half Kneeling Half Snatch,Pierna,8,potencia_funcional
Avanzado,Calistenia / barras,Fuerza / hipertrofia,Principal avanzado,Chest,Horizontal Push,Calisthenics,Sin dato,Ring Alternating Reach Push Up,Empuje,5,fuerza_hipertrofia
Intermedio,Peso libre,Condicion fisica / potencia,Tecnica,Glutes,Hip Hinge,Ballistics,Sin dato,Double Kettlebell Outside Snatch,Pierna,8,potencia_funcional
Intermedio,Peso libre,Condicion fisica / potencia,Tecnica,Glutes,Hip Hinge,Ballistics,Sin dato,Single Arm Kettlebell Outside Half Snatch,Pierna,8,potencia_funcional
Intermedio,Peso libre,Condicion fisica / potencia,Tecnica,Glutes,Hip Hinge,Ballistics,Sin dato,Single Arm Kettlebell Outside Snatch,Pierna,8,potencia_funcional
Avanzado,Calistenia / barras,Fuerza / hipertrofia,Principal avanzado,Triceps,Vertical Push,Calisthenics,https://youtu.be/zMJpC7y-6SE,Ring L Sit Dips,Empuje,0,fuerza_hipertrofia
Avanzado,Peso libre,Movilidad / estabilidad,Calentamiento,Shoulders,Vertical Push,Balance,Sin dato,Double Kettlebell Bottoms Up Single Leg Standing Bent Knee Overhead Press,Empuje,4,movilidad_estabilidad
Avanzado,Peso libre,Movilidad / estabilidad,Calentamiento,Shoulders,Vertical Push,Balance,https://youtu.be/8sJtCQgvc4Y?si=DkWjEgV5brDYcPXM,Single Arm Kettlebell Bottoms Up Single Leg Standing Bent Knee Contralateral Overhead Press,Empuje,4,movilidad_estabilidad
Avanzado,Calistenia / barras,Fuerza / hipertrofia,Principal avanzado,Biceps,Vertical Pull,Calisthenics,https://youtu.be/cBuy7xDJZN0,Single Ring Chin Up,Jalón,5,fuerza_hipertrofia
Avanzado,Calistenia / barras,Movilidad / estabilidad,Calentamiento,Back,Horizontal Pull,Balance,Sin dato,Single Arm Suspension Single Leg Standing Bent Knee Contralateral Low Row,Jalón,4,movilidad_estabilidad
Avanzado,Calistenia / barras,Movilidad / estabilidad,Calentamiento,Back,Horizontal Pull,Balance,Sin dato,Single Arm Suspension Single Leg Standing Bent Knee Ipsilateral Low Row,Jalón,4,movilidad_estabilidad
Avanzado,Calistenia / barras,Movilidad / estabilidad,Calentamiento,Biceps,Elbow Flexion,Balance,Sin dato,Single Arm Suspension Single Leg Standing Bent Knee Contralateral Bicep Curl,Jalón,-1,movilidad_estabilidad
Avanzado,Calistenia / barras,Movilidad / estabilidad,Calentamiento,Biceps,Elbow Flexion,Balance,Sin dato,Single Arm Suspension Single Leg Standing Bent Knee Ipsilateral Bicep Curl,Jalón,-1,movilidad_estabilidad
Avanzado,Calistenia / barras,Fuerza / hipertrofia,Principal avanzado,Biceps,Vertical Pull,Calisthenics,https://youtu.be/SnBGaBxK3T0,Ring L Sit Chin Up,Jalón,0,fuerza_hipertrofia
Avanzado,Calistenia / barras,Fuerza / hipertrofia,Principal avanzado,Biceps,Vertical Pull,Calisthenics,https://youtu.be/Ha9sM7H6Prk,Single Ring L Sit Chin Up,Jalón,0,fuerza_hipertrofia
Avanzado,Peso libre,Movilidad / estabilidad,Calentamiento,Shoulders,Vertical Push,Balance,Sin dato,Single Arm Kettlebell Bottoms Up Single Leg Standing Bent Knee Ipsilateral Overhead Press,Empuje,4,movilidad_estabilidad
Avanzado,Calistenia / barras,Fuerza / hipertrofia,Principal avanzado,Biceps,Elbow Flexion,Calisthenics,https://youtu.be/GCU9MgR78go?si=9_MfbrIFqCoJ9wnJ,Ring Pelican Curl,Jalón,0,fuerza_hipertrofia
Avanzado,Calistenia / barras,Fuerza / hipertrofia,Principal avanzado,Biceps,Vertical Pull,Calisthenics,Sin dato,Ring Two Finger Chin Up,Jalón,5,fuerza_hipertrofia
Avanzado,Sin equipo,Fuerza / hipertrofia,Principal avanzado,Chest,Horizontal Push,Calisthenics,https://youtu.be/lpZUsYQVwuE,Bodyweight Pseudo Planche Push Up,Empuje,5,fuerza_hipertrofia
Avanzado,Otro equipo,Fuerza / hipertrofia,Principal avanzado,Chest,Horizontal Push,Calisthenics,https://youtu.be/YDO8UmA9lr8,Parallette Pseudo Planche Push Up,Empuje,5,fuerza_hipertrofia
Avanzado,Otro equipo,Fuerza / hipertrofia,Principal avanzado,Triceps,Horizontal Push,Calisthenics,Sin dato,Parallette Single Leg Close Grip Push Up,Empuje,5,fuerza_hipertrofia
Avanzado,Peso libre,Movilidad / estabilidad,Calentamiento,Shoulders,Rotational,Balance,Sin dato,Single Arm Macebell Single Leg Standing Bent Knee Contralateral 360,Empuje,4,movilidad_estabilidad
Avanzado,Peso libre,Condicion fisica / potencia,Tecnica,Shoulders,Rotational,Ballistics,Sin dato,Macebell Inside Circle to 360,Empuje,8,potencia_funcional
Avanzado,Otro equipo,Movilidad / estabilidad,Calentamiento,Shoulders,Vertical Push,Balance,Sin dato,Single Arm Landmine Single Leg Standing Bent Knee Ipsilateral Shoulder Press,Empuje,4,movilidad_estabilidad
Avanzado,Otro equipo,Movilidad / estabilidad,Calentamiento,Shoulders,Vertical Push,Balance,Sin dato,Single Arm Landmine Single Leg Standing Bent Knee Contralateral Shoulder Press,Empuje,4,movilidad_estabilidad
Avanzado,Otro equipo,Movilidad / estabilidad,Calentamiento,Shoulders,Vertical Push,Balance,Sin dato,Alternating Single Arm Landmine Single Leg Standing Bent Knee Shoulder Press,Empuje,4,movilidad_estabilidad
Avanzado,Peso libre,Condicion fisica / potencia,Tecnica,Shoulders,Rotational,Ballistics,https://youtu.be/zbJBaxCypSQ?si=93h4TqDxZreFns6w,Macebell Alternating 360 to Pivot Split Squat Uppercut,Empuje,8,potencia_funcional
Avanzado,Peso libre,Fuerza / hipertrofia,Principal avanzado,Shoulders,Shoulder Abduction,Sin clasificar,Sin dato,Double Clubbell Single Leg Standing Bent Knee Side Shoulder Cast to Side Flag Press,Empuje,1,fuerza_hipertrofia
Avanzado,Peso libre,Condicion fisica / potencia,Tecnica,Shoulders,Rotational,Ballistics,Sin dato,Macebell Alternating 360 to Front Flag Press,Empuje,8,potencia_funcional
Avanzado,Otro equipo,Movilidad / estabilidad,Calentamiento,Shoulders,Sin clasificar,Mobility,Sin dato,Double Indian Club Crescent Swing,Empuje,2,movilidad_estabilidad
Avanzado,Peso libre,Condicion fisica / potencia,Tecnica,Shoulders,Rotational,Ballistics,Sin dato,Single Arm Macebell Inside Circle to 360,Empuje,8,potencia_funcional
Avanzado,Otro equipo,Fuerza / hipertrofia,Principal avanzado,Shoulders,Rotational,Sin clasificar,https://youtu.be/PbysPTU69fc?si=8cDk2dXzGqWm8BiX,Bulgarian Bag Spin,Empuje,3,fuerza_hipertrofia
Avanzado,Otro equipo,Fuerza / hipertrofia,Principal avanzado,Shoulders,Rotational,Sin clasificar,https://youtu.be/m3pCByzR5Is?si=d4rUJA6uUKzAub51,Bulgarian Bag Alternating Spin,Empuje,3,fuerza_hipertrofia
Avanzado,Peso libre,Fuerza / hipertrofia,Principal avanzado,Back,Horizontal Pull,Bodybuilding,https://youtu.be/_eVC54UW6eE?si=6tC__RV3slyYwUuP,Double Kettlebell Feet Elevated Renegade Row,Jalón,2,fuerza_hipertrofia
Avanzado,Peso libre,Fuerza / hipertrofia,Principal avanzado,Back,Horizontal Pull,Bodybuilding,https://youtu.be/9hZ1mWk3-gA?si=Tko55A45WxNaGz27,Double Kettlebell Feet Elevated Renegade Row to Push Up,Jalón,2,fuerza_hipertrofia
Avanzado,Peso libre,Condicion fisica / potencia,Tecnica,Quadriceps,Hip Hinge,Ballistics,Sin dato,Single Arm Kettlebell Snatch to Overhead Squat,Pierna,8,potencia_funcional
Avanzado,Peso libre,Fuerza / hipertrofia,Principal avanzado,Quadriceps,Knee Dominant,Bodybuilding,https://youtu.be/eLcNzP40LXQ?si=NCe5LCfcGAS-20f4,Barbell Zercher Alternating Reverse Lunge,Pierna,2,fuerza_hipertrofia
Avanzado,Peso libre,Fuerza / hipertrofia,Principal avanzado,Quadriceps,Knee Dominant,Bodybuilding,https://youtu.be/BGrdZtL5kqA?si=OVCBqhib32tJ12QT,Barbell Zercher Alternating Forward Lunge,Pierna,2,fuerza_hipertrofia
Avanzado,Peso libre,Fuerza / hipertrofia,Principal avanzado,Quadriceps,Knee Dominant,Bodybuilding,https://youtu.be/E9f1yZXR3Vk?si=dWF4gSXuKpukJ-1Q,Barbell Zercher Walking Lunge,Pierna,2,fuerza_hipertrofia
Avanzado,Peso libre,Fuerza / hipertrofia,Principal avanzado,Quadriceps,Knee Dominant,Bodybuilding,Sin dato,Barbell Zercher Alternating Lateral Lunge,Pierna,2,fuerza_hipertrofia
Avanzado,Accesorios funcionales,Fuerza / hipertrofia,Principal avanzado,Quadriceps,Knee Dominant,Bodybuilding,Sin dato,Slider Barbell Zercher Lateral Lunge,Pierna,2,fuerza_hipertrofia
Avanzado,Accesorios funcionales,Fuerza / hipertrofia,Principal avanzado,Quadriceps,Knee Dominant,Bodybuilding,Sin dato,Slider Barbell Zercher Reverse Lunge,Pierna,2,fuerza_hipertrofia
Avanzado,Calistenia / barras,Fuerza / hipertrofia,Principal avanzado,Biceps,Elbow Flexion,Sin clasificar,Sin dato,Suspension Pelican Curl,Jalón,-2,fuerza_hipertrofia
Avanzado,Calistenia / barras,Fuerza / hipertrofia,Principal avanzado,Back,Vertical Pull,Calisthenics,https://youtu.be/ziQjz1-DmX8?si=8Y9dWdjG-9LfdUJv,Bar Archer Pull Up,Jalón,5,fuerza_hipertrofia
Avanzado,Calistenia / barras,Fuerza / hipertrofia,Principal avanzado,Back,Vertical Pull,Calisthenics,Sin dato,Bar False Grip Pull Up,Jalón,5,fuerza_hipertrofia
Avanzado,Calistenia / barras,Fuerza / hipertrofia,Principal avanzado,Biceps,Vertical Pull,Calisthenics,https://youtu.be/7Wd45lzZhQk?si=WbC5VTiJ33pRjzDJ,Bar L Sit Chin Up,Jalón,0,fuerza_hipertrofia
Avanzado,Calistenia / barras,Fuerza / hipertrofia,Principal avanzado,Back,Vertical Pull,Calisthenics,https://youtu.be/QH0dDfyF7QM?si=W4RMoCz0b-U3zq7d,Bar L Sit Pull Up,Jalón,0,fuerza_hipertrofia
Avanzado,Calistenia / barras,Movilidad / estabilidad,Principal avanzado,Abdominals,Isometric Hold,Calisthenics,Sin dato,Bar Tuck Back Lever with Alternating Single Leg Extensions,Core,0,movilidad_estabilidad
Avanzado,Calistenia / barras,Movilidad / estabilidad,Principal avanzado,Abdominals,Isometric Hold,Calisthenics,Sin dato,Bar Tuck Front Lever with Alternating Single Leg Extensions,Core,0,movilidad_estabilidad
Avanzado,Peso libre,Fuerza / hipertrofia,Tecnica,Shoulders,Vertical Push,Olympic Weightlifting,Sin dato,Barbell Squat Clean to Push Press,Empuje,3,fuerza_hipertrofia
Avanzado,Peso libre,Fuerza / hipertrofia,Tecnica,Shoulders,Vertical Push,Olympic Weightlifting,Sin dato,Barbell Squat Clean to Overhead Press,Empuje,3,fuerza_hipertrofia
Avanzado,Peso libre,Fuerza / hipertrofia,Tecnica,Quadriceps,Knee Dominant,Olympic Weightlifting,https://youtu.be/IJbop150-bY?si=9X5umbrrhrvCZkT0,Barbell Power Clean to Front Rack Squat,Pierna,3,fuerza_hipertrofia
Avanzado,Peso libre,Fuerza / hipertrofia,Tecnica,Quadriceps,Knee Dominant,Olympic Weightlifting,Sin dato,Barbell Hang Power Clean to Front Rack Squat,Pierna,3,fuerza_hipertrofia
Avanzado,Peso libre,Fuerza / hipertrofia,Tecnica,Shoulders,Vertical Push,Olympic Weightlifting,https://youtu.be/47WVg_XVE8I?si=4PkmY9S8bnXLI6A5,Barbell Hang Power Clean to Split Jerk,Empuje,3,fuerza_hipertrofia
Avanzado,Peso libre,Fuerza / hipertrofia,Tecnica,Shoulders,Vertical Push,Olympic Weightlifting,https://youtu.be/8IYt7AtP8BI?si=Mc82QusXSQLbFS6b,Barbell Hang Power Clean to Push Jerk,Empuje,3,fuerza_hipertrofia
Avanzado,Peso libre,Fuerza / hipertrofia,Tecnica,Shoulders,Hip Hinge,Olympic Weightlifting,https://youtu.be/50VRLZancXI?feature=shared,Barbell Hang Power Clean to Push Press,Cadera,3,fuerza_hipertrofia
Avanzado,Peso libre,Fuerza / hipertrofia,Tecnica,Shoulders,Hip Hinge,Olympic Weightlifting,Sin dato,Barbell Hang Power Clean to Overhead Press,Cadera,3,fuerza_hipertrofia
Avanzado,Peso libre,Fuerza / hipertrofia,Tecnica,Shoulders,Vertical Push,Olympic Weightlifting,https://youtu.be/ljPUr6K-it4?si=ivG82c-7_tzg3KRy,Barbell Hang Squat Clean to Split Jerk,Empuje,3,fuerza_hipertrofia
Avanzado,Peso libre,Fuerza / hipertrofia,Tecnica,Shoulders,Vertical Push,Olympic Weightlifting,https://youtu.be/KBpys4KTG5Q?si=HQyyuqWBfXWcY7wV,Barbell Hang Squat Clean to Push Jerk,Empuje,3,fuerza_hipertrofia
Avanzado,Peso libre,Fuerza / hipertrofia,Tecnica,Shoulders,Vertical Push,Olympic Weightlifting,Sin dato,Barbell Hang Squat Clean to Push Press,Empuje,3,fuerza_hipertrofia
Avanzado,Peso libre,Fuerza / hipertrofia,Tecnica,Shoulders,Vertical Push,Olympic Weightlifting,Sin dato,Barbell Hang Squat Clean to Overhead Press,Empuje,3,fuerza_hipertrofia
Intermedio,Peso libre,Condicion fisica / potencia,Tecnica,Quadriceps,Hip Hinge,Ballistics,https://youtu.be/t7vqdHxMVGY?si=BMd0xRrTYjoV5zrL,Double Kettlebell Clean to Front Rack Squat,Pierna,8,potencia_funcional
Intermedio,Peso libre,Condicion fisica / potencia,Tecnica,Shoulders,Hip Hinge,Ballistics,https://youtu.be/Xs5q4IDjTRA?si=v-B326quPWXgDphc,Double Kettlebell Clean to Push Press,Cadera,8,potencia_funcional
Intermedio,Peso libre,Condicion fisica / potencia,Tecnica,Quadriceps,Hip Hinge,Ballistics,https://youtu.be/tG3t_B6t-88?si=JcYBrgVmlHOaRvf5,Double Kettlebell Clean to Front Rack Alternating Forward Lunge,Pierna,8,potencia_funcional
Principiante,Peso libre,Fuerza / hipertrofia,Principal,Chest,Horizontal Push,Bodybuilding,https://youtu.be/AvrSSwSSPFI?si=2q2v3SuLMeByGkJK,Double Kettlebell Glute Bridge Isometric Bench Press,Empuje,2,fuerza_hipertrofia
Avanzado,Accesorios funcionales,Fuerza / hipertrofia,Principal avanzado,Chest,Horizontal Push,Sin clasificar,https://youtu.be/Pca41QxE7l4?si=HXkK4AvIOETo2UkI,Slider Archer Push Up,Empuje,3,fuerza_hipertrofia
Avanzado,Calistenia / barras,Fuerza / hipertrofia,Principal avanzado,Chest,Horizontal Push,Sin clasificar,https://youtu.be/bIdsEOkgWTM?si=5aKZj2ofWld4V-Fb,Suspension Archer Push Up,Empuje,3,fuerza_hipertrofia
Avanzado,Otro equipo,Fuerza / hipertrofia,Principal avanzado,Chest,Horizontal Push,Sin clasificar,https://youtu.be/Df4Jsk1ayk8?si=IICqh6B9ycW-xmJf,Superband Chaos Push Up,Empuje,3,fuerza_hipertrofia
Principiante,Sin equipo,Fuerza / hipertrofia,Principal,Quadriceps,Rotational,Bodybuilding,Sin dato,Bodyweight Pivot Split Squat,Pierna,2,fuerza_hipertrofia
Intermedio,Peso libre,Condicion fisica / potencia,Principal,Shoulders,Hip Hinge,Sin clasificar,https://youtu.be/2AwE60IueM0?si=6m0bhquaUgiVawPE,Single Arm Kettlebell Clean to Thruster,Cadera,5,potencia_funcional
Intermedio,Peso libre,Condicion fisica / potencia,Tecnica,Shoulders,Hip Hinge,Ballistics,https://youtu.be/s16IX5IJDt0?si=mkoHNGyJw3Pa8PoM,Single Arm Kettlebell Clean to Push Press,Cadera,8,potencia_funcional
Intermedio,Peso libre,Condicion fisica / potencia,Tecnica,Shoulders,Hip Hinge,Ballistics,https://youtu.be/Shvnso0RADI?si=bnQTaetZPmjwCpd3,Single Arm Kettlebell Clean to Push Jerk,Cadera,8,potencia_funcional
Intermedio,Peso libre,Condicion fisica / potencia,Tecnica,Quadriceps,Hip Hinge,Ballistics,Sin dato,Single Arm Kettlebell Clean to Front Rack Contralateral Forward Lunge,Pierna,8,potencia_funcional
Intermedio,Peso libre,Condicion fisica / potencia,Tecnica,Quadriceps,Hip Hinge,Ballistics,Sin dato,Single Arm Kettlebell Clean to Front Rack Squat,Pierna,8,potencia_funcional
Intermedio,Otro equipo,Fuerza / hipertrofia,Principal,Quadriceps,Rotational,Bodybuilding,https://youtu.be/zBGaxRD-_UQ?si=vN7hcMF7S4eYQB1u,Landmine Pivot Split Squat,Pierna,2,fuerza_hipertrofia
Intermedio,Peso libre,Fuerza / hipertrofia,Principal,Quadriceps,Rotational,Bodybuilding,Sin dato,Double Kettlebell Overhead Pivot Split Squat,Pierna,2,fuerza_hipertrofia
Avanzado,Peso libre,Condicion fisica / potencia,Tecnica,Quadriceps,Hip Hinge,Ballistics,Sin dato,Single Arm Kettlebell Snatch to Overhead Ipsilateral Reverse Lunge,Pierna,8,potencia_funcional
Avanzado,Peso libre,Condicion fisica / potencia,Tecnica,Quadriceps,Hip Hinge,Ballistics,Sin dato,Single Arm Kettlebell Outside Snatch to Overhead Contralateral Reverse Lunge,Pierna,8,potencia_funcional
Avanzado,Peso libre,Condicion fisica / potencia,Tecnica,Quadriceps,Hip Hinge,Ballistics,Sin dato,Single Arm Kettlebell Outside Snatch to Overhead Ipsilateral Reverse Lunge,Pierna,8,potencia_funcional
Principiante,Peso libre,Condicion fisica / potencia,Tecnica,Glutes,Hip Hinge,Ballistics,Sin dato,Alternating Single Arm Kettlebell Outside Swing,Pierna,8,potencia_funcional
Intermedio,Peso libre,Condicion fisica / potencia,Tecnica,Glutes,Hip Hinge,Ballistics,https://youtu.be/DJJ03oEDJGU?feature=shared,Kettlebell Half Kneeling Swing,Pierna,8,potencia_funcional
Intermedio,Peso libre,Movilidad / estabilidad,Calentamiento,Hip Flexors,Locomotion,Balance,Sin dato,Heavy Sandbag Shoulder March,Core,4,movilidad_estabilidad
Intermedio,Peso libre,Movilidad / estabilidad,Calentamiento,Hip Flexors,Locomotion,Balance,https://youtu.be/3Nb6pMK8__Y?si=5ew2YOh7JxivCONp,Heavy Sandbag Bear Hug March,Core,4,movilidad_estabilidad
Intermedio,Peso libre,Core / estabilidad,Principal,Abdominals,Sin clasificar,Sin clasificar,Sin dato,Heavy Sandbag Bear Hug Roll,Core,1,core_estabilidad
Intermedio,Peso libre,Condicion fisica / potencia,Principal,Glutes,Hip Hinge,Sin clasificar,Sin dato,Heavy Sandbag Alternating Hang Shoulder Clean,Pierna,5,potencia_funcional
Intermedio,Peso libre,Condicion fisica / potencia,Principal,Glutes,Hip Hinge,Sin clasificar,Sin dato,Heavy Sandbag Hang Shoulder Clean,Pierna,5,potencia_funcional
Intermedio,Peso libre,Condicion fisica / potencia,Tecnica,Quadriceps,Knee Dominant,Ballistics,Sin dato,Kettlebell Dead Clean to Horn Grip Alternating Reverse Lunge,Pierna,8,potencia_funcional
Intermedio,Peso libre,Condicion fisica / potencia,Tecnica,Glutes,Hip Hinge,Ballistics,https://youtu.be/JyElZdIB29g?si=v2iiDrMxGAq4A9rl,Kettlebell Dead Clean,Pierna,8,potencia_funcional
Intermedio,Peso libre,Condicion fisica / potencia,Tecnica,Shoulders,Vertical Push,Ballistics,https://youtu.be/NVWQauhMnRQ?si=UgmuOye7VOzX-UjA,Kettlebell Dead Clean to Overhead Press,Empuje,8,potencia_funcional
Principiante,Peso libre,Fuerza / hipertrofia,Principal,Quadriceps,Knee Dominant,Sin clasificar,Sin dato,Clubbell Barbarian Alternating Forward Lunge,Pierna,3,fuerza_hipertrofia
Principiante,Peso libre,Fuerza / hipertrofia,Principal,Quadriceps,Knee Dominant,Sin clasificar,Sin dato,Clubbell Barbarian Forward Lunge,Pierna,3,fuerza_hipertrofia
Principiante,Peso libre,Fuerza / hipertrofia,Principal,Quadriceps,Knee Dominant,Sin clasificar,Sin dato,Macebell Barbarian Alternating Forward Lunge,Pierna,3,fuerza_hipertrofia
Principiante,Peso libre,Fuerza / hipertrofia,Principal,Quadriceps,Knee Dominant,Sin clasificar,Sin dato,Macebell Barbarian Forward Lunge,Pierna,3,fuerza_hipertrofia
Intermedio,Peso libre,Fuerza / hipertrofia,Principal,Quadriceps,Knee Dominant,Bodybuilding,Sin dato,Double Dumbbell Overhead Step Up,Pierna,2,fuerza_hipertrofia
Principiante,Peso libre,Fuerza / hipertrofia,Principal,Quadriceps,Knee Dominant,Bodybuilding,https://youtu.be/KGBRsXKjWOc?si=RnQ_ABDo5MNzq0-i,Single Arm Dumbbell Front Rack Contralateral Step Up,Pierna,2,fuerza_hipertrofia
Principiante,Peso libre,Fuerza / hipertrofia,Principal,Quadriceps,Knee Dominant,Bodybuilding,Sin dato,Single Arm Dumbbell Front Rack Ipsilateral Step Up,Pierna,2,fuerza_hipertrofia
Principiante,Peso libre,Fuerza / hipertrofia,Principal,Quadriceps,Knee Dominant,Bodybuilding,Sin dato,Single Arm Macebell Order Contralateral Step Up,Pierna,2,fuerza_hipertrofia
Principiante,Peso libre,Fuerza / hipertrofia,Principal,Quadriceps,Knee Dominant,Bodybuilding,Sin dato,Single Arm Macebell Order Ipsilateral Step Up,Pierna,2,fuerza_hipertrofia
Principiante,Peso libre,Fuerza / hipertrofia,Principal,Quadriceps,Knee Dominant,Bodybuilding,Sin dato,Macebell Order Step Up,Pierna,2,fuerza_hipertrofia
Principiante,Peso libre,Fuerza / hipertrofia,Principal,Quadriceps,Knee Dominant,Bodybuilding,Sin dato,Macebell Order Alternating Step Up,Pierna,2,fuerza_hipertrofia
Avanzado,Peso libre,Fuerza / hipertrofia,Principal avanzado,Quadriceps,Knee Dominant,Bodybuilding,https://youtu.be/LAjAtHI8zwQ?feature=shared,Barbell Zercher Step Up,Pierna,2,fuerza_hipertrofia
Avanzado,Peso libre,Fuerza / hipertrofia,Principal avanzado,Quadriceps,Knee Dominant,Bodybuilding,Sin dato,Barbell Zercher Alternating Step Up,Pierna,2,fuerza_hipertrofia
Principiante,Otro equipo,Fuerza / hipertrofia,Principal,Quadriceps,Knee Dominant,Bodybuilding,Sin dato,Bulgarian Bag Back Rack Step Up,Pierna,2,fuerza_hipertrofia
Principiante,Otro equipo,Fuerza / hipertrofia,Principal,Quadriceps,Knee Dominant,Bodybuilding,Sin dato,Bulgarian Bag Back Rack Alternating Step Up,Pierna,2,fuerza_hipertrofia
Principiante,Peso libre,Fuerza / hipertrofia,Principal,Quadriceps,Knee Dominant,Bodybuilding,Sin dato,Sandbag Back Rack Step Up,Pierna,2,fuerza_hipertrofia
Principiante,Peso libre,Fuerza / hipertrofia,Principal,Quadriceps,Knee Dominant,Bodybuilding,Sin dato,Sandbag Back Rack Alternating Step Up,Pierna,2,fuerza_hipertrofia
Principiante,Peso libre,Fuerza / hipertrofia,Principal,Quadriceps,Knee Dominant,Bodybuilding,Sin dato,Sandbag Front Rack Step Up,Pierna,2,fuerza_hipertrofia
Principiante,Peso libre,Fuerza / hipertrofia,Principal,Quadriceps,Knee Dominant,Bodybuilding,Sin dato,Sandbag Front Rack Alternating Step Up,Pierna,2,fuerza_hipertrofia
Intermedio,Peso libre,Fuerza / hipertrofia,Principal,Quadriceps,Knee Dominant,Bodybuilding,Sin dato,Plate Overhead Step Up,Pierna,2,fuerza_hipertrofia
Intermedio,Peso libre,Fuerza / hipertrofia,Principal,Quadriceps,Knee Dominant,Bodybuilding,https://youtu.be/FVmLcTGmJZ0?si=EDG5LdzfEeiqin-z,Plate Overhead Alternating Step Up,Pierna,2,fuerza_hipertrofia
Principiante,Peso libre,Fuerza / hipertrofia,Principal,Quadriceps,Knee Dominant,Bodybuilding,https://youtu.be/efg-AS2o3lM?feature=shared,Double Kettlebell Front Rack Alternating Step Up,Pierna,2,fuerza_hipertrofia
Intermedio,Peso libre,Fuerza / hipertrofia,Principal,Quadriceps,Knee Dominant,Bodybuilding,Sin dato,Double Kettlebell Bottoms Up Front Rack Alternating Step Up,Pierna,2,fuerza_hipertrofia
Intermedio,Peso libre,Fuerza / hipertrofia,Principal,Quadriceps,Knee Dominant,Bodybuilding,Sin dato,Double Kettlebell Overhead Alternating Step Up,Pierna,2,fuerza_hipertrofia
Avanzado,Peso libre,Fuerza / hipertrofia,Principal avanzado,Quadriceps,Knee Dominant,Bodybuilding,Sin dato,Double Kettlebell Bottoms Up Overhead Alternating Step Up,Pierna,2,fuerza_hipertrofia
Intermedio,Calistenia / barras,Fuerza / hipertrofia,Principal,Quadriceps,Knee Dominant,Sin clasificar,Sin dato,Suspension Alternating Hawaiian Squat,Pierna,3,fuerza_hipertrofia
Principiante,Peso libre,Fuerza / hipertrofia,Principal,Quadriceps,Knee Dominant,Bodybuilding,https://youtu.be/LQOGjjbAF6w?si=YO-bbJpBtYiLPA1T,Double Kettlebell Suitcase Alternating Step Up,Pierna,2,fuerza_hipertrofia
Principiante,Peso libre,Fuerza / hipertrofia,Principal,Quadriceps,Knee Dominant,Bodybuilding,https://youtu.be/ci0s9-U1S50?si=yYac1epKRR8CESOn,Kettlebell Goblet Step Up,Pierna,2,fuerza_hipertrofia
Principiante,Peso libre,Fuerza / hipertrofia,Principal,Quadriceps,Knee Dominant,Bodybuilding,https://youtu.be/uT2473eo8Rw?si=1pxHtkIQiIW_apsw,Kettlebell Goblet Alternating Step Up,Pierna,2,fuerza_hipertrofia
Principiante,Peso libre,Fuerza / hipertrofia,Principal,Quadriceps,Knee Dominant,Bodybuilding,https://youtu.be/PLk0TE6nYag?si=vbbSLrl8kCSWEbLQ,Dumbbell Goblet Step Up,Pierna,2,fuerza_hipertrofia
Principiante,Peso libre,Fuerza / hipertrofia,Principal,Quadriceps,Knee Dominant,Bodybuilding,https://youtu.be/gcP-jawjJ0s?si=kFE3ztEzT7nJwF3I,Dumbbell Goblet Alternating Step Up,Pierna,2,fuerza_hipertrofia
Principiante,Otro equipo,Movilidad / estabilidad,Calentamiento,Quadriceps,Knee Dominant,Balance,Sin dato,Tire Russian Step Up,Pierna,4,movilidad_estabilidad
Principiante,Otro equipo,Movilidad / estabilidad,Calentamiento,Quadriceps,Knee Dominant,Balance,Sin dato,Tire Alternating Russian Step Up,Pierna,4,movilidad_estabilidad
Principiante,Peso libre,Fuerza / hipertrofia,Principal,Back,Hip Hinge,Bodybuilding,Sin dato,Dumbbell Crush Grip Seated Good Morning,Cadera,2,fuerza_hipertrofia
Avanzado,Otro equipo,Fuerza / hipertrofia,Principal avanzado,Shoulders,Vertical Push,Bodybuilding,https://youtu.be/vKxoihlGR4A?feature=shared,Trap Bar Bottoms Up Z Press,Empuje,2,fuerza_hipertrofia
Principiante,Peso libre,Fuerza / hipertrofia,Principal,Quadriceps,Knee Dominant,Bodybuilding,https://youtu.be/ciJ8vZIyapM?si=F5Cq1A6IBA0ElWWo,Kettlebell Horn Grip Step Up,Pierna,2,fuerza_hipertrofia
Principiante,Peso libre,Fuerza / hipertrofia,Principal,Quadriceps,Knee Dominant,Bodybuilding,https://youtu.be/moDnqcjmUnw?si=2L_tGgiIN_WKjnSh,Kettlebell Horn Grip Alternating Step Up,Pierna,2,fuerza_hipertrofia
Principiante,Otro equipo,Condicion fisica / potencia,Principal,Quadriceps,Knee Dominant,Sin clasificar,https://youtu.be/GHI2nT9CchQ?feature=shared,Superband Assisted Reverse Nordic,Pierna,5,potencia_funcional
Avanzado,Peso libre,Condicion fisica / potencia,Tecnica,Shoulders,Rotational,Ballistics,Sin dato,Single Arm Clubbell Mill to Reverse Mill,Empuje,8,potencia_funcional
Avanzado,Peso libre,Condicion fisica / potencia,Tecnica,Shoulders,Rotational,Ballistics,Sin dato,Single Arm Macebell Mill to Reverse Mill,Empuje,8,potencia_funcional
Avanzado,Peso libre,Condicion fisica / potencia,Tecnica,Shoulders,Rotational,Ballistics,Sin dato,Alternating Single Arm Macebell Mill,Empuje,8,potencia_funcional
Intermedio,Peso libre,Condicion fisica / potencia,Tecnica,Glutes,Hip Hinge,Ballistics,https://youtu.be/jIV6huBUy40?si=LI0qU1gmKWUNaN4X,Single Arm Dumbbell Hang Power Clean,Pierna,8,potencia_funcional
Intermedio,Peso libre,Condicion fisica / potencia,Tecnica,Glutes,Hip Hinge,Ballistics,https://youtu.be/-hApznQV1wg?feature=shared,Alternating Single Arm Dumbbell Hang Power Clean,Pierna,8,potencia_funcional
Principiante,Peso libre,Movilidad / estabilidad,Calentamiento,Quadriceps,Knee Dominant,Balance,https://youtu.be/OpEgnt3M98k?si=98bk34oOvELlwHao,Double Dumbbell Suitcase Russian Step Up,Pierna,4,movilidad_estabilidad
Principiante,Peso libre,Movilidad / estabilidad,Calentamiento,Quadriceps,Knee Dominant,Balance,Sin dato,Double Dumbbell Front Rack Alternating Russian Step Up,Pierna,4,movilidad_estabilidad
Principiante,Peso libre,Movilidad / estabilidad,Calentamiento,Quadriceps,Knee Dominant,Balance,https://youtu.be/KuNBOsyKvNs?si=xGQdh89b83Z6zfD1,Double Kettlebell Front Rack Russian Step Up,Pierna,4,movilidad_estabilidad
Principiante,Peso libre,Movilidad / estabilidad,Calentamiento,Quadriceps,Knee Dominant,Balance,https://youtu.be/N3HnkJ4Sp2s?si=L6L1BDMG1XO5MO94,Double Kettlebell Suitcase Russian Step Up,Pierna,4,movilidad_estabilidad
Principiante,Peso libre,Movilidad / estabilidad,Calentamiento,Quadriceps,Knee Dominant,Balance,Sin dato,Single Arm Kettlebell Suitcase Contralateral Russian Step Up,Pierna,4,movilidad_estabilidad
Principiante,Peso libre,Movilidad / estabilidad,Calentamiento,Quadriceps,Knee Dominant,Balance,Sin dato,Single Arm Kettlebell Suitcase Ipsilateral Russian Step Up,Pierna,4,movilidad_estabilidad
Principiante,Peso libre,Movilidad / estabilidad,Calentamiento,Quadriceps,Knee Dominant,Balance,https://youtu.be/nijhpzgUUi0?si=OYbqhyHxgBZEG3ZY,Single Arm Kettlebell Front Rack Contralateral Russian Step Up,Pierna,4,movilidad_estabilidad
Principiante,Peso libre,Movilidad / estabilidad,Calentamiento,Quadriceps,Knee Dominant,Balance,Sin dato,Single Arm Kettlebell Front Rack Ipsilateral Russian Step Up,Pierna,4,movilidad_estabilidad
Intermedio,Peso libre,Movilidad / estabilidad,Calentamiento,Quadriceps,Knee Dominant,Balance,Sin dato,Double Kettlebell Overhead Russian Step Up,Pierna,4,movilidad_estabilidad
Intermedio,Peso libre,Movilidad / estabilidad,Calentamiento,Quadriceps,Knee Dominant,Balance,Sin dato,Single Arm Kettlebell Overhead Contralateral Russian Step Up,Pierna,4,movilidad_estabilidad
Intermedio,Peso libre,Movilidad / estabilidad,Calentamiento,Quadriceps,Knee Dominant,Balance,Sin dato,Single Arm Kettlebell Overhead Ipsilateral Russian Step Up,Pierna,4,movilidad_estabilidad
Intermedio,Peso libre,Movilidad / estabilidad,Calentamiento,Quadriceps,Knee Dominant,Balance,Sin dato,Double Kettlebell Bottoms Up Front Rack Russian Step Up,Pierna,4,movilidad_estabilidad
Intermedio,Peso libre,Movilidad / estabilidad,Calentamiento,Quadriceps,Knee Dominant,Balance,Sin dato,Single Arm Kettlebell Bottoms Up Front Rack Contralateral Russian Step Up,Pierna,4,movilidad_estabilidad
Intermedio,Peso libre,Movilidad / estabilidad,Calentamiento,Quadriceps,Knee Dominant,Balance,Sin dato,Single Arm Kettlebell Bottoms Up Front Rack Ipsilateral Russian Step Up,Pierna,4,movilidad_estabilidad
Avanzado,Peso libre,Movilidad / estabilidad,Calentamiento,Quadriceps,Knee Dominant,Balance,Sin dato,Double Kettlebell Bottoms Up Overhead Russian Step Up,Pierna,4,movilidad_estabilidad
Avanzado,Peso libre,Movilidad / estabilidad,Calentamiento,Quadriceps,Knee Dominant,Balance,Sin dato,Single Arm Kettlebell Bottoms Up Overhead Contralateral Russian Step Up,Pierna,4,movilidad_estabilidad
Avanzado,Peso libre,Movilidad / estabilidad,Calentamiento,Quadriceps,Knee Dominant,Balance,Sin dato,Single Arm Kettlebell Bottoms Up Overhead Ipsilateral Russian Step Up,Pierna,4,movilidad_estabilidad
Intermedio,Peso libre,Movilidad / estabilidad,Calentamiento,Quadriceps,Knee Dominant,Balance,https://youtu.be/SEh-o4ousa0?si=f_LvuDf-cSL8gy43,Barbell Back Rack Russian Step Up,Pierna,4,movilidad_estabilidad
Intermedio,Peso libre,Movilidad / estabilidad,Calentamiento,Quadriceps,Knee Dominant,Balance,https://youtu.be/KHHTwaBgTqg?si=0-6AOui90rWJD7EE,Barbell Front Rack Russian Step Up,Pierna,4,movilidad_estabilidad
Intermedio,Peso libre,Movilidad / estabilidad,Calentamiento,Quadriceps,Knee Dominant,Balance,Sin dato,Double Dumbbell Overhead Alternating Russian Step Up,Pierna,4,movilidad_estabilidad
Intermedio,Peso libre,Movilidad / estabilidad,Calentamiento,Quadriceps,Knee Dominant,Balance,Sin dato,Single Arm Dumbbell Overhead Contralateral Russian Step Up,Pierna,4,movilidad_estabilidad
Avanzado,Peso libre,Movilidad / estabilidad,Calentamiento,Quadriceps,Knee Dominant,Balance,Sin dato,Barbell Overhead Alternating Russian Step Up,Pierna,4,movilidad_estabilidad
Avanzado,Peso libre,Movilidad / estabilidad,Calentamiento,Quadriceps,Knee Dominant,Balance,https://youtu.be/-UtFmeC_gz8?si=Cbn-i607GWj4GbJt,Barbell Overhead Russian Step Up,Pierna,4,movilidad_estabilidad
Principiante,Peso libre,Movilidad / estabilidad,Calentamiento,Quadriceps,Knee Dominant,Balance,https://youtu.be/cB20h7IpdJQ?si=KBJR-jjHokOwHkYv,Single Arm Dumbbell Suitcase Contralateral Russian Step Up,Pierna,4,movilidad_estabilidad
Principiante,Peso libre,Movilidad / estabilidad,Calentamiento,Quadriceps,Knee Dominant,Balance,Sin dato,Single Arm Dumbbell Suitcase Ipsilateral Russian Step Up,Pierna,4,movilidad_estabilidad
Intermedio,Peso libre,Movilidad / estabilidad,Calentamiento,Quadriceps,Knee Dominant,Balance,https://youtu.be/h7uCFbFFEpg?si=rYfRpyQwdrzMUPgo,Single Arm Dumbbell Overhead Ipsilateral Russian Step Up,Pierna,4,movilidad_estabilidad
Principiante,Peso libre,Movilidad / estabilidad,Calentamiento,Quadriceps,Knee Dominant,Balance,Sin dato,Double Clubbell Order Russian Step Up,Pierna,4,movilidad_estabilidad
Principiante,Peso libre,Movilidad / estabilidad,Calentamiento,Quadriceps,Knee Dominant,Balance,Sin dato,Double Clubbell Order Alternating Russian Step Up,Pierna,4,movilidad_estabilidad
Principiante,Peso libre,Movilidad / estabilidad,Calentamiento,Quadriceps,Knee Dominant,Balance,Sin dato,Single Arm Clubbell Order Contralateral Russian Step Up,Pierna,4,movilidad_estabilidad
Principiante,Peso libre,Movilidad / estabilidad,Calentamiento,Quadriceps,Knee Dominant,Balance,Sin dato,Single Arm Clubbell Order Ipsilateral Russian Step Up,Pierna,4,movilidad_estabilidad
Principiante,Sin equipo,Movilidad / estabilidad,Calentamiento,Quadriceps,Knee Dominant,Balance,https://youtu.be/uWQaD_zDNP8?si=e7uAr4KO-Uxs3C4h,Bodyweight Alternating Russian Step Up,Pierna,4,movilidad_estabilidad
Principiante,Sin equipo,Movilidad / estabilidad,Calentamiento,Quadriceps,Knee Dominant,Balance,https://youtu.be/T0aGAd4z8_g?si=LLndgNIkangYyqvf,Bodyweight Russian Step Up,Pierna,4,movilidad_estabilidad
Principiante,Peso libre,Movilidad / estabilidad,Calentamiento,Quadriceps,Knee Dominant,Balance,Sin dato,Clubbell Order Russian Step Up,Pierna,4,movilidad_estabilidad
Principiante,Peso libre,Movilidad / estabilidad,Calentamiento,Quadriceps,Knee Dominant,Balance,Sin dato,Clubbell Order Alternating Russian Step Up,Pierna,4,movilidad_estabilidad
Intermedio,Peso libre,Movilidad / estabilidad,Calentamiento,Quadriceps,Knee Dominant,Balance,https://youtu.be/Yk67o_LX2k8?si=zkvsiKBoliLmWwDT,Barbell Back Rack Alternating Russian Step Up,Pierna,4,movilidad_estabilidad
Intermedio,Peso libre,Movilidad / estabilidad,Calentamiento,Quadriceps,Knee Dominant,Balance,https://youtu.be/FkOqXpYX2nE?feature=shared,Barbell Front Rack Alternating Russian Step Up,Pierna,4,movilidad_estabilidad
Principiante,Peso libre,Movilidad / estabilidad,Calentamiento,Quadriceps,Knee Dominant,Balance,https://youtu.be/7xKPC6fiAnI?si=AjBy--nHV9jih9q4,Double Dumbbell Suitcase Alternating Russian Step Up,Pierna,4,movilidad_estabilidad
Principiante,Peso libre,Movilidad / estabilidad,Calentamiento,Quadriceps,Knee Dominant,Balance,Sin dato,Double Dumbbell Front Rack Russian Step Up,Pierna,4,movilidad_estabilidad
Intermedio,Peso libre,Movilidad / estabilidad,Calentamiento,Quadriceps,Knee Dominant,Balance,Sin dato,Double Dumbbell Overhead Russian Step Up,Pierna,4,movilidad_estabilidad
Principiante,Peso libre,Movilidad / estabilidad,Calentamiento,Quadriceps,Knee Dominant,Balance,https://youtu.be/ZrFBGqWoSzw?si=pCq_xiI6MtbnQOMx,Single Arm Dumbbell Front Rack Contralateral Russian Step Up,Pierna,4,movilidad_estabilidad
Principiante,Peso libre,Movilidad / estabilidad,Calentamiento,Quadriceps,Knee Dominant,Balance,https://youtu.be/-4eThA6jaBY?si=rvYxSeDEierXbTvB,Single Arm Dumbbell Front Rack Ipsilateral Russian Step Up,Pierna,4,movilidad_estabilidad
Principiante,Peso libre,Movilidad / estabilidad,Calentamiento,Quadriceps,Knee Dominant,Balance,Sin dato,Single Arm Macebell Order Contralateral Russian Step Up,Pierna,4,movilidad_estabilidad
Principiante,Peso libre,Movilidad / estabilidad,Calentamiento,Quadriceps,Knee Dominant,Balance,Sin dato,Single Arm Macebell Order Ipsilateral Russian Step Up,Pierna,4,movilidad_estabilidad
Principiante,Peso libre,Movilidad / estabilidad,Calentamiento,Quadriceps,Knee Dominant,Balance,Sin dato,Macebell Order Russian Step Up,Pierna,4,movilidad_estabilidad
Principiante,Peso libre,Movilidad / estabilidad,Calentamiento,Quadriceps,Knee Dominant,Balance,Sin dato,Macebell Order Alternating Russian Step Up,Pierna,4,movilidad_estabilidad
Avanzado,Peso libre,Movilidad / estabilidad,Calentamiento,Quadriceps,Knee Dominant,Balance,https://youtu.be/BSiPJ84ik7o?si=oeCPF5tgAOTrYNIS,Barbell Zercher Russian Step Up,Pierna,4,movilidad_estabilidad
Avanzado,Peso libre,Movilidad / estabilidad,Calentamiento,Quadriceps,Knee Dominant,Balance,Sin dato,Barbell Zercher Alternating Russian Step Up,Pierna,4,movilidad_estabilidad
Principiante,Otro equipo,Movilidad / estabilidad,Calentamiento,Quadriceps,Knee Dominant,Balance,Sin dato,Bulgarian Bag Back Rack Russian Step Up,Pierna,4,movilidad_estabilidad
Principiante,Otro equipo,Movilidad / estabilidad,Calentamiento,Quadriceps,Knee Dominant,Balance,Sin dato,Bulgarian Bag Back Rack Alternating Russian Step Up,Pierna,4,movilidad_estabilidad
Principiante,Peso libre,Movilidad / estabilidad,Calentamiento,Quadriceps,Knee Dominant,Balance,Sin dato,Sandbag Back Rack Russian Step Up,Pierna,4,movilidad_estabilidad
Principiante,Peso libre,Movilidad / estabilidad,Calentamiento,Quadriceps,Knee Dominant,Balance,Sin dato,Sandbag Back Rack Alternating Russian Step Up,Pierna,4,movilidad_estabilidad
Principiante,Peso libre,Movilidad / estabilidad,Calentamiento,Quadriceps,Knee Dominant,Balance,Sin dato,Sandbag Front Rack Russian Step Up,Pierna,4,movilidad_estabilidad
Principiante,Peso libre,Movilidad / estabilidad,Calentamiento,Quadriceps,Knee Dominant,Balance,Sin dato,Sandbag Front Rack Alternating Russian Step Up,Pierna,4,movilidad_estabilidad
Intermedio,Peso libre,Movilidad / estabilidad,Calentamiento,Quadriceps,Knee Dominant,Balance,Sin dato,Plate Overhead Russian Step Up,Pierna,4,movilidad_estabilidad
Intermedio,Peso libre,Movilidad / estabilidad,Calentamiento,Quadriceps,Knee Dominant,Balance,Sin dato,Plate Overhead Alternating Russian Step Up,Pierna,4,movilidad_estabilidad
Principiante,Peso libre,Movilidad / estabilidad,Calentamiento,Quadriceps,Knee Dominant,Balance,https://youtu.be/-L2RxqXxw3w?si=c5bWCZNShpG6g4Zw,Double Kettlebell Front Rack Alternating Russian Step Up,Pierna,4,movilidad_estabilidad
Intermedio,Peso libre,Movilidad / estabilidad,Calentamiento,Quadriceps,Knee Dominant,Balance,Sin dato,Double Kettlebell Bottoms Up Front Rack Alternating Russian Step Up,Pierna,4,movilidad_estabilidad
Intermedio,Peso libre,Movilidad / estabilidad,Calentamiento,Quadriceps,Knee Dominant,Balance,Sin dato,Double Kettlebell Overhead Alternating Russian Step Up,Pierna,4,movilidad_estabilidad
Avanzado,Peso libre,Movilidad / estabilidad,Calentamiento,Quadriceps,Knee Dominant,Balance,Sin dato,Double Kettlebell Bottoms Up Overhead Alternating Russian Step Up,Pierna,4,movilidad_estabilidad
Principiante,Peso libre,Movilidad / estabilidad,Calentamiento,Quadriceps,Knee Dominant,Balance,Sin dato,Double Kettlebell Suitcase Alternating Russian Step Up,Pierna,4,movilidad_estabilidad
Principiante,Peso libre,Movilidad / estabilidad,Calentamiento,Quadriceps,Knee Dominant,Balance,https://youtu.be/RZsegx5MjMg?si=jrgTO3B_RBqc2Tow,Kettlebell Goblet Russian Step Up,Pierna,4,movilidad_estabilidad
Principiante,Peso libre,Movilidad / estabilidad,Calentamiento,Quadriceps,Knee Dominant,Balance,https://youtu.be/D_XZAV9sh2I?si=9d58XpgxLS_aoYoQ,Kettlebell Goblet Alternating Russian Step Up,Pierna,4,movilidad_estabilidad
Principiante,Peso libre,Movilidad / estabilidad,Calentamiento,Quadriceps,Knee Dominant,Balance,https://youtu.be/Z8wrpP7TT5E?si=tMWVlz_jrcW6ilLl,Dumbbell Goblet Russian Step Up,Pierna,4,movilidad_estabilidad
Principiante,Peso libre,Movilidad / estabilidad,Calentamiento,Quadriceps,Knee Dominant,Balance,https://youtu.be/e-VjvaI7FEI?si=Uc1Aq16WW3xsbpcO,Dumbbell Goblet Alternating Russian Step Up,Pierna,4,movilidad_estabilidad
Principiante,Peso libre,Movilidad / estabilidad,Calentamiento,Quadriceps,Knee Dominant,Balance,Sin dato,Kettlebell Horn Grip Russian Step Up,Pierna,4,movilidad_estabilidad
Principiante,Peso libre,Movilidad / estabilidad,Calentamiento,Quadriceps,Knee Dominant,Balance,Sin dato,Kettlebell Horn Grip Alternating Russian Step Up,Pierna,4,movilidad_estabilidad
Principiante,Otro equipo,Fuerza / hipertrofia,Principal,Glutes,Hip Extension,Bodybuilding,https://youtu.be/GMoIkfo2nP4?si=IB4Q_47E137Hsx_H,Miniband Hip Thrust,Pierna,0,fuerza_hipertrofia
Intermedio,Peso libre,Fuerza / hipertrofia,Principal,Quadriceps,Knee Dominant,Bodybuilding,https://youtu.be/LyD7nH85x0c?si=Li3dCfeeWkoCcSX-,Heavy Sandbag Bear Hug Step Up,Pierna,2,fuerza_hipertrofia
Intermedio,Peso libre,Fuerza / hipertrofia,Principal,Quadriceps,Knee Dominant,Bodybuilding,https://youtu.be/O1zrmDKSt9E?si=aLhoWHS87gUaM6iV,Heavy Sandbag Bear Hug Alternating Step Up,Pierna,2,fuerza_hipertrofia
Intermedio,Peso libre,Movilidad / estabilidad,Calentamiento,Quadriceps,Knee Dominant,Balance,Sin dato,Heavy Sandbag Bear Hug Russian Step Up,Pierna,4,movilidad_estabilidad
Intermedio,Peso libre,Movilidad / estabilidad,Calentamiento,Quadriceps,Knee Dominant,Balance,Sin dato,Heavy Sandbag Bear Hug Alternating Russian Step Up,Pierna,4,movilidad_estabilidad
Avanzado,Peso libre,Condicion fisica / potencia,Tecnica,Shoulders,Rotational,Ballistics,Sin dato,Alternating Single Arm Macebell Reverse Mill,Empuje,8,potencia_funcional
Avanzado,Calistenia / barras,Movilidad / estabilidad,Principal avanzado,Abdominals,Isometric Hold,Calisthenics,Sin dato,Ring Grip Straddle Planche,Core,3,movilidad_estabilidad
Intermedio,Peso libre,Condicion fisica / potencia,Tecnica,Shoulders,Hip Hinge,Ballistics,Sin dato,Single Arm Kettlebell Dead Clean to Overhead Press,Cadera,8,potencia_funcional
Intermedio,Peso libre,Condicion fisica / potencia,Tecnica,Shoulders,Hip Hinge,Ballistics,https://youtu.be/aWPqX1VXr-g?si=6F2i3SQxg7mvF5tb,Single Arm Kettlebell Dead Clean to Push Press,Cadera,8,potencia_funcional
Intermedio,Peso libre,Condicion fisica / potencia,Tecnica,Quadriceps,Hip Hinge,Ballistics,Sin dato,Single Arm Kettlebell Clean to Front Rack Ipsilateral Reverse Lunge,Pierna,8,potencia_funcional
Intermedio,Peso libre,Condicion fisica / potencia,Tecnica,Quadriceps,Hip Hinge,Ballistics,Sin dato,Single Arm Kettlebell Clean to Front Rack Ipsilateral Forward Lunge,Pierna,8,potencia_funcional
Intermedio,Peso libre,Condicion fisica / potencia,Tecnica,Shoulders,Hip Hinge,Ballistics,Sin dato,Single Arm Kettlebell Dead Clean to Push Jerk,Cadera,8,potencia_funcional
Intermedio,Peso libre,Condicion fisica / potencia,Tecnica,Shoulders,Vertical Push,Ballistics,https://youtu.be/vFOeFxuWMa4?si=UW2lvkjDkxHqSPIf,Double Kettlebell Dead Clean to Push Jerk,Empuje,8,potencia_funcional
Intermedio,Peso libre,Condicion fisica / potencia,Principal,Glutes,Hip Hinge,Sin clasificar,https://youtu.be/QP8ZqZUuvmk?si=UOZV5omhXZ1F-93V,Single Arm Kettlebell Bottoms Up Dead Clean,Pierna,5,potencia_funcional
Intermedio,Peso libre,Condicion fisica / potencia,Principal,Glutes,Hip Hinge,Sin clasificar,Sin dato,Alternating Single Arm Kettlebell Bottoms Up Dead Clean,Pierna,5,potencia_funcional
Intermedio,Peso libre,Condicion fisica / potencia,Tecnica,Quadriceps,Hip Hinge,Ballistics,Sin dato,Single Arm Kettlebell Dead Clean to Front Rack Squat,Pierna,8,potencia_funcional
Intermedio,Peso libre,Condicion fisica / potencia,Tecnica,Shoulders,Hip Hinge,Ballistics,Sin dato,Single Arm Kettlebell Dead Clean to Thruster,Cadera,8,potencia_funcional
Intermedio,Peso libre,Condicion fisica / potencia,Tecnica,Shoulders,Hip Hinge,Ballistics,Sin dato,Alternating Single Arm Kettlebell Dead Clean to Thruster,Cadera,8,potencia_funcional
Intermedio,Peso libre,Condicion fisica / potencia,Tecnica,Shoulders,Hip Hinge,Ballistics,https://youtu.be/587yc5WQcB0?si=il91YAGQf5s9QyXC,Alternating Single Arm Kettlebell Dead Clean to Overhead Press,Cadera,8,potencia_funcional
Intermedio,Peso libre,Condicion fisica / potencia,Tecnica,Shoulders,Hip Hinge,Ballistics,https://youtu.be/Wq5CGNeQGUA?si=bULiT29sEH9tAv6z,Alternating Single Arm Kettlebell Dead Clean to Push Press,Cadera,8,potencia_funcional
Intermedio,Peso libre,Condicion fisica / potencia,Tecnica,Shoulders,Hip Hinge,Ballistics,Sin dato,Alternating Single Arm Kettlebell Dead Clean to Push Jerk,Cadera,8,potencia_funcional
Intermedio,Peso libre,Condicion fisica / potencia,Tecnica,Quadriceps,Hip Hinge,Ballistics,Sin dato,Alternating Single Arm Kettlebell Dead Clean to Front Rack Squat,Pierna,8,potencia_funcional
Avanzado,Peso libre,Condicion fisica / potencia,Tecnica,Shoulders,Rotational,Ballistics,https://youtu.be/NUhpNbRmNMg?si=vqY017BanR5_s992,Single Arm Macebell Bull Whip to Mill,Empuje,8,potencia_funcional
Avanzado,Peso libre,Fuerza / hipertrofia,Principal avanzado,Quadriceps,Knee Dominant,Bodybuilding,Sin dato,Double Kettlebell Bottoms Up Overhead Split Squat,Pierna,2,fuerza_hipertrofia
Intermedio,Peso libre,Fuerza / hipertrofia,Principal,Quadriceps,Knee Dominant,Sin clasificar,https://youtu.be/XVlH1hEsqMY?si=60gTVsHXWLFVtref,Heavy Sandbag Bear Hug Kang Squat,Pierna,3,fuerza_hipertrofia
Avanzado,Peso libre,Fuerza / hipertrofia,Principal avanzado,Back,Horizontal Pull,Bodybuilding,https://youtu.be/lLTBO5vqm8A?si=UXhSCQSR6oZS3B2T,Double Dumbbell Feet Elevated Renegade Row,Jalón,2,fuerza_hipertrofia
Avanzado,Peso libre,Fuerza / hipertrofia,Principal avanzado,Back,Horizontal Pull,Bodybuilding,Sin dato,Double Dumbbell Feet Elevated Renegade Row to Push Up,Jalón,2,fuerza_hipertrofia
Principiante,Peso libre,Fuerza / hipertrofia,Principal,Quadriceps,Knee Dominant,Bodybuilding,https://youtu.be/9gglI77Kzq8?si=_dDcU05y48tssEAF,Double Dumbbell Suitcase Forward Lunge,Pierna,2,fuerza_hipertrofia
Intermedio,Peso libre,Fuerza / hipertrofia,Principal,Quadriceps,Knee Dominant,Bodybuilding,https://youtu.be/tEnO9W001b0?feature=shared,Barbell Front Rack Forward Lunge,Pierna,2,fuerza_hipertrofia
Avanzado,Peso libre,Fuerza / hipertrofia,Principal avanzado,Quadriceps,Knee Dominant,Bodybuilding,https://youtu.be/Y9EGHil8cj0?si=2FSctgexRfTrAxb-,Barbell Overhead Forward Lunge,Pierna,2,fuerza_hipertrofia
Intermedio,Peso libre,Condicion fisica / potencia,Principal,Quadriceps,Knee Dominant,Sin clasificar,Sin dato,Heavy Sandbag Bear Hug Forward Lunge,Pierna,5,potencia_funcional
Intermedio,Peso libre,Fuerza / hipertrofia,Principal,Quadriceps,Knee Dominant,Sin clasificar,Sin dato,Heavy Sandbag Shoulder Contralateral Forward Lunge,Pierna,3,fuerza_hipertrofia
Intermedio,Peso libre,Fuerza / hipertrofia,Principal,Quadriceps,Knee Dominant,Bodybuilding,https://youtu.be/hUdSY_wXwWU?si=UfpUfMXiZqyUzBJ8,Barbell Back Rack Forward Lunge,Pierna,2,fuerza_hipertrofia
Principiante,Peso libre,Fuerza / hipertrofia,Principal,Quadriceps,Knee Dominant,Bodybuilding,https://youtu.be/dgdMXVeApVM?si=C53j2jhBQ-HcBkp2,Double Kettlebell Suitcase Forward Lunge,Pierna,2,fuerza_hipertrofia
Principiante,Peso libre,Fuerza / hipertrofia,Principal,Quadriceps,Knee Dominant,Bodybuilding,https://youtu.be/s-lZimLr_tg?si=Esmu-85tbaGWBDHx,Double Kettlebell Front Rack Forward Lunge,Pierna,2,fuerza_hipertrofia
Intermedio,Peso libre,Fuerza / hipertrofia,Principal,Quadriceps,Knee Dominant,Bodybuilding,Sin dato,Double Kettlebell Bottoms Up Front Rack Forward Lunge,Pierna,2,fuerza_hipertrofia
Principiante,Peso libre,Fuerza / hipertrofia,Principal,Quadriceps,Knee Dominant,Bodybuilding,https://youtu.be/gqAaDuZQjXY?si=XpGry05ejKZXpsz-,Double Dumbbell Front Rack Forward Lunge,Pierna,2,fuerza_hipertrofia
Intermedio,Peso libre,Fuerza / hipertrofia,Principal,Quadriceps,Knee Dominant,Bodybuilding,https://youtu.be/c-4dfhO8QTw?si=7jy_yBEvLZdLrTWC,Double Dumbbell Overhead Forward Lunge,Pierna,2,fuerza_hipertrofia
Principiante,Peso libre,Fuerza / hipertrofia,Principal,Quadriceps,Knee Dominant,Bodybuilding,https://youtu.be/nEFul0yIBzU?si=Dt-DKAqMcRsQMRWd,Single Arm Dumbbell Suitcase Contralateral Forward Lunge,Pierna,2,fuerza_hipertrofia
Principiante,Peso libre,Fuerza / hipertrofia,Principal,Quadriceps,Knee Dominant,Bodybuilding,https://youtu.be/UbQwG3BPs54?si=OAD_X1vRpwmgJgHl,Single Arm Dumbbell Front Rack Contralateral Forward Lunge,Pierna,2,fuerza_hipertrofia
Intermedio,Peso libre,Fuerza / hipertrofia,Principal,Quadriceps,Knee Dominant,Bodybuilding,https://youtu.be/b5LGhv3B2us?si=6V7uUbW59eAmJ9Lx,Single Arm Dumbbell Overhead Contralateral Forward Lunge,Pierna,2,fuerza_hipertrofia
Intermedio,Peso libre,Fuerza / hipertrofia,Principal,Quadriceps,Knee Dominant,Bodybuilding,https://youtu.be/ZS0_Pnqs18o?si=iqfhdouw2kgEVNp1,Double Kettlebell Overhead Forward Lunge,Pierna,2,fuerza_hipertrofia
Principiante,Peso libre,Fuerza / hipertrofia,Principal,Quadriceps,Knee Dominant,Bodybuilding,https://youtu.be/Q2ELBxwUp28?si=SahPctazGJoXnzHQ,Dumbbell Goblet Forward Lunge,Pierna,2,fuerza_hipertrofia
Principiante,Peso libre,Fuerza / hipertrofia,Principal,Quadriceps,Knee Dominant,Bodybuilding,https://youtu.be/mVJyt-hJqQ4?si=ZyQU-rcyvqeQG8GO,Clubbell Order Forward Lunge,Pierna,2,fuerza_hipertrofia
Principiante,Peso libre,Fuerza / hipertrofia,Principal,Quadriceps,Knee Dominant,Bodybuilding,Sin dato,Double Clubbell Order Forward Lunge,Pierna,2,fuerza_hipertrofia
Principiante,Peso libre,Fuerza / hipertrofia,Principal,Quadriceps,Knee Dominant,Bodybuilding,Sin dato,Single Arm Clubbell Order Contralateral Forward Lunge,Pierna,2,fuerza_hipertrofia
Principiante,Peso libre,Fuerza / hipertrofia,Principal,Quadriceps,Knee Dominant,Bodybuilding,Sin dato,Macebell Order Forward Lunge,Pierna,2,fuerza_hipertrofia
Avanzado,Peso libre,Fuerza / hipertrofia,Principal avanzado,Quadriceps,Knee Dominant,Bodybuilding,Sin dato,Double Kettlebell Bottoms Up Overhead Forward Lunge,Pierna,2,fuerza_hipertrofia
Principiante,Peso libre,Fuerza / hipertrofia,Principal,Quadriceps,Knee Dominant,Bodybuilding,Sin dato,Single Arm Kettlebell Suitcase Contralateral Forward Lunge,Pierna,2,fuerza_hipertrofia
Principiante,Sin equipo,Fuerza / hipertrofia,Principal,Quadriceps,Knee Dominant,Bodybuilding,https://youtu.be/1XKXGRQX-0w?si=hoLOL3F63ye-LGkD,Bodyweight Forward Lunge,Pierna,2,fuerza_hipertrofia
Principiante,Otro equipo,Fuerza / hipertrofia,Principal,Quadriceps,Knee Dominant,Bodybuilding,https://youtu.be/GRFb4uKia9o?si=12NJKTAJm5VqsZCt,Bulgarian Bag Back Rack Forward Lunge,Pierna,2,fuerza_hipertrofia
Principiante,Peso libre,Fuerza / hipertrofia,Principal,Quadriceps,Knee Dominant,Bodybuilding,https://youtu.be/DoXtPhcQZ0A?si=-jOVMkwU4yMda8b5,Sandbag Front Rack Forward Lunge,Pierna,2,fuerza_hipertrofia
Intermedio,Peso libre,Fuerza / hipertrofia,Principal,Quadriceps,Knee Dominant,Bodybuilding,https://youtu.be/GLx4dqyToMQ?si=SE9oL2hGuFmb1rI_,Plate Overhead Forward Lunge,Pierna,2,fuerza_hipertrofia
Principiante,Peso libre,Fuerza / hipertrofia,Principal,Quadriceps,Knee Dominant,Bodybuilding,https://youtu.be/93jOACk6hCI?si=Wh87FQShHz6PdDPL,Single Arm Kettlebell Front Rack Contralateral Forward Lunge,Pierna,2,fuerza_hipertrofia
Intermedio,Peso libre,Fuerza / hipertrofia,Principal,Quadriceps,Knee Dominant,Bodybuilding,Sin dato,Single Arm Kettlebell Bottoms Up Front Rack Contralateral Forward Lunge,Pierna,2,fuerza_hipertrofia
Intermedio,Peso libre,Fuerza / hipertrofia,Principal,Quadriceps,Knee Dominant,Bodybuilding,https://youtu.be/tCdyjT6r7IQ?si=rxUYwp8Jt_iRYs1A,Single Arm Kettlebell Overhead Contralateral Forward Lunge,Pierna,2,fuerza_hipertrofia
Avanzado,Peso libre,Fuerza / hipertrofia,Principal avanzado,Quadriceps,Knee Dominant,Bodybuilding,Sin dato,Single Arm Kettlebell Bottoms Up Overhead Contralateral Forward Lunge,Pierna,2,fuerza_hipertrofia
Principiante,Peso libre,Fuerza / hipertrofia,Principal,Quadriceps,Knee Dominant,Bodybuilding,https://youtu.be/5zdsUZyVyZU?si=zOn7HfTe53mopVx9,Kettlebell Goblet Forward Lunge,Pierna,2,fuerza_hipertrofia
Principiante,Peso libre,Fuerza / hipertrofia,Principal,Quadriceps,Knee Dominant,Bodybuilding,https://youtu.be/B2jHsaojI4A?si=t3FbVaw_mjK5VgeG,Kettlebell Horn Grip Forward Lunge,Pierna,2,fuerza_hipertrofia
Avanzado,Peso libre,Fuerza / hipertrofia,Principal avanzado,Quadriceps,Knee Dominant,Bodybuilding,https://youtu.be/bVOx0bS6BvI?si=E52DJq8hShYSUVbw,Barbell Zercher Forward Lunge,Pierna,2,fuerza_hipertrofia
Principiante,Peso libre,Fuerza / hipertrofia,Principal,Quadriceps,Knee Dominant,Bodybuilding,https://youtu.be/6qREgTKXbOM?si=gyM_F4WYjs2hqIS7,Single Arm Dumbbell Suitcase Ipsilateral Forward Lunge,Pierna,2,fuerza_hipertrofia
Principiante,Peso libre,Fuerza / hipertrofia,Principal,Quadriceps,Knee Dominant,Bodybuilding,https://youtu.be/hSqr6cDitEg?si=0Q3eJ7Civ09nXoAr,Single Arm Dumbbell Front Rack Ipsilateral Forward Lunge,Pierna,2,fuerza_hipertrofia
Intermedio,Peso libre,Fuerza / hipertrofia,Principal,Quadriceps,Knee Dominant,Bodybuilding,https://youtu.be/qfpKsxIGOu0?si=fKCRBwv_aknD3aFj,Single Arm Dumbbell Overhead Ipsilateral Forward Lunge,Pierna,2,fuerza_hipertrofia
Principiante,Peso libre,Fuerza / hipertrofia,Principal,Quadriceps,Knee Dominant,Bodybuilding,https://youtu.be/lBKvPGFLaKg?si=ysrtgn3hQImmLVaF,Single Arm Clubbell Order Ipsilateral Forward Lunge,Pierna,2,fuerza_hipertrofia
Principiante,Peso libre,Fuerza / hipertrofia,Principal,Quadriceps,Knee Dominant,Bodybuilding,https://youtu.be/TPCs1UFpADo?si=m8DKfTmxHGcavJDM,Single Arm Kettlebell Suitcase Ipsilateral Forward Lunge,Pierna,2,fuerza_hipertrofia
Principiante,Peso libre,Fuerza / hipertrofia,Principal,Quadriceps,Knee Dominant,Bodybuilding,https://youtu.be/vnwL74DnWK8?si=qsKdUhrsdu46i1An,Single Arm Kettlebell Front Rack Ipsilateral Forward Lunge,Pierna,2,fuerza_hipertrofia
Intermedio,Peso libre,Fuerza / hipertrofia,Principal,Quadriceps,Knee Dominant,Bodybuilding,Sin dato,Single Arm Kettlebell Bottoms Up Front Rack Ipsilateral Forward Lunge,Pierna,2,fuerza_hipertrofia
Intermedio,Peso libre,Fuerza / hipertrofia,Principal,Quadriceps,Knee Dominant,Bodybuilding,Sin dato,Single Arm Kettlebell Overhead Ipsilateral Forward Lunge,Pierna,2,fuerza_hipertrofia
Avanzado,Peso libre,Fuerza / hipertrofia,Principal avanzado,Quadriceps,Knee Dominant,Bodybuilding,Sin dato,Single Arm Kettlebell Bottoms Up Overhead Ipsilateral Forward Lunge,Pierna,2,fuerza_hipertrofia
Intermedio,Peso libre,Movilidad / estabilidad,Calentamiento,Abdominals,Anti-Extension,Sin clasificar,https://youtu.be/Zko5x2SoQmo?si=PCTDak-unxScaIpM,Alternating Single Arm Dumbbell Plank Pull Through,Core,1,movilidad_estabilidad
Intermedio,Peso libre,Movilidad / estabilidad,Calentamiento,Abdominals,Anti-Extension,Sin clasificar,https://youtu.be/Q7FtGv0v7vg?si=DvtZ3VraSeIPHfHk,Alternating Single Arm Dumbbell Feet Elevated Plank Pull Through,Core,1,movilidad_estabilidad
Intermedio,Otro equipo,Fuerza / hipertrofia,Principal,Quadriceps,Knee Dominant,Bodybuilding,Sin dato,Landmine Cyclist Thruster,Pierna,2,fuerza_hipertrofia
Intermedio,Otro equipo,Fuerza / hipertrofia,Principal,Quadriceps,Knee Dominant,Bodybuilding,Sin dato,Single Arm Landmine Cyclist Thruster,Pierna,2,fuerza_hipertrofia
Principiante,Peso libre,Condicion fisica / potencia,Tecnica,Glutes,Hip Hinge,Ballistics,https://youtu.be/9JHFkrjW4_Y?si=m1HLdDm33Jymv5KP,Clubbell Swing,Pierna,8,potencia_funcional
Intermedio,Peso libre,Condicion fisica / potencia,Principal,Quadriceps,Rotational,Sin clasificar,https://youtu.be/UNgnGEswyR4?si=oWVFZerU0mt-Io9N,Macebell Half Battle Lunge,Pierna,5,potencia_funcional
Intermedio,Peso libre,Fuerza / hipertrofia,Principal,Quadriceps,Rotational,Bodybuilding,Sin dato,Clubbell Order Pivot Split Squat,Pierna,2,fuerza_hipertrofia
Intermedio,Peso libre,Fuerza / hipertrofia,Principal,Quadriceps,Rotational,Bodybuilding,Sin dato,Macebell Order Pivot Split Squat,Pierna,2,fuerza_hipertrofia
Intermedio,Sin equipo,Condicion fisica / potencia,Principal,Glutes,Rotational,Sin clasificar,https://youtu.be/0JAmWCoB7ec?si=aUSwxvV3VwO7Fqfi,Bodyweight Plate Assisted Hip Airplane,Pierna,5,potencia_funcional
Intermedio,Peso libre,Condicion fisica / potencia,Principal,Quadriceps,Rotational,Sin clasificar,https://youtu.be/ZJ95ZoB0ZXY?si=pipbT6H4SgqjMWv0,Macebell Battle Lunge,Pierna,5,potencia_funcional
Avanzado,Peso libre,Condicion fisica / potencia,Tecnica,Glutes,Hip Hinge,Ballistics,Sin dato,Single Arm Kettlebell Tactical Half Snatch,Pierna,8,potencia_funcional
Intermedio,Peso libre,Fuerza / hipertrofia,Principal,Quadriceps,Knee Dominant,Sin clasificar,Sin dato,Heavy Sandbag Shoulder Ipsilateral Forward Lunge,Pierna,3,fuerza_hipertrofia
Intermedio,Peso libre,Fuerza / hipertrofia,Principal,Shoulders,Shoulder External Rotation,Sin clasificar,Sin dato,Barbell Tall Kneeling Cuban Rotation,Empuje,1,fuerza_hipertrofia
Intermedio,Peso libre,Fuerza / hipertrofia,Principal,Shoulders,Shoulder External Rotation,Sin clasificar,https://youtu.be/J9thOow3-iY?si=mZOrggfNx4BC4LdB,Barbell Cuban Rotation,Empuje,1,fuerza_hipertrofia
Intermedio,Otro equipo,Fuerza / hipertrofia,Principal,Shoulders,Vertical Push,Sin clasificar,https://youtu.be/9ExnOQh3WDU?si=7rIFSmGhbv4rgcJ2,Alternating Single Arm Landmine Tall Kneeling Shoulder Press,Empuje,3,fuerza_hipertrofia
Intermedio,Peso libre,Fuerza / hipertrofia,Principal,Glutes,Hip Extension,Bodybuilding,https://youtu.be/mVzkA_m7I8k?si=nz9dAss-NvLHBUln,Barbell Feet Elevated Glute Bridge,Pierna,0,fuerza_hipertrofia
Avanzado,Peso libre,Condicion fisica / potencia,Tecnica,Quadriceps,Hip Hinge,Ballistics,Sin dato,Single Arm Kettlebell Tactical Snatch to Overhead Squat,Pierna,8,potencia_funcional
Intermedio,Sin equipo,Fuerza / hipertrofia,Principal,Chest,Rotational,Animal Flow,Sin dato,Bodyweight Push Up to Alternating Lateral Kick Through,Empuje,3,fuerza_hipertrofia
Intermedio,Peso libre,Fuerza / hipertrofia,Principal,Hamstrings,Hip Hinge,Bodybuilding,https://youtu.be/vexyZD8S1B8?si=qmrB8iZUTuht69xJ,Double Dumbbell Single Leg Romanian Deadlift,Cadera,2,fuerza_hipertrofia
Intermedio,Peso libre,Fuerza / hipertrofia,Principal,Hamstrings,Hip Hinge,Bodybuilding,https://youtu.be/cqSuTycslLg?si=dnsKBV2QyBbtxyRD,Single Arm Dumbbell Contralateral Single Leg Romanian Deadlift,Cadera,2,fuerza_hipertrofia
Intermedio,Peso libre,Fuerza / hipertrofia,Principal,Hamstrings,Hip Hinge,Bodybuilding,Sin dato,Dumbbell Crush Grip Single Leg Romanian Deadlift,Cadera,2,fuerza_hipertrofia
Principiante,Peso libre,Fuerza / hipertrofia,Principal,Back,Sin clasificar,Sin clasificar,Sin dato,Alternating Double Clubbell Pullover,Jalón,1,fuerza_hipertrofia
Principiante,Peso libre,Fuerza / hipertrofia,Principal,Biceps,Elbow Flexion,Bodybuilding,https://youtu.be/yoKxUD9pUj8?si=8BcXj2frpNXsJmfa,Barbell Tall Kneeling Bicep Curl,Jalón,-3,fuerza_hipertrofia
Principiante,Peso libre,Fuerza / hipertrofia,Principal,Triceps,Elbow Extension,Bodybuilding,https://youtu.be/1SeR4V-EYK8?si=jeUtHpyY3S0-eqZF,Dumbbell Tall Kneeling Overhead Tricep Extension,Empuje,-3,fuerza_hipertrofia
Avanzado,Peso libre,Condicion fisica / potencia,Tecnica,Shoulders,Rotational,Ballistics,Sin dato,Clubbell Inside Circle to Shield Cast,Empuje,8,potencia_funcional
Avanzado,Peso libre,Condicion fisica / potencia,Tecnica,Shoulders,Rotational,Ballistics,Sin dato,Alternating Single Arm Clubbell Inside Circle to Shield Cast,Empuje,8,potencia_funcional
Avanzado,Peso libre,Condicion fisica / potencia,Tecnica,Quadriceps,Hip Hinge,Ballistics,Sin dato,Alternating Single Arm Kettlebell Snatch to Overhead Squat,Pierna,8,potencia_funcional
Principiante,Gimnasio / maquina,Fuerza / hipertrofia,Principal,Hamstrings,Knee Dominant,Bodybuilding,https://youtu.be/l66EvN4X6Mk?si=i4fPkqXo_4_8fmO6,Cable Prone Bench Single Leg Hamstring Curl,Pierna,-1,fuerza_hipertrofia
Principiante,Peso libre,Fuerza / hipertrofia,Principal,Shoulders,Shoulder External Rotation,Sin clasificar,Sin dato,Double Dumbbell Tall Kneeling Cuban Rotation,Empuje,1,fuerza_hipertrofia
Avanzado,Peso libre,Movilidad / estabilidad,Calentamiento,Shoulders,Rotational,Balance,Sin dato,Macebell Single Leg Standing Bent Knee 360,Empuje,4,movilidad_estabilidad
Avanzado,Peso libre,Movilidad / estabilidad,Calentamiento,Shoulders,Rotational,Balance,Sin dato,Single Arm Macebell Single Leg Standing Bent Knee Ipsilateral 360,Empuje,4,movilidad_estabilidad
Intermedio,Peso libre,Condicion fisica / potencia,Tecnica,Shoulders,Rotational,Ballistics,Sin dato,Alternating Single Arm Macebell 360 to Ballistic Curl,Empuje,5,potencia_funcional
Principiante,Peso libre,Fuerza / hipertrofia,Principal,Quadriceps,Knee Dominant,Bodybuilding,https://youtu.be/a3wg2b8pd_w?si=UH9NFJeHHPoQpalx,Double Dumbbell Suitcase Reverse Lunge,Pierna,2,fuerza_hipertrofia
Intermedio,Peso libre,Fuerza / hipertrofia,Principal,Quadriceps,Knee Dominant,Bodybuilding,https://youtu.be/Vlgh0ImT5oU?si=WOAwroyeZ6jJWGto,Barbell Front Rack Reverse Lunge,Pierna,2,fuerza_hipertrofia
Avanzado,Peso libre,Fuerza / hipertrofia,Principal avanzado,Quadriceps,Knee Dominant,Bodybuilding,https://youtu.be/lssvh3-XTas?si=rmOXOmN8Rlb5bMEe,Barbell Overhead Reverse Lunge,Pierna,2,fuerza_hipertrofia
Intermedio,Peso libre,Condicion fisica / potencia,Principal,Quadriceps,Knee Dominant,Sin clasificar,Sin dato,Heavy Sandbag Bear Hug Reverse Lunge,Pierna,5,potencia_funcional
Intermedio,Peso libre,Fuerza / hipertrofia,Principal,Quadriceps,Knee Dominant,Sin clasificar,Sin dato,Heavy Sandbag Shoulder Contralateral Reverse Lunge,Pierna,3,fuerza_hipertrofia
Intermedio,Peso libre,Fuerza / hipertrofia,Principal,Quadriceps,Knee Dominant,Bodybuilding,https://youtu.be/21r8Pdk6Vks?si=U-wSwCn696acnBp9,Barbell Back Rack Reverse Lunge,Pierna,2,fuerza_hipertrofia
Principiante,Peso libre,Fuerza / hipertrofia,Principal,Quadriceps,Knee Dominant,Bodybuilding,https://youtu.be/zZfh3tvp5CI?feature=shared,Double Kettlebell Suitcase Reverse Lunge,Pierna,2,fuerza_hipertrofia
Principiante,Peso libre,Fuerza / hipertrofia,Principal,Quadriceps,Knee Dominant,Bodybuilding,https://youtu.be/PwtxLgNobQQ?si=DoSwEK_jWEv76qX3,Double Kettlebell Front Rack Reverse Lunge,Pierna,2,fuerza_hipertrofia
Intermedio,Peso libre,Fuerza / hipertrofia,Principal,Quadriceps,Knee Dominant,Bodybuilding,https://youtu.be/JoV4UqO1tTc?si=3YJ_yF9NN8BUfwS9,Double Kettlebell Bottoms Up Front Rack Reverse Lunge,Pierna,2,fuerza_hipertrofia
Principiante,Peso libre,Fuerza / hipertrofia,Principal,Quadriceps,Knee Dominant,Bodybuilding,https://youtu.be/Zv8CDt76v-o?si=2EUkwtXgQzLAb65b,Double Dumbbell Front Rack Reverse Lunge,Pierna,2,fuerza_hipertrofia
Intermedio,Peso libre,Fuerza / hipertrofia,Principal,Quadriceps,Knee Dominant,Bodybuilding,https://youtu.be/k9GGgck623Y?si=lU__htPe1riSTjAv,Double Dumbbell Overhead Reverse Lunge,Pierna,2,fuerza_hipertrofia
Principiante,Peso libre,Fuerza / hipertrofia,Principal,Quadriceps,Knee Dominant,Bodybuilding,https://youtu.be/ZsmsBmOMtnw?si=FMtq9k1eAmHq4gEX,Single Arm Dumbbell Suitcase Contralateral Reverse Lunge,Pierna,2,fuerza_hipertrofia
Principiante,Peso libre,Fuerza / hipertrofia,Principal,Quadriceps,Knee Dominant,Bodybuilding,https://youtu.be/d3oKvFQ2KOk?si=DHn68Kf7oX9vBrYU,Single Arm Dumbbell Front Rack Contralateral Reverse Lunge,Pierna,2,fuerza_hipertrofia
Intermedio,Peso libre,Fuerza / hipertrofia,Principal,Quadriceps,Knee Dominant,Bodybuilding,https://youtu.be/U0PGg34Vx8A?si=JVT4ugA6ELAoJP3g,Single Arm Dumbbell Overhead Contralateral Reverse Lunge,Pierna,2,fuerza_hipertrofia
Intermedio,Peso libre,Fuerza / hipertrofia,Principal,Quadriceps,Knee Dominant,Bodybuilding,https://youtu.be/R3Kd1U5hPyc?si=BSEMsU-3AstW_2LI,Double Kettlebell Overhead Reverse Lunge,Pierna,2,fuerza_hipertrofia
Principiante,Peso libre,Fuerza / hipertrofia,Principal,Quadriceps,Knee Dominant,Bodybuilding,https://youtu.be/pDA738FZsuk?si=bzG9vYvbc69IfMmO,Dumbbell Goblet Reverse Lunge,Pierna,2,fuerza_hipertrofia
Principiante,Peso libre,Fuerza / hipertrofia,Principal,Quadriceps,Knee Dominant,Bodybuilding,Sin dato,Clubbell Order Reverse Lunge,Pierna,2,fuerza_hipertrofia
Principiante,Peso libre,Fuerza / hipertrofia,Principal,Quadriceps,Knee Dominant,Bodybuilding,Sin dato,Double Clubbell Order Reverse Lunge,Pierna,2,fuerza_hipertrofia
Principiante,Peso libre,Fuerza / hipertrofia,Principal,Quadriceps,Knee Dominant,Bodybuilding,Sin dato,Single Arm Clubbell Order Contralateral Reverse Lunge,Pierna,2,fuerza_hipertrofia
Principiante,Peso libre,Fuerza / hipertrofia,Principal,Quadriceps,Knee Dominant,Bodybuilding,Sin dato,Macebell Order Reverse Lunge,Pierna,2,fuerza_hipertrofia
Avanzado,Peso libre,Fuerza / hipertrofia,Principal avanzado,Quadriceps,Knee Dominant,Bodybuilding,Sin dato,Double Kettlebell Bottoms Up Overhead Reverse Lunge,Pierna,2,fuerza_hipertrofia
Principiante,Peso libre,Fuerza / hipertrofia,Principal,Quadriceps,Knee Dominant,Bodybuilding,https://youtu.be/rwlsbVNSqDQ?si=6ELRzgo6Ek1bVGBe,Single Arm Kettlebell Suitcase Contralateral Reverse Lunge,Pierna,2,fuerza_hipertrofia
Principiante,Sin equipo,Fuerza / hipertrofia,Principal,Quadriceps,Knee Dominant,Bodybuilding,https://youtu.be/U7Nrwyu6Uqo?si=i10Myq56LE1Wlzzn,Bodyweight Reverse Lunge,Pierna,2,fuerza_hipertrofia
Principiante,Otro equipo,Fuerza / hipertrofia,Principal,Quadriceps,Knee Dominant,Bodybuilding,https://youtu.be/RqMG5v-jUyE?si=hxI8O10U-7CcGVRp,Bulgarian Bag Back Rack Reverse Lunge,Pierna,2,fuerza_hipertrofia
Principiante,Peso libre,Fuerza / hipertrofia,Principal,Quadriceps,Knee Dominant,Bodybuilding,https://youtu.be/I9YUnFtd81o?si=yuqTt95kbjtVETJd,Sandbag Front Rack Reverse Lunge,Pierna,2,fuerza_hipertrofia
Intermedio,Peso libre,Fuerza / hipertrofia,Principal,Quadriceps,Knee Dominant,Bodybuilding,https://youtu.be/KC6oWhmOmPY?si=OWiPo66RrQ46WjHj,Plate Overhead Reverse Lunge,Pierna,2,fuerza_hipertrofia
Principiante,Peso libre,Fuerza / hipertrofia,Principal,Quadriceps,Knee Dominant,Bodybuilding,https://youtu.be/kcVqtqe03WI?si=KuFsD1PlWdph7WCt,Single Arm Kettlebell Front Rack Contralateral Reverse Lunge,Pierna,2,fuerza_hipertrofia
Intermedio,Peso libre,Fuerza / hipertrofia,Principal,Quadriceps,Knee Dominant,Bodybuilding,https://youtu.be/Zy3uowra52Q?si=TqlOPzqiZOcb_wkA,Single Arm Kettlebell Bottoms Up Front Rack Contralateral Reverse Lunge,Pierna,2,fuerza_hipertrofia
Intermedio,Peso libre,Fuerza / hipertrofia,Principal,Quadriceps,Knee Dominant,Bodybuilding,https://youtu.be/bjxICX4wQMQ?si=s83QPA-v5pPzg1fM,Single Arm Kettlebell Overhead Contralateral Reverse Lunge,Pierna,2,fuerza_hipertrofia
Avanzado,Peso libre,Fuerza / hipertrofia,Principal avanzado,Quadriceps,Knee Dominant,Bodybuilding,https://youtu.be/FJSjoyq9das?si=zs-BmTlnKVXLf4--,Single Arm Kettlebell Bottoms Up Overhead Contralateral Reverse Lunge,Pierna,2,fuerza_hipertrofia
Principiante,Peso libre,Fuerza / hipertrofia,Principal,Quadriceps,Knee Dominant,Bodybuilding,https://youtu.be/s5w0EOsU7e8?si=UCHj4c3UE1LScgnx,Kettlebell Goblet Reverse Lunge,Pierna,2,fuerza_hipertrofia
Principiante,Peso libre,Fuerza / hipertrofia,Principal,Quadriceps,Knee Dominant,Bodybuilding,https://youtu.be/gWN9epxFqX8?si=h3iRgeFCZgBGHOMT,Kettlebell Horn Grip Reverse Lunge,Pierna,2,fuerza_hipertrofia
Avanzado,Peso libre,Fuerza / hipertrofia,Principal avanzado,Quadriceps,Knee Dominant,Bodybuilding,https://youtu.be/StvRmr-ZxmA?si=G51-gqCZ-oQMhQyp,Barbell Zercher Reverse Lunge,Pierna,2,fuerza_hipertrofia
Principiante,Peso libre,Fuerza / hipertrofia,Principal,Quadriceps,Knee Dominant,Bodybuilding,https://youtu.be/uzn966rWQ4c?si=XF_kMH6vfBIw4hz4,Single Arm Dumbbell Suitcase Ipsilateral Reverse Lunge,Pierna,2,fuerza_hipertrofia
Principiante,Peso libre,Fuerza / hipertrofia,Principal,Quadriceps,Knee Dominant,Bodybuilding,https://youtu.be/RxBzGBShf9w?si=yD5EyWT1k3UeODJI,Single Arm Dumbbell Front Rack Ipsilateral Reverse Lunge,Pierna,2,fuerza_hipertrofia
Intermedio,Peso libre,Fuerza / hipertrofia,Principal,Quadriceps,Knee Dominant,Bodybuilding,https://youtu.be/IiijJRQxMKM?si=rak-3KhujfWzeG6V,Single Arm Dumbbell Overhead Ipsilateral Reverse Lunge,Pierna,2,fuerza_hipertrofia
Principiante,Peso libre,Fuerza / hipertrofia,Principal,Quadriceps,Knee Dominant,Bodybuilding,Sin dato,Single Arm Clubbell Order Ipsilateral Reverse Lunge,Pierna,2,fuerza_hipertrofia
Principiante,Peso libre,Fuerza / hipertrofia,Principal,Quadriceps,Knee Dominant,Bodybuilding,https://youtu.be/Ae33oITfYwM?si=BTB-LZkHb2SHl8HM,Single Arm Kettlebell Suitcase Ipsilateral Reverse Lunge,Pierna,2,fuerza_hipertrofia
Principiante,Peso libre,Fuerza / hipertrofia,Principal,Quadriceps,Knee Dominant,Bodybuilding,https://youtu.be/r1NS0BNUh3c?si=XwpKqEi6aUMJvPq5,Single Arm Kettlebell Front Rack Ipsilateral Reverse Lunge,Pierna,2,fuerza_hipertrofia
Intermedio,Peso libre,Fuerza / hipertrofia,Principal,Quadriceps,Knee Dominant,Bodybuilding,Sin dato,Single Arm Kettlebell Bottoms Up Front Rack Ipsilateral Reverse Lunge,Pierna,2,fuerza_hipertrofia
Intermedio,Peso libre,Fuerza / hipertrofia,Principal,Quadriceps,Knee Dominant,Bodybuilding,https://youtu.be/jDMv9KiKXco?si=j2SlwzpOX14P9zth,Single Arm Kettlebell Overhead Ipsilateral Reverse Lunge,Pierna,2,fuerza_hipertrofia
Avanzado,Peso libre,Fuerza / hipertrofia,Principal avanzado,Quadriceps,Knee Dominant,Bodybuilding,https://youtu.be/8AxBDKQTyR0?si=qTGmTVE5AbG0urg6,Single Arm Kettlebell Bottoms Up Overhead Ipsilateral Reverse Lunge,Pierna,2,fuerza_hipertrofia
Intermedio,Peso libre,Fuerza / hipertrofia,Principal,Quadriceps,Knee Dominant,Sin clasificar,Sin dato,Heavy Sandbag Shoulder Ipsilateral Reverse Lunge,Pierna,3,fuerza_hipertrofia
Principiante,Peso libre,Fuerza / hipertrofia,Principal,Quadriceps,Knee Dominant,Bodybuilding,Sin dato,Single Arm Macebell Order Walking Lunge,Pierna,2,fuerza_hipertrofia
Principiante,Peso libre,Fuerza / hipertrofia,Principal,Quadriceps,Knee Dominant,Bodybuilding,Sin dato,Single Arm Macebell Order Alternating Lateral Lunge,Pierna,2,fuerza_hipertrofia
Principiante,Peso libre,Fuerza / hipertrofia,Principal,Quadriceps,Knee Dominant,Bodybuilding,Sin dato,Single Arm Macebell Order Alternating Forward Lunge,Pierna,2,fuerza_hipertrofia
Principiante,Peso libre,Fuerza / hipertrofia,Principal,Quadriceps,Knee Dominant,Bodybuilding,Sin dato,Single Arm Macebell Order Alternating Reverse Lunge,Pierna,2,fuerza_hipertrofia
Principiante,Peso libre,Fuerza / hipertrofia,Principal,Quadriceps,Knee Dominant,Bodybuilding,Sin dato,Single Arm Macebell Order Alternating Curtsy Lunge,Pierna,2,fuerza_hipertrofia
Principiante,Peso libre,Fuerza / hipertrofia,Principal,Quadriceps,Knee Dominant,Bodybuilding,Sin dato,Single Arm Macebell Order Contralateral Curtsy Lunge,Pierna,2,fuerza_hipertrofia
Principiante,Peso libre,Fuerza / hipertrofia,Principal,Quadriceps,Knee Dominant,Bodybuilding,Sin dato,Single Arm Macebell Order Ipsilateral Curtsy Lunge,Pierna,2,fuerza_hipertrofia
Principiante,Peso libre,Fuerza / hipertrofia,Principal,Quadriceps,Knee Dominant,Bodybuilding,Sin dato,Single Arm Macebell Order Contralateral Forward Lunge,Pierna,2,fuerza_hipertrofia
Principiante,Peso libre,Fuerza / hipertrofia,Principal,Quadriceps,Knee Dominant,Bodybuilding,Sin dato,Single Arm Macebell Order Ipsilateral Forward Lunge,Pierna,2,fuerza_hipertrofia
Principiante,Peso libre,Fuerza / hipertrofia,Principal,Quadriceps,Knee Dominant,Bodybuilding,Sin dato,Single Arm Macebell Order Contralateral Reverse Lunge,Pierna,2,fuerza_hipertrofia
Principiante,Peso libre,Fuerza / hipertrofia,Principal,Quadriceps,Knee Dominant,Bodybuilding,Sin dato,Single Arm Macebell Order Ipsilateral Reverse Lunge,Pierna,2,fuerza_hipertrofia
Principiante,Gimnasio / maquina,Fuerza / hipertrofia,Principal,Biceps,Elbow Flexion,Bodybuilding,https://youtu.be/Kx03EfVF0pU?si=ga2cI6XNh7JDM4dy,Single Arm Cable Incline Bench Preacher Curl,Jalón,-3,fuerza_hipertrofia
Principiante,Peso libre,Fuerza / hipertrofia,Principal,Back,Horizontal Pull,Bodybuilding,https://youtu.be/Ej-Imk_vGeQ?si=XXtAfuJDxAf0G8hk,Double Kettlebell Seesaw Bent Over Row,Jalón,2,fuerza_hipertrofia
Principiante,Peso libre,Fuerza / hipertrofia,Principal,Back,Horizontal Pull,Bodybuilding,https://youtu.be/BD5mTDoy2UE?si=00skC1JcPnkjtd86,Double Dumbbell Seesaw Bent Over Row,Jalón,2,fuerza_hipertrofia
Principiante,Peso libre,Fuerza / hipertrofia,Principal,Biceps,Elbow Flexion,Bodybuilding,https://youtu.be/Gi_ccf9-y0k?si=cNFfPXedcyCb_lSv,Barbell Spider Curl,Jalón,-3,fuerza_hipertrofia
Principiante,Accesorios funcionales,Fuerza / hipertrofia,Principal,Quadriceps,Knee Dominant,Bodybuilding,https://youtu.be/wRgS5ObhBdQ?si=jFFxWIOs9ZRlGwqN,Slider Kettlebell Horn Grip Reverse Lunge,Pierna,2,fuerza_hipertrofia
Principiante,Otro equipo,Fuerza / hipertrofia,Principal,Back,Hip Hinge,Bodybuilding,https://youtu.be/6U-qtYBP-bc?si=-53gPzTz2qX4pX-W,Superband Good Morning,Cadera,2,fuerza_hipertrofia
Intermedio,Otro equipo,Fuerza / hipertrofia,Principal,Calves,Ankle Plantar Flexion,Bodybuilding,Sin dato,Trap Bar Feet Elevated Calf Raise,Pierna,-3,fuerza_hipertrofia
Principiante,Otro equipo,Fuerza / hipertrofia,Principal,Hamstrings,Knee Dominant,Bodybuilding,https://youtu.be/0spHTVOeZ-4?feature=shared,Superband Prone Single Leg Hamstring Curl,Pierna,-1,fuerza_hipertrofia
Principiante,Otro equipo,Fuerza / hipertrofia,Principal,Hamstrings,Knee Dominant,Bodybuilding,Sin dato,Superband Prone Bench Single Leg Hamstring Curl,Pierna,-1,fuerza_hipertrofia
Intermedio,Peso libre,Fuerza / hipertrofia,Principal,Shoulders,Shoulder External Rotation,Sin clasificar,Sin dato,Barbell Seated Cuban Rotation,Empuje,1,fuerza_hipertrofia
Principiante,Gimnasio / maquina,Fuerza / hipertrofia,Principal,Back,Horizontal Pull,Bodybuilding,https://youtu.be/eAklBxVmR6w?si=FCt-1WsfkCKhD2P_,Cable Rope Pullover,Jalón,2,fuerza_hipertrofia
Principiante,Peso libre,Fuerza / hipertrofia,Principal,Triceps,Horizontal Push,Calisthenics,https://youtu.be/03FS1YOetXA?si=owgtdy5Ia3OB0e7K,Kettlebell Close Grip Push Up,Empuje,5,fuerza_hipertrofia
Principiante,Peso libre,Fuerza / hipertrofia,Principal,Triceps,Horizontal Push,Calisthenics,Sin dato,Kettlebell Kneeling Close Grip Push Up,Empuje,5,fuerza_hipertrofia
Intermedio,Peso libre,Fuerza / hipertrofia,Principal,Triceps,Horizontal Push,Calisthenics,Sin dato,Kettlebell Feet Elevated Close Grip Push Up,Empuje,5,fuerza_hipertrofia
Principiante,Peso libre,Fuerza / hipertrofia,Principal,Triceps,Horizontal Push,Calisthenics,https://youtu.be/OfmxKG10F5Q?si=8a3RFQgve9SfI8Mw,Barbell Close Grip Incline Push Up,Empuje,5,fuerza_hipertrofia
Principiante,Peso libre,Movilidad / estabilidad,Calentamiento,Hip Flexors,Locomotion,Balance,https://youtu.be/murEjbBNhu4?si=wAJyraPSE67uNMnO,Kettlebell Goblet March,Core,4,movilidad_estabilidad
Principiante,Peso libre,Movilidad / estabilidad,Calentamiento,Hip Flexors,Locomotion,Balance,https://youtu.be/WTpKwJlRLK4?si=0pMHaXA8XJ4fldaV,Dumbbell Goblet March,Core,4,movilidad_estabilidad
Intermedio,Peso libre,Movilidad / estabilidad,Calentamiento,Hip Flexors,Locomotion,Balance,https://youtu.be/LDkPoidjfsA?si=EVv239ngYX2tpMYR,Dumbbell Crush Grip Overhead March,Core,4,movilidad_estabilidad
Principiante,Gimnasio / maquina,Movilidad / estabilidad,Calentamiento,Abdominals,Anti-Rotational,Sin clasificar,https://youtu.be/tvzoG7Ua05Y?si=-i5BoLWWqI_tGovS,Cable Pallof Press,Core,3,movilidad_estabilidad
Intermedio,Calistenia / barras,Movilidad / estabilidad,Calentamiento,Abdominals,Anti-Rotational,Sin clasificar,https://youtu.be/zJTqReYQQGo?si=YEkchANMatD1FCxY,Single Ring Pallof Press,Core,3,movilidad_estabilidad
Principiante,Peso libre,Fuerza / hipertrofia,Principal,Quadriceps,Knee Dominant,Bodybuilding,Sin dato,Kettlebell Low Hold Foot Elevated Cossack Squat,Pierna,2,fuerza_hipertrofia
Intermedio,Peso libre,Fuerza / hipertrofia,Principal,Triceps,Elbow Extension,Bodybuilding,https://youtu.be/wJvhlGDf1Hc?si=orGFEeLw20_33-Ur,Barbell Seated Overhead Tricep Extension,Empuje,-3,fuerza_hipertrofia
Intermedio,Peso libre,Fuerza / hipertrofia,Principal,Triceps,Elbow Extension,Bodybuilding,https://youtu.be/ebyvvmmA00k?si=wJN4gwe0omjm34CV,Barbell Standing Overhead Tricep Extension,Empuje,-3,fuerza_hipertrofia
Intermedio,Peso libre,Fuerza / hipertrofia,Principal,Triceps,Elbow Extension,Bodybuilding,Sin dato,Barbell Tall Kneeling Overhead Tricep Extension,Empuje,-3,fuerza_hipertrofia
Principiante,Otro equipo,Fuerza / hipertrofia,Principal,Abductors,Hip Abduction,Bodybuilding,https://youtu.be/RrL3tkrRefw?feature=shared,Miniband Thigh Kneeling Side Plank Hip Abduction,General,0,fuerza_hipertrofia
Principiante,Sin equipo,Core / estabilidad,Principal,Abdominals,Spinal Flexion,Sin clasificar,https://youtu.be/Gala3hWxFTw?si=5Qrh2TKQB1NMQpCG,Bodyweight Crunch,Core,1,core_estabilidad
Principiante,Sin equipo,Core / estabilidad,Principal,Abdominals,Spinal Flexion,Sin clasificar,https://youtu.be/aIyadD7d7OA?si=I96m4yP0SA4lVKvH,Bodyweight Reverse Crunch,Core,1,core_estabilidad
Intermedio,Sin equipo,Fuerza / hipertrofia,Principal,Triceps,Vertical Push,Calisthenics,https://youtu.be/vJhFJJu7ock?si=fw1wLN_DqI1nQovZ,Bodyweight Dips,Empuje,5,fuerza_hipertrofia
Principiante,Peso libre,Fuerza / hipertrofia,Principal,Shoulders,Shoulder Abduction,Sin clasificar,https://youtu.be/dQcKaPnET_U?si=BnxCG8Nw6jQvo43a,Single Arm Dumbbell Incline Bench Powell Raise,Empuje,1,fuerza_hipertrofia
Intermedio,Gimnasio / maquina,Core / estabilidad,Principal,Abdominals,Rotational,Sin clasificar,https://youtu.be/su38T53sj_I?si=cqcEdslivlwvc0tG,Cable Rope Half Kneeling Rotation,Core,3,core_estabilidad
Avanzado,Gimnasio / maquina,Core / estabilidad,Principal avanzado,Abdominals,Rotational,Sin clasificar,Sin dato,Cable Rope Isometric Split Squat Rotation,Core,3,core_estabilidad
Principiante,Peso libre,Fuerza / hipertrofia,Principal,Shoulders,Shoulder External Rotation,Sin clasificar,Sin dato,Double Dumbbell Tall Kneeling Cuban Press,Empuje,1,fuerza_hipertrofia
Intermedio,Peso libre,Fuerza / hipertrofia,Principal,Back,Hip Hinge,Bodybuilding,https://youtu.be/D4mJTEkNnLY?si=iLZLY-yBoFZVR8GZ,Heavy Sandbag Bear Hug Good Morning,Cadera,2,fuerza_hipertrofia
Intermedio,Peso libre,Fuerza / hipertrofia,Principal,Shoulders,Vertical Push,Sin clasificar,Sin dato,Heavy Sandbag Clean to Overhead Press,Empuje,3,fuerza_hipertrofia
Intermedio,Peso libre,Fuerza / hipertrofia,Principal,Quadriceps,Knee Dominant,Bodybuilding,https://youtu.be/uVDzXg1lrLY?si=qhBp6Nh9qXBsFBEK,Kettlebell Horn Grip Bulgarian Split Squat,Pierna,2,fuerza_hipertrofia
Principiante,Peso libre,Fuerza / hipertrofia,Principal,Quadriceps,Knee Dominant,Bodybuilding,https://youtu.be/OjBghWkudHk?si=LxwZc1KnuyA20kv-,Kettlebell Horn Grip Split Squat,Pierna,2,fuerza_hipertrofia
Principiante,Peso libre,Fuerza / hipertrofia,Principal,Quadriceps,Knee Dominant,Bodybuilding,Sin dato,Kettlebell Horn Grip Knee Over Toe Split Squat,Pierna,2,fuerza_hipertrofia
Principiante,Peso libre,Fuerza / hipertrofia,Principal,Quadriceps,Knee Dominant,Bodybuilding,Sin dato,Kettlebell Horn Grip Foot Elevated Knee Over Toe Split Squat,Pierna,2,fuerza_hipertrofia
Principiante,Peso libre,Fuerza / hipertrofia,Principal,Quadriceps,Knee Dominant,Bodybuilding,Sin dato,Kettlebell Goblet Cossack Squat,Pierna,2,fuerza_hipertrofia
Principiante,Peso libre,Fuerza / hipertrofia,Principal,Quadriceps,Knee Dominant,Bodybuilding,https://youtu.be/VFFS9y4czO8?si=iICpgUIx3HuQxAXK,Kettlebell Horn Grip Alternating Cossack Squat,Pierna,2,fuerza_hipertrofia
Principiante,Peso libre,Fuerza / hipertrofia,Principal,Quadriceps,Knee Dominant,Bodybuilding,https://youtu.be/m7SpIGBcysg?feature=shared,Kettlebell Horn Grip Foot Elevated Cossack Squat,Pierna,2,fuerza_hipertrofia
Intermedio,Peso libre,Fuerza / hipertrofia,Principal,Quadriceps,Knee Dominant,Bodybuilding,Sin dato,Kettlebell Horn Grip Low Switch Cossack Squat,Pierna,2,fuerza_hipertrofia
Principiante,Peso libre,Fuerza / hipertrofia,Principal,Quadriceps,Knee Dominant,Bodybuilding,https://youtu.be/rSaWYv37zzE?si=A1Q8ZZrV4BpY2YTj,Kettlebell Horn Grip Cossack Squat,Pierna,2,fuerza_hipertrofia
Principiante,Peso libre,Fuerza / hipertrofia,Principal,Quadriceps,Knee Dominant,Sin clasificar,https://youtu.be/1Yw4YA4cwAo?si=fX6SXG6cfeXhhNQ_,Kettlebell Horn Grip Squat,Pierna,3,fuerza_hipertrofia
Avanzado,Peso libre,Fuerza / hipertrofia,Principal avanzado,Quadriceps,Knee Dominant,Bodybuilding,https://youtu.be/TyxhJBfOh58?si=ExY9V0DPBrWkWCel,Single Arm Kettlebell Overhead Contralateral Bulgarian Split Squat,Pierna,2,fuerza_hipertrofia
Avanzado,Peso libre,Fuerza / hipertrofia,Principal avanzado,Quadriceps,Knee Dominant,Bodybuilding,https://youtu.be/gOht2c4hMzg?si=yTn2j_m1x58wZj-l,Single Arm Kettlebell Overhead Ipsilateral Bulgarian Split Squat,Pierna,2,fuerza_hipertrofia
Principiante,Peso libre,Fuerza / hipertrofia,Principal,Quadriceps,Knee Dominant,Bodybuilding,https://youtu.be/HLDhxSqMQyE?si=3iYb1Ys4Ld0KFpSn,Double Dumbbell Low Hold Lateral Lunge,Pierna,2,fuerza_hipertrofia
Intermedio,Peso libre,Fuerza / hipertrofia,Principal,Quadriceps,Knee Dominant,Bodybuilding,https://youtu.be/OEtwgF9fZcM?si=NiXeU6zewA9v0Fkx,Barbell Front Rack Lateral Lunge,Pierna,2,fuerza_hipertrofia
Avanzado,Peso libre,Fuerza / hipertrofia,Principal avanzado,Quadriceps,Knee Dominant,Bodybuilding,Sin dato,Barbell Overhead Lateral Lunge,Pierna,2,fuerza_hipertrofia
Intermedio,Peso libre,Condicion fisica / potencia,Principal,Quadriceps,Knee Dominant,Sin clasificar,Sin dato,Heavy Sandbag Bear Hug Lateral Lunge,Pierna,5,potencia_funcional
Intermedio,Peso libre,Fuerza / hipertrofia,Principal,Quadriceps,Knee Dominant,Sin clasificar,Sin dato,Heavy Sandbag Shoulder Contralateral Lateral Lunge,Pierna,3,fuerza_hipertrofia
Intermedio,Peso libre,Fuerza / hipertrofia,Principal,Quadriceps,Knee Dominant,Bodybuilding,https://youtu.be/1vL0XkLlP-w?si=hzM0tCpVcWoTpqc7,Barbell Back Rack Lateral Lunge,Pierna,2,fuerza_hipertrofia
Principiante,Peso libre,Fuerza / hipertrofia,Principal,Quadriceps,Knee Dominant,Bodybuilding,Sin dato,Double Kettlebell Suitcase Lateral Lunge,Pierna,2,fuerza_hipertrofia
Principiante,Peso libre,Fuerza / hipertrofia,Principal,Quadriceps,Knee Dominant,Bodybuilding,https://youtu.be/TzuHADj8h4M?si=iwVlpYdKhmpx03MU,Double Kettlebell Front Rack Lateral Lunge,Pierna,2,fuerza_hipertrofia
Intermedio,Peso libre,Fuerza / hipertrofia,Principal,Quadriceps,Knee Dominant,Bodybuilding,Sin dato,Double Kettlebell Bottoms Up Front Rack Lateral Lunge,Pierna,2,fuerza_hipertrofia
Principiante,Peso libre,Fuerza / hipertrofia,Principal,Quadriceps,Knee Dominant,Bodybuilding,https://youtu.be/yX1XqdeaczU?si=-zoUhOUe3G-CUM4q,Double Dumbbell Front Rack Lateral Lunge,Pierna,2,fuerza_hipertrofia
Intermedio,Peso libre,Fuerza / hipertrofia,Principal,Quadriceps,Knee Dominant,Bodybuilding,Sin dato,Double Dumbbell Overhead Lateral Lunge,Pierna,2,fuerza_hipertrofia
Principiante,Peso libre,Fuerza / hipertrofia,Principal,Quadriceps,Knee Dominant,Bodybuilding,https://youtu.be/-5W0Wi2_vps?feature=shared,Single Arm Dumbbell Suitcase Contralateral Lateral Lunge,Pierna,2,fuerza_hipertrofia
Principiante,Peso libre,Fuerza / hipertrofia,Principal,Quadriceps,Knee Dominant,Bodybuilding,https://youtu.be/OWIhh8vYl-M?si=WNuup7a0fJkVHgbd,Single Arm Dumbbell Front Rack Contralateral Lateral Lunge,Pierna,2,fuerza_hipertrofia
Intermedio,Peso libre,Fuerza / hipertrofia,Principal,Quadriceps,Knee Dominant,Bodybuilding,https://youtu.be/Lfk8pR6zSpY?si=OohC0T89kZMsUcm0,Single Arm Dumbbell Overhead Contralateral Lateral Lunge,Pierna,2,fuerza_hipertrofia
Intermedio,Peso libre,Fuerza / hipertrofia,Principal,Quadriceps,Knee Dominant,Bodybuilding,Sin dato,Double Kettlebell Overhead Lateral Lunge,Pierna,2,fuerza_hipertrofia
Principiante,Peso libre,Fuerza / hipertrofia,Principal,Quadriceps,Knee Dominant,Bodybuilding,https://youtu.be/Vfl-OUHFQQo?si=zECktY2dytdpOMdK,Dumbbell Goblet Lateral Lunge,Pierna,2,fuerza_hipertrofia
Principiante,Peso libre,Fuerza / hipertrofia,Principal,Quadriceps,Knee Dominant,Bodybuilding,Sin dato,Clubbell Order Lateral Lunge,Pierna,2,fuerza_hipertrofia
Principiante,Peso libre,Fuerza / hipertrofia,Principal,Quadriceps,Knee Dominant,Bodybuilding,Sin dato,Double Clubbell Order Lateral Lunge,Pierna,2,fuerza_hipertrofia
Principiante,Peso libre,Fuerza / hipertrofia,Principal,Quadriceps,Knee Dominant,Bodybuilding,Sin dato,Single Arm Clubbell Order Contralateral Lateral Lunge,Pierna,2,fuerza_hipertrofia
Principiante,Peso libre,Fuerza / hipertrofia,Principal,Quadriceps,Knee Dominant,Bodybuilding,Sin dato,Macebell Order Lateral Lunge,Pierna,2,fuerza_hipertrofia
Avanzado,Peso libre,Fuerza / hipertrofia,Principal avanzado,Quadriceps,Knee Dominant,Bodybuilding,Sin dato,Double Kettlebell Bottoms Up Overhead Lateral Lunge,Pierna,2,fuerza_hipertrofia
Principiante,Peso libre,Fuerza / hipertrofia,Principal,Quadriceps,Knee Dominant,Bodybuilding,https://youtu.be/NlkYG2ZJ0OE?si=oa1-NGoydk-xKSsq,Single Arm Kettlebell Suitcase Contralateral Lateral Lunge,Pierna,2,fuerza_hipertrofia
Principiante,Sin equipo,Fuerza / hipertrofia,Principal,Quadriceps,Knee Dominant,Bodybuilding,https://youtu.be/vwOrd9umMOc?si=dTiEBNYBRJajSW4a,Bodyweight Lateral Lunge,Pierna,2,fuerza_hipertrofia
Principiante,Otro equipo,Fuerza / hipertrofia,Principal,Quadriceps,Knee Dominant,Bodybuilding,Sin dato,Bulgarian Bag Back Rack Lateral Lunge,Pierna,2,fuerza_hipertrofia
Principiante,Peso libre,Fuerza / hipertrofia,Principal,Quadriceps,Knee Dominant,Bodybuilding,https://youtu.be/U-z_jIM8Tew?si=SZspUD2oLZXeO5D2,Sandbag Front Rack Lateral Lunge,Pierna,2,fuerza_hipertrofia
Intermedio,Peso libre,Fuerza / hipertrofia,Principal,Quadriceps,Knee Dominant,Bodybuilding,https://youtu.be/iojT0TdeY-Q?si=ROEMSEe_KkOEdMc0,Plate Overhead Lateral Lunge,Pierna,2,fuerza_hipertrofia
Principiante,Peso libre,Fuerza / hipertrofia,Principal,Quadriceps,Knee Dominant,Bodybuilding,https://youtu.be/Zsabw1IsO9I?si=b5LVn94BLkSHKB_5,Single Arm Kettlebell Front Rack Contralateral Lateral Lunge,Pierna,2,fuerza_hipertrofia
Intermedio,Peso libre,Fuerza / hipertrofia,Principal,Quadriceps,Knee Dominant,Bodybuilding,https://youtu.be/MmjIL_vngvw?si=aEO8f0KqC36Pr-Lx,Single Arm Kettlebell Bottoms Up Front Rack Contralateral Lateral Lunge,Pierna,2,fuerza_hipertrofia
Intermedio,Peso libre,Fuerza / hipertrofia,Principal,Quadriceps,Knee Dominant,Bodybuilding,Sin dato,Single Arm Kettlebell Overhead Contralateral Lateral Lunge,Pierna,2,fuerza_hipertrofia
Avanzado,Peso libre,Fuerza / hipertrofia,Principal avanzado,Quadriceps,Knee Dominant,Bodybuilding,Sin dato,Single Arm Kettlebell Bottoms Up Overhead Contralateral Lateral Lunge,Pierna,2,fuerza_hipertrofia
Principiante,Peso libre,Fuerza / hipertrofia,Principal,Quadriceps,Knee Dominant,Bodybuilding,https://youtu.be/kLdLvTsVbeU?si=ncvaPkFaqqmfK76j,Kettlebell Goblet Lateral Lunge,Pierna,2,fuerza_hipertrofia
Principiante,Peso libre,Fuerza / hipertrofia,Principal,Quadriceps,Knee Dominant,Bodybuilding,https://youtu.be/rWKbV7s0bhc?si=DBfnajIIdfbAlzNg,Kettlebell Horn Grip Lateral Lunge,Pierna,2,fuerza_hipertrofia
Avanzado,Peso libre,Fuerza / hipertrofia,Principal avanzado,Quadriceps,Knee Dominant,Bodybuilding,https://youtu.be/xeeDCg5-Jxw?si=ji2BQOrjjkDkClD5,Barbell Zercher Lateral Lunge,Pierna,2,fuerza_hipertrofia
Principiante,Peso libre,Fuerza / hipertrofia,Principal,Quadriceps,Knee Dominant,Bodybuilding,https://youtu.be/eKSHQsVMOK4?si=5Lej30jpx3r7UZJB,Single Arm Dumbbell Front Rack Ipsilateral Lateral Lunge,Pierna,2,fuerza_hipertrofia
Intermedio,Peso libre,Fuerza / hipertrofia,Principal,Quadriceps,Knee Dominant,Bodybuilding,Sin dato,Single Arm Dumbbell Overhead Ipsilateral Lateral Lunge,Pierna,2,fuerza_hipertrofia
Principiante,Peso libre,Fuerza / hipertrofia,Principal,Quadriceps,Knee Dominant,Bodybuilding,Sin dato,Single Arm Clubbell Order Ipsilateral Lateral Lunge,Pierna,2,fuerza_hipertrofia
Principiante,Peso libre,Fuerza / hipertrofia,Principal,Quadriceps,Knee Dominant,Bodybuilding,Sin dato,Single Arm Kettlebell Front Rack Ipsilateral Lateral Lunge,Pierna,2,fuerza_hipertrofia
Intermedio,Peso libre,Fuerza / hipertrofia,Principal,Quadriceps,Knee Dominant,Bodybuilding,Sin dato,Single Arm Kettlebell Bottoms Up Front Rack Ipsilateral Lateral Lunge,Pierna,2,fuerza_hipertrofia
Intermedio,Peso libre,Fuerza / hipertrofia,Principal,Quadriceps,Knee Dominant,Bodybuilding,Sin dato,Single Arm Kettlebell Overhead Ipsilateral Lateral Lunge,Pierna,2,fuerza_hipertrofia
Avanzado,Peso libre,Fuerza / hipertrofia,Principal avanzado,Quadriceps,Knee Dominant,Bodybuilding,Sin dato,Single Arm Kettlebell Bottoms Up Overhead Ipsilateral Lateral Lunge,Pierna,2,fuerza_hipertrofia
Intermedio,Peso libre,Fuerza / hipertrofia,Principal,Quadriceps,Knee Dominant,Sin clasificar,Sin dato,Heavy Sandbag Shoulder Ipsilateral Lateral Lunge,Pierna,3,fuerza_hipertrofia
Principiante,Peso libre,Fuerza / hipertrofia,Principal,Quadriceps,Knee Dominant,Bodybuilding,Sin dato,Single Arm Macebell Order Contralateral Lateral Lunge,Pierna,2,fuerza_hipertrofia
Principiante,Peso libre,Fuerza / hipertrofia,Principal,Quadriceps,Knee Dominant,Bodybuilding,Sin dato,Single Arm Macebell Order Ipsilateral Lateral Lunge,Pierna,2,fuerza_hipertrofia
Intermedio,Peso libre,Condicion fisica / potencia,Tecnica,Shoulders,Hip Hinge,Ballistics,https://youtu.be/wmPn0Mvn1gU?si=J1dYeSMpkYaIcLj8,Alternating Single Arm Kettlebell Clean to Push Press,Cadera,8,potencia_funcional
Intermedio,Peso libre,Condicion fisica / potencia,Tecnica,Shoulders,Hip Hinge,Ballistics,https://youtu.be/iMjJRSR2VjU?si=aNlEfyCdPcY-CarB,Alternating Single Arm Kettlebell Clean to Overhead Press,Cadera,8,potencia_funcional
Intermedio,Peso libre,Condicion fisica / potencia,Tecnica,Quadriceps,Hip Hinge,Ballistics,Sin dato,Alternating Single Arm Kettlebell Clean to Front Rack Squat,Pierna,8,potencia_funcional
Intermedio,Otro equipo,Fuerza / hipertrofia,Principal,Shoulders,Vertical Push,Sin clasificar,https://youtu.be/JFAHbtg7yGo?si=D0wQ8DZcL7yrM3kB,Single Arm Landmine Half Kneeling Ipsilateral Shoulder Press,Empuje,3,fuerza_hipertrofia
Intermedio,Accesorios funcionales,Condicion fisica / potencia,Principal,Adductors,Hip Adduction,Sin clasificar,https://youtu.be/-2epiOMX6MA?si=uVZg_03GZULcCJ7F,Stability Ball Copenhagen Plank,General,3,potencia_funcional
Avanzado,Peso libre,Condicion fisica / potencia,Tecnica,Glutes,Hip Hinge,Ballistics,https://youtu.be/8iDWbo_j5v0?si=sHXK18f-6Tt7DZDW,Double Kettlebell Gorilla Clean,Pierna,8,potencia_funcional
Intermedio,Accesorios funcionales,Movilidad / estabilidad,Calentamiento,Abdominals,Anti-Lateral Flexion,Sin clasificar,https://youtu.be/4PEb0vOgK-c?si=VnLjpuKoW3QEQjAS,Stability Ball Side Plank,Core,1,movilidad_estabilidad
Intermedio,Accesorios funcionales,Movilidad / estabilidad,Calentamiento,Abdominals,Anti-Extension,Sin clasificar,https://youtu.be/P6etpDUfGWE?si=PNWuo_7oxajSyVST,Stability Ball Mountain Climber,Core,1,movilidad_estabilidad
Principiante,Peso libre,Fuerza / hipertrofia,Principal,Biceps,Elbow Flexion,Bodybuilding,https://youtu.be/8ZojxSRyeSc?si=VyMvt77RkP4-J8_Z,Kettlebell Horn Grip Seated Bicep Curl,Jalón,-3,fuerza_hipertrofia
Intermedio,Peso libre,Condicion fisica / potencia,Principal,Shoulders,Hip Hinge,Sin clasificar,Sin dato,Alternating Single Arm Kettlebell Clean to Bent Press,Cadera,5,potencia_funcional
Intermedio,Peso libre,Condicion fisica / potencia,Principal,Shoulders,Hip Hinge,Sin clasificar,Sin dato,Single Arm Kettlebell Clean to Bent Press,Cadera,5,potencia_funcional
Intermedio,Peso libre,Condicion fisica / potencia,Principal,Adductors,Hip Adduction,Sin clasificar,https://youtu.be/vYpsixm7ETY?si=OnSWh63rxbrpvpV9,Single Arm Kettlebell Copenhagen Plank,General,3,potencia_funcional
Intermedio,Calistenia / barras,Condicion fisica / potencia,Principal,Adductors,Hip Adduction,Sin clasificar,https://youtu.be/SDe0leCDjKA?si=GubJDQVVx4IoBbJa,Suspension Copenhagen Plank,General,3,potencia_funcional
Intermedio,Peso libre,Condicion fisica / potencia,Principal,Adductors,Hip Adduction,Sin clasificar,Sin dato,Single Arm Kettlebell Bent Knee Copenhagen Plank,General,3,potencia_funcional
Intermedio,Peso libre,Condicion fisica / potencia,Principal,Adductors,Hip Adduction,Sin clasificar,https://youtu.be/5mF3RrwkX-M?si=sDX18PL3XzhLlBhu,Single Arm Kettlebell Bottoms Up Bent Knee Copenhagen Plank,General,3,potencia_funcional
Intermedio,Calistenia / barras,Movilidad / estabilidad,Calentamiento,Abdominals,Anti-Extension,Sin clasificar,https://youtu.be/LgDDIt6oXkM?si=KauCb0BONYq4Old8,Suspension Kneeling Rollout,Core,1,movilidad_estabilidad
Principiante,Peso libre,Fuerza / hipertrofia,Principal,Biceps,Elbow Flexion,Bodybuilding,https://youtu.be/tW2C6Lo__Yk?si=Yp5YaQGXIq81DkOp,Kettlebell Horn Grip Tall Kneeling Bicep Curl,Jalón,-3,fuerza_hipertrofia
Principiante,Peso libre,Fuerza / hipertrofia,Principal,Biceps,Elbow Flexion,Bodybuilding,https://youtu.be/iwRRckk8aSg?si=JM8g4iDrUB-VdtU4,Kettlebell Horn Grip Half Kneeling Bicep Curl,Jalón,-3,fuerza_hipertrofia
Principiante,Peso libre,Fuerza / hipertrofia,Principal,Biceps,Elbow Flexion,Bodybuilding,https://youtu.be/-W0wS5W_PVw?si=5DGjI1VND3VVMHPC,Double Kettlebell Bicep Curl,Jalón,-3,fuerza_hipertrofia
Principiante,Peso libre,Fuerza / hipertrofia,Principal,Biceps,Elbow Flexion,Bodybuilding,https://youtu.be/brZSl8Vvn1k?si=5ow9W6khPHpplZlE,Double Kettlebell Seated Bicep Curl,Jalón,-3,fuerza_hipertrofia
Principiante,Peso libre,Fuerza / hipertrofia,Principal,Biceps,Elbow Flexion,Bodybuilding,Sin dato,Alternating Double Kettlebell Bicep Curl,Jalón,-3,fuerza_hipertrofia
Principiante,Peso libre,Fuerza / hipertrofia,Principal,Biceps,Elbow Flexion,Bodybuilding,Sin dato,Alternating Double Kettlebell Seated Bicep Curl,Jalón,-3,fuerza_hipertrofia
Principiante,Peso libre,Fuerza / hipertrofia,Principal,Biceps,Elbow Flexion,Bodybuilding,https://youtu.be/f3LvSVbDINk?si=fJJqDtL6UzxX6HF2,Single Arm Kettlebell Bicep Curl,Jalón,-3,fuerza_hipertrofia
Principiante,Peso libre,Fuerza / hipertrofia,Principal,Biceps,Elbow Flexion,Bodybuilding,Sin dato,Single Arm Kettlebell Seated Bicep Curl,Jalón,-3,fuerza_hipertrofia
Principiante,Peso libre,Fuerza / hipertrofia,Principal,Biceps,Elbow Flexion,Bodybuilding,Sin dato,Single Arm Dumbbell Incline Bench Bicep Curl,Jalón,-3,fuerza_hipertrofia
Principiante,Peso libre,Fuerza / hipertrofia,Principal,Biceps,Elbow Flexion,Bodybuilding,Sin dato,Alternating Double Kettlebell Incline Bench Bicep Curl,Jalón,-3,fuerza_hipertrofia
Principiante,Peso libre,Fuerza / hipertrofia,Principal,Biceps,Elbow Flexion,Bodybuilding,https://youtu.be/KKoE4bpJFHg?si=w_Jg92Al0uWTHBrc,Double Kettlebell Incline Bench Bicep Curl,Jalón,-3,fuerza_hipertrofia
Principiante,Peso libre,Fuerza / hipertrofia,Principal,Biceps,Elbow Flexion,Bodybuilding,Sin dato,Single Arm Kettlebell Incline Bench Bicep Curl,Jalón,-3,fuerza_hipertrofia
Principiante,Peso libre,Fuerza / hipertrofia,Principal,Biceps,Elbow Flexion,Bodybuilding,https://youtu.be/gXoD6NsVG6A?si=T_xS8jfGx-kpADhE,Alternating Double Kettlebell Tall Kneeling Bicep Curl,Jalón,-3,fuerza_hipertrofia
Principiante,Peso libre,Fuerza / hipertrofia,Principal,Biceps,Elbow Flexion,Bodybuilding,https://youtu.be/JfCsmOJVVZY?si=RffYK1zASlVfYN1a,Double Kettlebell Tall Kneeling Bicep Curl,Jalón,-3,fuerza_hipertrofia
Principiante,Peso libre,Fuerza / hipertrofia,Principal,Biceps,Elbow Flexion,Bodybuilding,https://youtu.be/hGE3lxAF2Ew?si=MwJzQO_RzHV8FcbT,Single Arm Kettlebell Tall Kneeling Bicep Curl,Jalón,-3,fuerza_hipertrofia
Principiante,Peso libre,Fuerza / hipertrofia,Principal,Biceps,Elbow Flexion,Bodybuilding,https://youtu.be/UtdszXND3fg?feature=shared,Single Arm Dumbbell Half Kneeling Concentration Curl,Jalón,-3,fuerza_hipertrofia
Intermedio,Otro equipo,Fuerza / hipertrofia,Principal,Quadriceps,Knee Dominant,Sin clasificar,https://youtu.be/MbQWu3GdWfc?si=KbIZoybRZD3g6-FW,Sled Push,Pierna,3,fuerza_hipertrofia
Intermedio,Otro equipo,Fuerza / hipertrofia,Principal,Back,Horizontal Pull,Sin clasificar,https://youtu.be/gdtO9qeaiCE?si=S9DCMUsrnQHGFG6p,Sled Rope Pull,Jalón,3,fuerza_hipertrofia
Intermedio,Otro equipo,Fuerza / hipertrofia,Principal,Back,Horizontal Pull,Sin clasificar,https://youtu.be/2E_kPuk5hvE?si=S5YhKa1bP3YcStRr,Sled Rope Seated Pull,Jalón,3,fuerza_hipertrofia
Intermedio,Otro equipo,Fuerza / hipertrofia,Principal,Quadriceps,Knee Dominant,Sin clasificar,https://youtu.be/r5cW_epFjIw?si=VKB6obgn3EIvcAkZ,Sled Forward Drag,Pierna,3,fuerza_hipertrofia
Principiante,Peso libre,Movilidad / estabilidad,Calentamiento,Hip Flexors,Locomotion,Balance,https://youtu.be/Lfra9QN-CEY?si=8LJ2F_o_hqib0dW7,Single Arm Kettlebell Front Rack March,Core,4,movilidad_estabilidad
Avanzado,Peso libre,Condicion fisica / potencia,Tecnica,Shoulders,Hip Hinge,Ballistics,Sin dato,Single Arm Kettlebell Tactical Clean to Push Jerk,Cadera,8,potencia_funcional
Avanzado,Peso libre,Condicion fisica / potencia,Principal avanzado,Shoulders,Knee Dominant,Sin clasificar,Sin dato,Single Arm Kettlebell Tactical Clean to Thruster,Pierna,5,potencia_funcional
Avanzado,Peso libre,Condicion fisica / potencia,Tecnica,Shoulders,Hip Hinge,Ballistics,Sin dato,Single Arm Kettlebell Tactical Clean to Split Jerk,Cadera,8,potencia_funcional
Avanzado,Peso libre,Condicion fisica / potencia,Tecnica,Shoulders,Hip Hinge,Ballistics,https://youtu.be/VqGvsMrYawU?si=Ori5Rji8qPy2ADXI,Single Arm Kettlebell Tactical Clean to Push Press,Cadera,8,potencia_funcional
Avanzado,Peso libre,Condicion fisica / potencia,Tecnica,Shoulders,Hip Hinge,Ballistics,Sin dato,Single Arm Kettlebell Tactical Clean to Overhead Press,Cadera,8,potencia_funcional
Avanzado,Peso libre,Condicion fisica / potencia,Tecnica,Quadriceps,Hip Hinge,Ballistics,Sin dato,Single Arm Kettlebell Tactical Clean to Front Rack Squat,Pierna,8,potencia_funcional
Avanzado,Peso libre,Condicion fisica / potencia,Principal avanzado,Shoulders,Hip Hinge,Sin clasificar,Sin dato,Single Arm Kettlebell Tactical Clean to Bent Press,Cadera,5,potencia_funcional
Principiante,Gimnasio / maquina,Fuerza / hipertrofia,Principal,Triceps,Elbow Extension,Bodybuilding,https://youtu.be/jygDw93Kpec?si=9DxPSP8Q1CPy0yy6,Cable Straight Bar Incline Bench Tricep Pushdown,Empuje,-3,fuerza_hipertrofia
Principiante,Peso libre,Fuerza / hipertrofia,Principal,Forearms,Elbow Flexion,Bodybuilding,Sin dato,Barbell Tall Kneeling Reverse Grip Bicep Curl,General,-3,fuerza_hipertrofia
Principiante,Gimnasio / maquina,Fuerza / hipertrofia,Principal,Triceps,Elbow Extension,Bodybuilding,Sin dato,Cable Straight Bar Tall Kneeling Tricep Pushdown,Empuje,-3,fuerza_hipertrofia
Principiante,Gimnasio / maquina,Fuerza / hipertrofia,Principal,Biceps,Elbow Flexion,Bodybuilding,https://youtu.be/TIwtTz5DX30?si=V3tF_pgDukqaKglY,Single Arm Cable Bayesian Curl,Jalón,-3,fuerza_hipertrofia
Principiante,Gimnasio / maquina,Fuerza / hipertrofia,Principal,Triceps,Elbow Extension,Bodybuilding,https://youtu.be/WT7TZA3xBHA?si=15gqGEo-GBZLm2qa,Cable Rope Incline Bench Tricep Pushdown,Empuje,-3,fuerza_hipertrofia
Intermedio,Peso libre,Condicion fisica / potencia,Tecnica,Glutes,Hip Hinge,Ballistics,Sin dato,Double Kettlebell Start Stop Half Snatch,Pierna,8,potencia_funcional
Intermedio,Peso libre,Condicion fisica / potencia,Tecnica,Glutes,Hip Hinge,Ballistics,Sin dato,Alternating Single Arm Kettlebell Start Stop Half Snatch,Pierna,8,potencia_funcional
Intermedio,Peso libre,Condicion fisica / potencia,Tecnica,Glutes,Hip Hinge,Ballistics,Sin dato,Single Arm Kettlebell Start Stop Half Snatch,Pierna,8,potencia_funcional
Principiante,Peso libre,Fuerza / hipertrofia,Principal,Chest,Horizontal Push,Calisthenics,https://youtu.be/cMTMeVuzxrc?si=APyA08cxZpcn68qE,Double Kettlebell Kneeling Push Up,Empuje,5,fuerza_hipertrofia
Principiante,Sin equipo,Core / estabilidad,Principal,Abdominals,Rotational,Sin clasificar,Sin dato,Bodyweight Oblique Crunch,Core,3,core_estabilidad
Intermedio,Peso libre,Condicion fisica / potencia,Tecnica,Shoulders,Hip Hinge,Ballistics,Sin dato,Double Kettlebell Start Stop Clean to Overhead Press,Cadera,8,potencia_funcional
Intermedio,Peso libre,Condicion fisica / potencia,Tecnica,Quadriceps,Hip Hinge,Ballistics,Sin dato,Double Kettlebell Start Stop Clean to Front Rack Alternating Reverse Lunge,Pierna,8,potencia_funcional
Intermedio,Peso libre,Condicion fisica / potencia,Principal,Shoulders,Hip Hinge,Sin clasificar,Sin dato,Double Kettlebell Start Stop Clean to Thruster,Cadera,5,potencia_funcional
Intermedio,Peso libre,Condicion fisica / potencia,Tecnica,Shoulders,Hip Hinge,Ballistics,Sin dato,Double Kettlebell Start Stop Clean to Push Jerk,Cadera,8,potencia_funcional
Intermedio,Peso libre,Condicion fisica / potencia,Tecnica,Shoulders,Hip Hinge,Ballistics,Sin dato,Double Kettlebell Start Stop Clean to Split Jerk,Cadera,8,potencia_funcional
Intermedio,Peso libre,Condicion fisica / potencia,Tecnica,Quadriceps,Hip Hinge,Ballistics,Sin dato,Double Kettlebell Start Stop Clean to Front Rack Squat,Pierna,8,potencia_funcional
Intermedio,Peso libre,Condicion fisica / potencia,Tecnica,Shoulders,Hip Hinge,Ballistics,Sin dato,Double Kettlebell Start Stop Clean to Push Press,Cadera,8,potencia_funcional
Intermedio,Peso libre,Condicion fisica / potencia,Tecnica,Quadriceps,Hip Hinge,Ballistics,Sin dato,Double Kettlebell Start Stop Clean to Front Rack Alternating Forward Lunge,Pierna,8,potencia_funcional
Intermedio,Peso libre,Condicion fisica / potencia,Tecnica,Shoulders,Hip Hinge,Ballistics,Sin dato,Single Arm Kettlebell Start Stop Clean to Overhead Press,Cadera,8,potencia_funcional
Intermedio,Peso libre,Condicion fisica / potencia,Tecnica,Quadriceps,Hip Hinge,Ballistics,Sin dato,Single Arm Kettlebell Start Stop Clean to Front Rack Contralateral Reverse Lunge,Pierna,8,potencia_funcional
Intermedio,Peso libre,Condicion fisica / potencia,Tecnica,Shoulders,Hip Hinge,Ballistics,Sin dato,Single Arm Kettlebell Start Stop Clean to Split Jerk,Cadera,8,potencia_funcional
Intermedio,Peso libre,Condicion fisica / potencia,Principal,Shoulders,Hip Hinge,Sin clasificar,Sin dato,Single Arm Kettlebell Start Stop Clean to Thruster,Cadera,5,potencia_funcional
Intermedio,Peso libre,Condicion fisica / potencia,Tecnica,Shoulders,Hip Hinge,Ballistics,Sin dato,Single Arm Kettlebell Start Stop Clean to Push Press,Cadera,8,potencia_funcional
Intermedio,Peso libre,Condicion fisica / potencia,Tecnica,Shoulders,Hip Hinge,Ballistics,Sin dato,Single Arm Kettlebell Start Stop Clean to Push Jerk,Cadera,8,potencia_funcional
Intermedio,Peso libre,Condicion fisica / potencia,Tecnica,Quadriceps,Hip Hinge,Ballistics,Sin dato,Single Arm Kettlebell Start Stop Clean to Front Rack Contralateral Forward Lunge,Pierna,8,potencia_funcional
Intermedio,Peso libre,Condicion fisica / potencia,Tecnica,Quadriceps,Hip Hinge,Ballistics,Sin dato,Single Arm Kettlebell Start Stop Clean to Front Rack Squat,Pierna,8,potencia_funcional
Intermedio,Peso libre,Condicion fisica / potencia,Tecnica,Quadriceps,Hip Hinge,Ballistics,Sin dato,Single Arm Kettlebell Start Stop Clean to Front Rack Ipsilateral Reverse Lunge,Pierna,8,potencia_funcional
Intermedio,Peso libre,Condicion fisica / potencia,Tecnica,Quadriceps,Hip Hinge,Ballistics,Sin dato,Single Arm Kettlebell Start Stop Clean to Front Rack Ipsilateral Forward Lunge,Pierna,8,potencia_funcional
Intermedio,Peso libre,Condicion fisica / potencia,Tecnica,Shoulders,Hip Hinge,Ballistics,Sin dato,Alternating Single Arm Kettlebell Start Stop Clean to Push Jerk,Cadera,8,potencia_funcional
Intermedio,Peso libre,Condicion fisica / potencia,Principal,Shoulders,Hip Hinge,Sin clasificar,Sin dato,Alternating Single Arm Kettlebell Start Stop Clean to Thruster,Cadera,5,potencia_funcional
Intermedio,Peso libre,Condicion fisica / potencia,Tecnica,Shoulders,Hip Hinge,Ballistics,Sin dato,Alternating Single Arm Kettlebell Start Stop Clean to Split Jerk,Cadera,8,potencia_funcional
Intermedio,Peso libre,Condicion fisica / potencia,Tecnica,Shoulders,Hip Hinge,Ballistics,Sin dato,Alternating Single Arm Kettlebell Start Stop Clean to Push Press,Cadera,8,potencia_funcional
Intermedio,Peso libre,Condicion fisica / potencia,Tecnica,Shoulders,Hip Hinge,Ballistics,Sin dato,Alternating Single Arm Kettlebell Start Stop Clean to Overhead Press,Cadera,8,potencia_funcional
Intermedio,Peso libre,Condicion fisica / potencia,Tecnica,Quadriceps,Hip Hinge,Ballistics,Sin dato,Alternating Single Arm Kettlebell Start Stop Clean to Front Rack Squat,Pierna,8,potencia_funcional
Principiante,Peso libre,Fuerza / hipertrofia,Principal,Back,Hip Hinge,Bodybuilding,https://youtu.be/E7vYUfMcFhs?si=bti9p5lCqTpD-Y-q,Single Arm Barbell Suitcase Deadlift,Cadera,2,fuerza_hipertrofia
Principiante,Peso libre,Fuerza / hipertrofia,Principal,Back,Hip Hinge,Bodybuilding,https://youtu.be/29MJct32_6Y?si=ItNGT0m2qUZTy4_O,Double Dumbbell Suitcase Deadlift,Cadera,2,fuerza_hipertrofia
Intermedio,Peso libre,Condicion fisica / potencia,Principal,Adductors,Hip Adduction,Sin clasificar,Sin dato,Single Arm Dumbbell Bent Knee Copenhagen Plank,General,3,potencia_funcional
Intermedio,Peso libre,Condicion fisica / potencia,Principal,Adductors,Hip Adduction,Sin clasificar,Sin dato,Single Arm Dumbbell Copenhagen Plank,General,3,potencia_funcional
Principiante,Peso libre,Fuerza / hipertrofia,Principal,Shoulders,Shoulder Abduction,Bodybuilding,https://youtu.be/OzrufXl0b4g?si=Oc_ebRjhZGfC10tB,Double Dumbbell Tall Kneeling Lateral Raise,Empuje,0,fuerza_hipertrofia
Intermedio,Otro equipo,Fuerza / hipertrofia,Principal,Quadriceps,Knee Dominant,Sin clasificar,https://youtu.be/-L-M4f3qHZA?si=9IPQGch1yER949WQ,Sled Reverse Drag,Pierna,3,fuerza_hipertrofia
Principiante,Peso libre,Fuerza / hipertrofia,Principal,Triceps,Elbow Extension,Bodybuilding,https://youtu.be/bvCa5-w0hvo?si=FdCVlFz1TmRP9LXb,Kettlebell Seated Overhead Tricep Extension,Empuje,-3,fuerza_hipertrofia
Principiante,Peso libre,Fuerza / hipertrofia,Principal,Triceps,Elbow Extension,Bodybuilding,https://youtu.be/0eQnBZCrwVM?si=pY5IcCp4BNxSyhZL,Kettlebell Overhead Tricep Extension,Empuje,-3,fuerza_hipertrofia
Principiante,Peso libre,Fuerza / hipertrofia,Principal,Triceps,Elbow Extension,Bodybuilding,https://youtu.be/oAaAFOKIojs?si=zUlHomJXt3sLWs_Q,Kettlebell Tall Kneeling Overhead Tricep Extension,Empuje,-3,fuerza_hipertrofia
Principiante,Peso libre,Fuerza / hipertrofia,Principal,Biceps,Elbow Flexion,Bodybuilding,https://youtu.be/FMnsYQaeICE?feature=shared,Dumbbell Crush Grip Tall Kneeling Bicep Curl,Jalón,-3,fuerza_hipertrofia
Principiante,Accesorios funcionales,Fuerza / hipertrofia,Principal,Quadriceps,Knee Dominant,Bodybuilding,Sin dato,Slider Bulgarian Bag Back Rack Reverse Lunge,Pierna,2,fuerza_hipertrofia
Principiante,Peso libre,Fuerza / hipertrofia,Principal,Chest,Horizontal Adduction,Bodybuilding,https://youtu.be/FxVNp1EAcvo?si=XUiRmuJ_4P8w8nEj,Double Kettlebell Incline Bench Chest Fly,Empuje,-3,fuerza_hipertrofia
Principiante,Peso libre,Fuerza / hipertrofia,Principal,Chest,Horizontal Adduction,Bodybuilding,https://youtu.be/-ngqbDJP-QE?si=onuXRsIy65F_bbPM,Double Kettlebell Chest Fly,Empuje,-3,fuerza_hipertrofia
Principiante,Peso libre,Fuerza / hipertrofia,Principal,Chest,Horizontal Adduction,Bodybuilding,https://youtu.be/88FvxU3txl4?feature=shared,Double Kettlebell Decline Bench Chest Fly,Empuje,-3,fuerza_hipertrofia
Avanzado,Calistenia / barras,Fuerza / hipertrofia,Principal avanzado,Biceps,Vertical Pull,Calisthenics,https://youtu.be/vlASvQCD4lY?si=H4b5rDHWlAXSfLEz,Single Arm Bar Chin Up,Jalón,5,fuerza_hipertrofia
Principiante,Peso libre,Fuerza / hipertrofia,Principal,Shoulders,Shoulder External Rotation,Sin clasificar,https://youtu.be/Cz7-hfa1UG8?si=cU9RS2gcX9ME3VFs,Double Dumbbell Seated Cuban Press,Empuje,1,fuerza_hipertrofia
Intermedio,Peso libre,Fuerza / hipertrofia,Principal,Chest,Horizontal Push,Calisthenics,Sin dato,Double Kettlebell Dive Bomber Push Up,Empuje,5,fuerza_hipertrofia
Intermedio,Peso libre,Fuerza / hipertrofia,Principal,Shoulders,Vertical Push,Calisthenics,https://youtu.be/Uhi9c2SDl6o?si=hootzYYWD4d2powE,Double Kettlebell Feet Elevated Pike Push Up,Empuje,5,fuerza_hipertrofia
Avanzado,Peso libre,Fuerza / hipertrofia,Principal avanzado,Chest,Horizontal Push,Calisthenics,Sin dato,Double Kettlebell Pseudo Planche Push Up,Empuje,5,fuerza_hipertrofia
Intermedio,Otro equipo,Fuerza / hipertrofia,Principal,Back,Horizontal Pull,Sin clasificar,https://youtu.be/PvvNgvRwqXI?si=UMeSCbCrmSwbFJre,Sled Low Row,Jalón,3,fuerza_hipertrofia
Principiante,Otro equipo,Fuerza / hipertrofia,Principal,Biceps,Vertical Pull,Calisthenics,https://youtu.be/tKZ_IjDX7fA?si=ymbKZ_6m6CiddaOL,Superband Assisted Bar Chin Up,Jalón,5,fuerza_hipertrofia
Avanzado,Calistenia / barras,Fuerza / hipertrofia,Principal avanzado,Back,Vertical Pull,Calisthenics,https://youtu.be/MTpg2fM-_F4?si=oQ-nElz0soKFgFHT,Bar Commando Pull Up,Jalón,5,fuerza_hipertrofia
Avanzado,Peso libre,Fuerza / hipertrofia,Principal avanzado,Shoulders,Rotational,Grinds,Sin dato,Single Arm Barbell Half Kneeling Bent Press,Empuje,3,fuerza_hipertrofia
Intermedio,Otro equipo,Fuerza / hipertrofia,Principal,Back,Vertical Pull,Calisthenics,https://youtu.be/qUzqwzTWLoc?si=t4nKfRciAYbHRJyr,Superband Assisted Bar Commando Pull Up,Jalón,5,fuerza_hipertrofia
Principiante,Sin equipo,Movilidad / estabilidad,Calentamiento,Quadriceps,Knee Dominant,Balance,Sin dato,Bodyweight Toe Balance Squat,Pierna,4,movilidad_estabilidad
Avanzado,Otro equipo,Fuerza / hipertrofia,Principal avanzado,Back,Vertical Pull,Calisthenics,https://youtu.be/YPIv3MogGgo?si=W46_DHRaS-ROfgcb,Climbing Rope L Sit Pull Up,Jalón,0,fuerza_hipertrofia
Avanzado,Otro equipo,Fuerza / hipertrofia,Principal avanzado,Back,Vertical Pull,Calisthenics,https://youtu.be/N1NCIgaCbmo?si=50uKC_L4pEPyhR7m,Climbing Rope Seated L Sit Pull Up,Jalón,0,fuerza_hipertrofia
Intermedio,Otro equipo,Movilidad / estabilidad,Principal,Abdominals,Isometric Hold,Calisthenics,https://youtu.be/X91DSVDBT1s?si=UevmYNdSAy0aA49t,Climbing Rope Hanging L Sit,Core,-2,movilidad_estabilidad
Intermedio,Otro equipo,Core / estabilidad,Principal,Hip Flexors,Hip Flexion,Calisthenics,https://youtu.be/ul8G6NfwcKE?si=bP1jwilThrtCP37m,Climbing Rope Hanging L Sit Flutter Kicks,Core,-2,core_estabilidad
Avanzado,Otro equipo,Fuerza / hipertrofia,Principal avanzado,Back,Vertical Pull,Calisthenics,https://youtu.be/ZuDgEhPspvo?si=BndR3kA8YnLxuZxN,Climbing Rope L Sit Climb,Jalón,0,fuerza_hipertrofia
Avanzado,Otro equipo,Fuerza / hipertrofia,Principal avanzado,Back,Vertical Pull,Calisthenics,https://youtu.be/rfr-Tw3Pxh8?si=qrQ6_5_lPNIjF4eo,Climbing Rope Legless Climb,Jalón,5,fuerza_hipertrofia
Avanzado,Otro equipo,Fuerza / hipertrofia,Principal avanzado,Back,Vertical Pull,Calisthenics,https://youtu.be/Pa4QUC9AvuA?si=_elyMb15TpqfSXja,Climbing Rope J Hook Climb,Jalón,5,fuerza_hipertrofia
Avanzado,Otro equipo,Fuerza / hipertrofia,Principal avanzado,Back,Vertical Pull,Calisthenics,https://youtu.be/zBoTgBpkn7o?si=3Ix0hv2wZwd-m2Co,Climbing Rope S Wrap Climb,Jalón,5,fuerza_hipertrofia
Avanzado,Peso libre,Movilidad / estabilidad,Calentamiento,Shoulders,Rotational,Balance,https://youtu.be/P8Wv46CjIs4?si=z2T1LOoTqom5vyKi,Kettlebell Single Leg Standing Bent Knee Alternating Halo,Empuje,4,movilidad_estabilidad
Intermedio,Peso libre,Movilidad / estabilidad,Calentamiento,Shoulders,Vertical Push,Balance,Sin dato,Single Arm Kettlebell Single Leg Standing Bent Knee Ipsilateral Overhead Press,Empuje,4,movilidad_estabilidad
Intermedio,Peso libre,Movilidad / estabilidad,Calentamiento,Hip Flexors,Locomotion,Balance,https://youtu.be/05ABqEEgasA?si=8BF9AxQrgT3OY5u_,Barbell Zercher March,Core,4,movilidad_estabilidad
Principiante,Sin equipo,Movilidad / estabilidad,Calentamiento,Hip Flexors,Locomotion,Balance,https://youtu.be/3Lc1n1iXM7s?si=7mcqsAivpC6eUgMu,Bodyweight March,Core,4,movilidad_estabilidad
Avanzado,Peso libre,Condicion fisica / potencia,Tecnica,Shoulders,Rotational,Ballistics,Sin dato,Single Arm Kettlebell Rotational Snatch,Empuje,8,potencia_funcional
Intermedio,Calistenia / barras,Movilidad / estabilidad,Calentamiento,Abdominals,Anti-Rotational,Sin clasificar,https://youtu.be/UFgykifRSvQ?si=lUaVB8ZhF8ACrc4h,Suspension Pallof Press,Core,3,movilidad_estabilidad
Principiante,Otro equipo,Movilidad / estabilidad,Principal,Forearms,Isometric Hold,Calisthenics,https://youtu.be/1kfxGBCXvrk?si=8pQzSrl0T2_7bVLw,Climbing Rope Dead Hang,Core,3,movilidad_estabilidad
Avanzado,Calistenia / barras,Movilidad / estabilidad,Calentamiento,Abdominals,Anti-Extension,Sin clasificar,https://youtu.be/yFt5UltkFCA?si=o0SXv0YEikxLTThg,Single Arm Suspension Kneeling Rollout,Core,1,movilidad_estabilidad
Principiante,Accesorios funcionales,Core / estabilidad,Principal,Abdominals,Spinal Flexion,Sin clasificar,https://youtu.be/duhPBZkq0xg?si=K4QIb8cjoQDdU-dJ,Stability Ball Reverse Crunch,Core,1,core_estabilidad
Principiante,Otro equipo,Condicion fisica / potencia,Tecnica,Abdominals,Spinal Flexion,Ballistics,https://youtu.be/k9W6g9LvXDI?si=r2ny_BUMtle93fEw,Slam Ball Overhead Slam,Core,6,potencia_funcional
Principiante,Otro equipo,Condicion fisica / potencia,Tecnica,Abdominals,Spinal Flexion,Ballistics,https://youtu.be/LhCS360FBvA?si=NOWK4R-Br_tSVldj,Slam Ball Tall Kneeling Overhead Slam,Core,6,potencia_funcional
Intermedio,Otro equipo,Condicion fisica / potencia,Tecnica,Abdominals,Rotational,Ballistics,Sin dato,Slam Ball Alternating Rotational Overhead Slam,Core,8,potencia_funcional
Intermedio,Otro equipo,Condicion fisica / potencia,Tecnica,Abdominals,Spinal Flexion,Plyometric,https://youtu.be/LcgWDIYgnhg?si=OWBjxnU5ZUG1gCzK,Slam Ball Squat Jump Overhead Slam,Core,6,potencia_funcional
Intermedio,Otro equipo,Condicion fisica / potencia,Tecnica,Abdominals,Rotational,Ballistics,https://youtu.be/UwWVqgePy2w?si=r4YTnAupde84IgyA,Slam Ball Tall Kneeling Alternating Rotational Overhead Slam,Core,8,potencia_funcional
Avanzado,Sin equipo,Fuerza / hipertrofia,Principal avanzado,Quadriceps,Knee Dominant,Calisthenics,https://youtu.be/rNsE0g9PeeA?si=zcNMA2u1Mkdf3Opf,Bodyweight Shrimp Squat,Pierna,5,fuerza_hipertrofia
Intermedio,Sin equipo,Fuerza / hipertrofia,Principal,Quadriceps,Knee Dominant,Calisthenics,https://youtu.be/c-g9fmlQ5l4?si=-RKC_mk2P8oIA0kz,Bodyweight Hand Assisted Shrimp Squat,Pierna,5,fuerza_hipertrofia
Principiante,Gimnasio / maquina,Fuerza / hipertrofia,Principal,Biceps,Elbow Flexion,Bodybuilding,https://youtu.be/8A53W4ABe5I?si=PlVzkrowfJy1WXF1,Double Cable Bayesian Curl,Jalón,-3,fuerza_hipertrofia
Intermedio,Peso libre,Fuerza / hipertrofia,Principal,Chest,Horizontal Push,Bodybuilding,https://youtu.be/fovEGjXSYj4?si=R3fPoSd5ejZCgKll,Barbell Reverse Grip Incline Bench Press,Empuje,2,fuerza_hipertrofia
Intermedio,Peso libre,Fuerza / hipertrofia,Principal,Chest,Horizontal Push,Bodybuilding,Sin dato,Barbell Reverse Grip Decline Bench Press,Empuje,2,fuerza_hipertrofia
Avanzado,Calistenia / barras,Core / estabilidad,Principal avanzado,Abdominals,Rotational,Calisthenics,https://youtu.be/q-5xzuVDZ0o?si=5L3fg2tvxhgRuWIr,Bar Windshield Wiper,Core,5,core_estabilidad
Avanzado,Calistenia / barras,Core / estabilidad,Principal avanzado,Abdominals,Rotational,Calisthenics,https://youtu.be/3pZ6wfIz08Y?si=5fpjOOF_aj7Rqkva,Ring Windshield Wiper,Core,5,core_estabilidad
Principiante,Sin equipo,Core / estabilidad,Principal,Abdominals,Rotational,Calisthenics,https://youtu.be/XXcRdXIw0go?si=y-Sh6yOZyvTpiN50,Bodyweight Windshield Wiper,Core,5,core_estabilidad
Principiante,Sin equipo,Core / estabilidad,Principal,Abdominals,Rotational,Calisthenics,https://youtu.be/8ruEIfBzLrw?si=smM0Bo6E_xDv-x1e,Bodyweight Bent Knee Windshield Wiper,Core,5,core_estabilidad
Intermedio,Peso libre,Core / estabilidad,Principal,Abdominals,Rotational,Calisthenics,https://youtu.be/eNxGGePOIKc?si=7JyPr9YGL-PaAxUu,Barbell Windshield Wiper,Core,5,core_estabilidad
Intermedio,Calistenia / barras,Core / estabilidad,Principal,Abdominals,Rotational,Calisthenics,https://youtu.be/3fg-hQVEplQ?si=XEmrtzkwGBxeHlH4,Bar Bent Knee Windshield Wiper,Core,5,core_estabilidad
Intermedio,Calistenia / barras,Core / estabilidad,Principal,Abdominals,Rotational,Calisthenics,Sin dato,Ring Bent Knee Windshield Wiper,Core,5,core_estabilidad
Intermedio,Otro equipo,Fuerza / hipertrofia,Principal,Abductors,Lateral Locomotion,Sin clasificar,https://youtu.be/rGtYmX2aeAA?si=vGnxKaVzGlUTMmmQ,Sled Lateral Drag,Condición,3,fuerza_hipertrofia
Intermedio,Accesorios funcionales,Fuerza / hipertrofia,Principal,Chest,Horizontal Adduction,Sin clasificar,https://youtu.be/zjBV2T7K0Rg?si=_bwLTITNdt5K9Gvl,Slider Chest Fly,Empuje,-2,fuerza_hipertrofia
Principiante,Accesorios funcionales,Fuerza / hipertrofia,Principal,Chest,Horizontal Adduction,Sin clasificar,https://youtu.be/zVYCZvgemlg?si=-a8bJrHDZxw6HPUH,Slider Kneeling Chest Fly,Empuje,-2,fuerza_hipertrofia
Avanzado,Peso libre,Fuerza / hipertrofia,Tecnica,Quadriceps,Knee Dominant,Olympic Weightlifting,https://youtu.be/uKKoLcOJKB8?si=-OlEu2pk86XR-Gs7,Barbell Squat Clean to Squat Jerk,Pierna,3,fuerza_hipertrofia
Avanzado,Peso libre,Fuerza / hipertrofia,Tecnica,Quadriceps,Knee Dominant,Olympic Weightlifting,https://youtu.be/g-XhUMB6_wk?si=7RXzbNpwkvoBKK88,Barbell Power Clean to Squat Jerk,Pierna,3,fuerza_hipertrofia
Avanzado,Peso libre,Fuerza / hipertrofia,Tecnica,Quadriceps,Knee Dominant,Olympic Weightlifting,Sin dato,Barbell Hang Squat Clean to Squat Jerk,Pierna,3,fuerza_hipertrofia
Avanzado,Peso libre,Fuerza / hipertrofia,Tecnica,Quadriceps,Knee Dominant,Olympic Weightlifting,Sin dato,Barbell Hang Power Clean to Squat Jerk,Pierna,3,fuerza_hipertrofia
Principiante,Otro equipo,Fuerza / hipertrofia,Principal,Biceps,Elbow Flexion,Bodybuilding,https://youtu.be/ELozuUa8rjk?si=pfjkNnOsw1MmdI5_,EZ Bar Close Grip Strict Bicep Curl,Jalón,-3,fuerza_hipertrofia
Intermedio,Peso libre,Movilidad / estabilidad,Calentamiento,Hip Flexors,Locomotion,Balance,https://youtu.be/fzuxbZSW3UA?feature=shared,Plate Overhead March,Core,4,movilidad_estabilidad
Principiante,Accesorios funcionales,Movilidad / estabilidad,Calentamiento,Abdominals,Anti-Extension,Sin clasificar,https://youtu.be/cC3nItw-szY?si=-UBQr2PgbT6bRuKh&utm_source=MTQxZ,Slider Body Saw,Core,1,movilidad_estabilidad
Principiante,Accesorios funcionales,Movilidad / estabilidad,Calentamiento,Abdominals,Anti-Extension,Sin clasificar,https://youtu.be/lmtz6T204No?si=jbae97NKFny9b463,Slider Parallette Mountain Climber,Core,1,movilidad_estabilidad
Principiante,Peso libre,Condicion fisica / potencia,Principal,Glutes,Hip Extension,Sin clasificar,Sin dato,Plate Frog Pump,Pierna,3,potencia_funcional
Principiante,Peso libre,Condicion fisica / potencia,Principal,Glutes,Hip Extension,Sin clasificar,https://youtu.be/67HLZ2-3_v0?si=57cdzDwX0TrSRLYm,Dumbbell Feet Elevated Frog Pump,Pierna,3,potencia_funcional
Principiante,Peso libre,Condicion fisica / potencia,Principal,Glutes,Hip Extension,Sin clasificar,Sin dato,Plate Feet Elevated Frog Pump,Pierna,3,potencia_funcional
Principiante,Peso libre,Condicion fisica / potencia,Principal,Glutes,Hip Extension,Sin clasificar,https://youtu.be/cdvQmb5iNdc?si=WU6MMMqGPXHZwOf9,Kettlebell Frog Pump,Pierna,3,potencia_funcional
Principiante,Peso libre,Condicion fisica / potencia,Principal,Glutes,Hip Extension,Sin clasificar,Sin dato,Kettlebell Feet Elevated Frog Pump,Pierna,3,potencia_funcional
Principiante,Calistenia / barras,Movilidad / estabilidad,Calentamiento,Abdominals,Anti-Extension,Sin clasificar,https://youtu.be/u8BCm4GkOSY?si=mivk-6ghBacHbVR9,Suspension Body Saw,Core,1,movilidad_estabilidad
Avanzado,Sin equipo,Condicion fisica / potencia,Tecnica,Quadriceps,Knee Dominant,Plyometric,https://youtu.be/ENZjCX9HjVI?si=gdLZCVhHGqq16S_R,Bodyweight Single Leg Box Jump,Pierna,8,potencia_funcional
Principiante,Otro equipo,Movilidad / estabilidad,Calentamiento,Hip Flexors,Locomotion,Balance,https://youtu.be/7rkzWjwrazQ?si=poAx5_jLTfV0N0Up,Miniband March,Core,4,movilidad_estabilidad
Principiante,Peso libre,Movilidad / estabilidad,Calentamiento,Hip Flexors,Locomotion,Balance,https://youtu.be/QU0tbSNu0-8?si=KcVtyY0N6KP7lrb_,Sandbag Front Rack March,Core,4,movilidad_estabilidad
Principiante,Peso libre,Movilidad / estabilidad,Calentamiento,Hip Flexors,Locomotion,Balance,https://youtu.be/P_coucNMiK0?si=6WAs2e4x_zEuxZLz,Sandbag Shoulder March,Core,4,movilidad_estabilidad
Intermedio,Peso libre,Movilidad / estabilidad,Calentamiento,Hip Flexors,Locomotion,Balance,https://youtu.be/pCO1EJ0WL30?si=y4xIpqM8QUMlG_ia,Sandbag Overhead March,Core,4,movilidad_estabilidad
Principiante,Peso libre,Movilidad / estabilidad,Calentamiento,Hip Flexors,Locomotion,Balance,https://youtu.be/-s80JT1GZRs?si=qKXPOlVNn8DU_o2f,Sandbag Back Rack March,Core,4,movilidad_estabilidad
Principiante,Peso libre,Movilidad / estabilidad,Calentamiento,Hip Flexors,Locomotion,Balance,Sin dato,Dumbbell Crush Grip Front Rack March,Core,4,movilidad_estabilidad
Principiante,Otro equipo,Movilidad / estabilidad,Calentamiento,Hip Flexors,Locomotion,Balance,Sin dato,Bulgarian Bag Back Rack March,Core,4,movilidad_estabilidad
Principiante,Otro equipo,Fuerza / hipertrofia,Principal,Quadriceps,Knee Dominant,Sin clasificar,https://youtu.be/-Am9J90oDK4?si=DzyEzfiwzZAs3ckF,Bulgarian Bag Thruster,Pierna,3,fuerza_hipertrofia
Principiante,Peso libre,Fuerza / hipertrofia,Principal,Quadriceps,Knee Dominant,Sin clasificar,https://youtu.be/Zw0q4TYy8eI?si=-MWyXSvjBoei8Mmn,Sandbag Thruster,Pierna,3,fuerza_hipertrofia
Principiante,Peso libre,Fuerza / hipertrofia,Principal,Shoulders,Vertical Push,Sin clasificar,https://youtu.be/OZT20vP92ls?si=msixASyZYFzp43En,Sandbag Overhead Press,Empuje,3,fuerza_hipertrofia
Principiante,Peso libre,Fuerza / hipertrofia,Principal,Shoulders,Vertical Push,Sin clasificar,https://youtu.be/y6k_0YpUP44?si=QEPu230wf0aPiJsJ,Sandbag Half Kneeling Overhead Press,Empuje,3,fuerza_hipertrofia
Principiante,Peso libre,Fuerza / hipertrofia,Principal,Shoulders,Vertical Push,Sin clasificar,Sin dato,Sandbag Tall Kneeling Overhead Press,Empuje,3,fuerza_hipertrofia
Principiante,Otro equipo,Movilidad / estabilidad,Calentamiento,Hip Flexors,Locomotion,Balance,https://youtu.be/OW3qG0eSgK4?si=ilF_TQTIcKH04qVz,Landmine Goblet March,Core,4,movilidad_estabilidad
Intermedio,Otro equipo,Movilidad / estabilidad,Calentamiento,Hip Flexors,Locomotion,Balance,https://youtu.be/019lukD1BrU?si=Z3NYagSLu7vpxllW,Landmine Overhead March,Core,4,movilidad_estabilidad
Principiante,Otro equipo,Movilidad / estabilidad,Calentamiento,Hip Flexors,Locomotion,Balance,https://youtu.be/l1Z6ltvHwcM?si=g47yzABqexq3NE7E,Single Arm Landmine Suitcase March,Core,4,movilidad_estabilidad
Intermedio,Otro equipo,Movilidad / estabilidad,Calentamiento,Hip Flexors,Locomotion,Balance,Sin dato,Bulgarian Bag Overhead March,Core,4,movilidad_estabilidad
Principiante,Otro equipo,Fuerza / hipertrofia,Principal,Glutes,Hip Hinge,Bodybuilding,Sin dato,Superband Tall Kneeling Pull Through,Pierna,2,fuerza_hipertrofia
Principiante,Peso libre,Fuerza / hipertrofia,Principal,Triceps,Elbow Extension,Bodybuilding,Sin dato,Barbell Skull Crusher,Empuje,-3,fuerza_hipertrofia
Principiante,Peso libre,Fuerza / hipertrofia,Principal,Triceps,Elbow Extension,Bodybuilding,Sin dato,Barbell Incline Bench Skull Crusher,Empuje,-3,fuerza_hipertrofia
Principiante,Peso libre,Fuerza / hipertrofia,Principal,Triceps,Elbow Extension,Bodybuilding,Sin dato,Barbell Decline Bench Skull Crusher,Empuje,-3,fuerza_hipertrofia
Principiante,Otro equipo,Fuerza / hipertrofia,Principal,Triceps,Elbow Extension,Bodybuilding,https://youtu.be/i3j2R28TKH4?si=Vq9ICK3WiYcphvd9,EZ Bar Floor Skull Crusher,Empuje,-3,fuerza_hipertrofia
Principiante,Peso libre,Fuerza / hipertrofia,Principal,Triceps,Elbow Extension,Bodybuilding,https://youtu.be/0LSPT_gJcTk?si=oTv9Tc_18B1V8E3E,Barbell Floor Skull Crusher,Empuje,-3,fuerza_hipertrofia
Principiante,Gimnasio / maquina,Fuerza / hipertrofia,Principal,Triceps,Elbow Extension,Bodybuilding,https://youtu.be/IlNtRJkIAfg?si=H3-HtM3eVSx3c8T-,Cable Straight Bar Skull Crusher,Empuje,-3,fuerza_hipertrofia
Principiante,Gimnasio / maquina,Fuerza / hipertrofia,Principal,Triceps,Elbow Extension,Bodybuilding,https://youtu.be/QgzOgnBBivE?si=WqHP0U99yC8T0Pz_,Cable Straight Bar Incline Bench Skull Crusher,Empuje,-3,fuerza_hipertrofia
Principiante,Gimnasio / maquina,Fuerza / hipertrofia,Principal,Triceps,Elbow Extension,Bodybuilding,https://youtu.be/MVC7c73K61I?feature=shared,Cable Rope Incline Bench Skull Crusher,Empuje,-3,fuerza_hipertrofia
Principiante,Gimnasio / maquina,Fuerza / hipertrofia,Principal,Triceps,Elbow Extension,Bodybuilding,https://youtu.be/y0IdUZhZ87s?si=g54AKBchD_Tow6sM,Cable Straight Bar Decline Bench Skull Crusher,Empuje,-3,fuerza_hipertrofia
Principiante,Peso libre,Fuerza / hipertrofia,Principal,Triceps,Elbow Extension,Bodybuilding,https://youtu.be/hLKejvgR5xY?feature=shared,Double Dumbbell Floor Skull Crusher,Empuje,-3,fuerza_hipertrofia
Principiante,Peso libre,Fuerza / hipertrofia,Principal,Triceps,Elbow Extension,Bodybuilding,https://youtu.be/-V2SqBSUh_A?si=eUQCnSpJ8s-ZcScI,Dumbbell Crush Grip Floor Skull Crusher,Empuje,-3,fuerza_hipertrofia
Principiante,Gimnasio / maquina,Fuerza / hipertrofia,Principal,Triceps,Elbow Extension,Bodybuilding,Sin dato,Cable Rope Decline Bench Skull Crusher,Empuje,-3,fuerza_hipertrofia
Principiante,Gimnasio / maquina,Fuerza / hipertrofia,Principal,Triceps,Elbow Extension,Bodybuilding,Sin dato,Cable Rope Floor Skull Crusher,Empuje,-3,fuerza_hipertrofia
Principiante,Gimnasio / maquina,Fuerza / hipertrofia,Principal,Triceps,Elbow Extension,Bodybuilding,https://youtu.be/si8q23nPVHk?si=aeyG4_3OSRLAIpiA,Cable Straight Bar Floor Skull Crusher,Empuje,-3,fuerza_hipertrofia
Principiante,Peso libre,Fuerza / hipertrofia,Principal,Triceps,Elbow Extension,Bodybuilding,https://youtu.be/DvgvfUFjb4E?si=Yw6liGivI_UnZu76,Single Arm Dumbbell Skull Crusher,Empuje,-3,fuerza_hipertrofia
Principiante,Peso libre,Fuerza / hipertrofia,Principal,Triceps,Elbow Extension,Bodybuilding,https://youtu.be/XxVWmNbY6yo?si=7n1rTCkP0feHM1xA,Single Arm Dumbbell Incline Bench Skull Crusher,Empuje,-3,fuerza_hipertrofia
Principiante,Peso libre,Fuerza / hipertrofia,Principal,Triceps,Elbow Extension,Bodybuilding,Sin dato,Single Arm Dumbbell Decline Bench Skull Crusher,Empuje,-3,fuerza_hipertrofia
Principiante,Peso libre,Fuerza / hipertrofia,Principal,Triceps,Elbow Extension,Bodybuilding,https://youtu.be/fRnRcmn7iWk?feature=shared,Single Arm Dumbbell Floor Skull Crusher,Empuje,-3,fuerza_hipertrofia
Principiante,Peso libre,Fuerza / hipertrofia,Principal,Triceps,Elbow Extension,Bodybuilding,https://youtu.be/kZ-ReOdn2qk?si=00jzpKZzHCr2EIm3,Single Arm Dumbbell Seated Overhead Tricep Extension,Empuje,-3,fuerza_hipertrofia
Principiante,Peso libre,Fuerza / hipertrofia,Principal,Triceps,Elbow Extension,Bodybuilding,https://youtu.be/2HBq-Tee-14?si=tTQPp2-MoSzG_hJL,Single Arm Dumbbell Overhead Tricep Extension,Empuje,-3,fuerza_hipertrofia
Principiante,Peso libre,Fuerza / hipertrofia,Principal,Triceps,Elbow Extension,Bodybuilding,https://youtu.be/cDkzaJaOYMo?feature=shared,Single Arm Dumbbell Tall Kneeling Overhead Tricep Extension,Empuje,-3,fuerza_hipertrofia
Principiante,Otro equipo,Movilidad / estabilidad,Calentamiento,Abdominals,Anti-Extension,Postural,https://youtu.be/hSVxpNktAZ4?si=X2QXPPV90G-NjXyx,Miniband Dead Bug,Core,1,movilidad_estabilidad
Principiante,Accesorios funcionales,Movilidad / estabilidad,Calentamiento,Abdominals,Anti-Extension,Sin clasificar,https://youtu.be/fgP2oii-GiQ?si=mbhNYj3pW612wBRY,Stability Ball Body Saw,Core,1,movilidad_estabilidad
Principiante,Peso libre,Core / estabilidad,Principal,Abdominals,Spinal Flexion,Sin clasificar,Sin dato,Medicine Ball Alternating Single Leg V Up,Core,1,core_estabilidad
Intermedio,Peso libre,Core / estabilidad,Principal,Abdominals,Spinal Flexion,Sin clasificar,https://youtu.be/CB6AROCPwm4?si=cG6vqjgcH__bn9KN,Medicine Ball Alternating Single Leg V Up Pass Through,Core,1,core_estabilidad
Principiante,Peso libre,Core / estabilidad,Principal,Abdominals,Spinal Flexion,Sin clasificar,https://youtu.be/b-06cnxJ2YY?si=wCCcWK7wyR8RgwCV,Medicine Ball Otis Up,Core,1,core_estabilidad
Principiante,Otro equipo,Core / estabilidad,Principal,Abdominals,Spinal Flexion,Sin clasificar,Sin dato,Slam Ball Otis Up,Core,1,core_estabilidad
Principiante,Calistenia / barras,Movilidad / estabilidad,Calentamiento,Abdominals,Anti-Extension,Sin clasificar,https://youtu.be/EqGVH1qHzwU?si=hyDFD2YkFH9OLT29,Ring Body Saw,Core,1,movilidad_estabilidad
Principiante,Accesorios funcionales,Movilidad / estabilidad,Calentamiento,Abdominals,Anti-Extension,Sin clasificar,https://youtu.be/pYy3IaD55OM?si=zoWOIZ-SmoJywASH,Stability Ball Kneeling Body Saw,Core,1,movilidad_estabilidad
Principiante,Accesorios funcionales,Movilidad / estabilidad,Calentamiento,Abdominals,Anti-Extension,Sin clasificar,https://youtu.be/GMbT_cHg0dU?si=cnXGlMZAT5YjS73B,Stability Ball Kneeling Stir the Pot,Core,1,movilidad_estabilidad
Intermedio,Peso libre,Core / estabilidad,Principal,Abdominals,Rotational,Sin clasificar,https://youtu.be/CWwVvvgiwxQ?si=16DmFUoBfHBpmKm_,Medicine Ball Half Kneeling Low to High Chop,Core,3,core_estabilidad
Avanzado,Peso libre,Movilidad / estabilidad,Calentamiento,Abdominals,Rotational,Balance,Sin dato,Medicine Ball Isometric Split Squat Low to High Chop,Core,4,movilidad_estabilidad
Intermedio,Otro equipo,Core / estabilidad,Principal,Abdominals,Rotational,Sin clasificar,https://youtu.be/3-EuiQhr9fA?si=ZKO5oh7NHF8_OfxJ,Wall Ball Half Kneeling Low to High Chop,Core,3,core_estabilidad
Avanzado,Otro equipo,Movilidad / estabilidad,Calentamiento,Abdominals,Rotational,Balance,Sin dato,Wall Ball Isometric Split Squat Low to High Chop,Core,4,movilidad_estabilidad
Intermedio,Otro equipo,Core / estabilidad,Principal,Abdominals,Rotational,Sin clasificar,https://youtu.be/18B_3fISG48?si=Tj8Ufhup9wvyOjvB,Slam Ball Half Kneeling Low to High Chop,Core,3,core_estabilidad
Avanzado,Otro equipo,Movilidad / estabilidad,Calentamiento,Abdominals,Rotational,Balance,Sin dato,Slam Ball Isometric Split Squat Low to High Chop,Core,4,movilidad_estabilidad
Intermedio,Peso libre,Core / estabilidad,Principal,Abdominals,Rotational,Sin clasificar,https://youtu.be/qyM7NdixJzI?si=NCooBu364vvvPnk3,Dumbbell Half Kneeling Low to High Chop,Core,3,core_estabilidad
Avanzado,Peso libre,Movilidad / estabilidad,Calentamiento,Abdominals,Rotational,Balance,Sin dato,Dumbbell Isometric Split Squat Low to High Chop,Core,4,movilidad_estabilidad
Intermedio,Peso libre,Core / estabilidad,Principal,Abdominals,Rotational,Sin clasificar,https://youtu.be/FAZ-h5wEKr8?si=Vh1vqHW2hgIn69vC,Plate Half Kneeling Low to High Chop,Core,3,core_estabilidad
Avanzado,Peso libre,Movilidad / estabilidad,Calentamiento,Abdominals,Rotational,Balance,Sin dato,Plate Isometric Split Squat Low to High Chop,Core,4,movilidad_estabilidad
Principiante,Otro equipo,Movilidad / estabilidad,Calentamiento,Abdominals,Anti-Extension,Sin clasificar,https://youtu.be/Ke3i_CAVF6E?si=pJ9XGgJjXXGUnY95,Wall Ball Body Saw,Core,1,movilidad_estabilidad
Intermedio,Peso libre,Core / estabilidad,Principal,Abdominals,Spinal Flexion,Sin clasificar,Sin dato,Single Arm Plate Turkish Sit Up,Core,1,core_estabilidad
Intermedio,Otro equipo,Fuerza / hipertrofia,Principal,Back,Vertical Pull,Calisthenics,https://youtu.be/ifMzUGTW5WA?si=EnT0Z-s6UM5TbSHH,Climbing Rope Pull Up,Jalón,5,fuerza_hipertrofia
Intermedio,Otro equipo,Core / estabilidad,Principal,Abdominals,Hip Flexion,Calisthenics,https://youtu.be/F8A92P9zf-g?si=DNpM-zIiWn0alOvD,Climbing Rope Hanging Leg Raise,Core,3,core_estabilidad
Avanzado,Otro equipo,Core / estabilidad,Principal avanzado,Abdominals,Hip Flexion,Calisthenics,https://youtu.be/aCmbZCGQ68U?feature=shared,Climbing Rope Hanging Toes to Rope,Core,3,core_estabilidad
Principiante,Gimnasio / maquina,Fuerza / hipertrofia,Principal,Chest,Horizontal Adduction,Bodybuilding,https://youtu.be/rmwijjkuXug?si=KrHxKYPbcDVtz1gH,Double Cable Chest Fly,Empuje,-3,fuerza_hipertrofia
Principiante,Gimnasio / maquina,Fuerza / hipertrofia,Principal,Chest,Horizontal Adduction,Bodybuilding,https://youtu.be/ixn_1zDpCPc?si=5L7Yqa5uoLVVlY6W,Double Cable High to Low Chest Fly,Empuje,-3,fuerza_hipertrofia
Principiante,Gimnasio / maquina,Fuerza / hipertrofia,Principal,Chest,Horizontal Adduction,Bodybuilding,https://youtu.be/mlONJDFVtAY?si=T4BhC9LNsFQmK0y7,Double Cable Low to High Chest Fly,Empuje,-3,fuerza_hipertrofia
Principiante,Ligas,Fuerza / hipertrofia,Principal,Chest,Horizontal Adduction,Bodybuilding,https://youtu.be/7t-rTOsyaxY?si=qYz3L4NU58UcOR3w,Resistance Band High to Low Chest Fly,Empuje,-3,fuerza_hipertrofia
Principiante,Ligas,Fuerza / hipertrofia,Principal,Chest,Horizontal Adduction,Bodybuilding,https://youtu.be/MEVNntk8yEw?si=WwgxgS5XSi0p1o2k,Resistance Band Low to High Chest Fly,Empuje,-3,fuerza_hipertrofia
Avanzado,Gimnasio / maquina,Movilidad / estabilidad,Calentamiento,Abdominals,Rotational,Balance,https://youtu.be/WQnC460je7w?si=JmHZRydzDe7MFsRg,Cable Rope Isometric Split Squat High to Low Chop,Core,4,movilidad_estabilidad
Avanzado,Gimnasio / maquina,Movilidad / estabilidad,Calentamiento,Abdominals,Rotational,Balance,Sin dato,Cable Rope Isometric Split Squat Low to High Chop,Core,4,movilidad_estabilidad
Intermedio,Otro equipo,Movilidad / estabilidad,Calentamiento,Abdominals,Anti-Extension,Sin clasificar,https://youtu.be/2ANZ7BhSH4Y?si=3LCewsDbR_PJEwYi,Landmine Kneeling Rollout,Core,1,movilidad_estabilidad
Avanzado,Otro equipo,Movilidad / estabilidad,Calentamiento,Abdominals,Anti-Extension,Sin clasificar,https://youtu.be/wzeTk8XAGt4?si=5TCEG3ZxGjOGYntF,Single Arm Landmine Kneeling Rollout,Core,1,movilidad_estabilidad
Intermedio,Accesorios funcionales,Movilidad / estabilidad,Calentamiento,Abdominals,Anti-Extension,Sin clasificar,https://youtu.be/1ZFeqxlx-po?si=JUko8jYOJ3fI_TxM,Slider Kneeling Rollout,Core,1,movilidad_estabilidad
Avanzado,Accesorios funcionales,Movilidad / estabilidad,Calentamiento,Abdominals,Anti-Extension,Sin clasificar,https://youtu.be/CR3CS7qhG_s?si=OjHoBQJlQQrmEXfw,Slider Standing Rollout,Core,1,movilidad_estabilidad
Avanzado,Accesorios funcionales,Movilidad / estabilidad,Calentamiento,Abdominals,Anti-Extension,Sin clasificar,Sin dato,Single Arm Slider Kneeling Rollout,Core,1,movilidad_estabilidad
Avanzado,Calistenia / barras,Movilidad / estabilidad,Calentamiento,Abdominals,Anti-Extension,Sin clasificar,https://youtu.be/PEzA_n3woFs?si=4l_G-stlnHUfbhiB,Suspension Standing Rollout,Core,1,movilidad_estabilidad
Avanzado,Calistenia / barras,Movilidad / estabilidad,Calentamiento,Abdominals,Anti-Extension,Calisthenics,Sin dato,Single Arm Ring Standing Rollout,Core,3,movilidad_estabilidad
Avanzado,Accesorios funcionales,Movilidad / estabilidad,Calentamiento,Abdominals,Anti-Extension,Sin clasificar,Sin dato,Single Arm Slider Standing Rollout,Core,1,movilidad_estabilidad
Avanzado,Calistenia / barras,Movilidad / estabilidad,Calentamiento,Abdominals,Anti-Extension,Sin clasificar,Sin dato,Single Arm Suspension Standing Rollout,Core,1,movilidad_estabilidad
Avanzado,Otro equipo,Movilidad / estabilidad,Calentamiento,Abdominals,Anti-Extension,Sin clasificar,https://youtu.be/MOS9lnGCnqM?si=4svtReY62yrKd7qk,Landmine Standing Rollout,Core,1,movilidad_estabilidad
Avanzado,Otro equipo,Movilidad / estabilidad,Calentamiento,Abdominals,Anti-Extension,Sin clasificar,Sin dato,Single Arm Landmine Standing Rollout,Core,1,movilidad_estabilidad
Intermedio,Peso libre,Movilidad / estabilidad,Principal,Abdominals,Isometric Hold,Sin clasificar,https://youtu.be/If7pn5ZFY60?si=izUCZfaNWALhCSat,Plate Hollow Body Flutter Kicks,Core,-4,movilidad_estabilidad
Principiante,Otro equipo,Condicion fisica / potencia,Principal,Adductors,Hip Adduction,Sin clasificar,Sin dato,Superband Side Lying Hanging Hip Adduction,General,3,potencia_funcional
Principiante,Peso libre,Fuerza / hipertrofia,Principal,Abductors,Hip Abduction,Bodybuilding,https://youtu.be/jpxdm8SJ5wM?si=35jEMaJ1JRWnO1ET,Plate Side Lying Bent Knee Hip Abduction,General,0,fuerza_hipertrofia
Principiante,Sin equipo,Fuerza / hipertrofia,Principal,Abductors,Hip Abduction,Bodybuilding,https://youtu.be/m6dHgVYxAyc?si=NjK1qTP-dcOSCced,Bodyweight Side Lying Hip Abduction,General,0,fuerza_hipertrofia
Principiante,Sin equipo,Fuerza / hipertrofia,Principal,Abductors,Hip Abduction,Bodybuilding,https://youtu.be/s6API4Yeqxs?si=apjN7JBTfdY-DW16,Bodyweight Extended Range Side Lying Hip Abduction,General,0,fuerza_hipertrofia
Principiante,Sin equipo,Fuerza / hipertrofia,Principal,Glutes,Hip External Rotation,Bodybuilding,https://youtu.be/G3yQITNPIz8?si=V_AVSgSWE_RFAsSE,Bodyweight Side Lying Clamshell,Pierna,0,fuerza_hipertrofia
Principiante,Sin equipo,Fuerza / hipertrofia,Principal,Glutes,Hip External Rotation,Bodybuilding,Sin dato,Bodyweight Kneeling Side Plank Clamshell,Pierna,0,fuerza_hipertrofia
Principiante,Gimnasio / maquina,Fuerza / hipertrofia,Principal,Chest,Horizontal Adduction,Bodybuilding,https://youtu.be/i6WHN9L5uYk?si=YLzKzoCoztvNvlQl&utm_source=MTQxZ,Double Cable Incline Bench Chest Fly,Empuje,-3,fuerza_hipertrofia
Principiante,Gimnasio / maquina,Fuerza / hipertrofia,Principal,Chest,Horizontal Adduction,Bodybuilding,https://youtu.be/kMmV0thhwnA?si=JAh7-DW4Wpz2xBJd&utm_source=MTQxZ,Double Cable Seated Chest Fly,Empuje,-3,fuerza_hipertrofia
Principiante,Gimnasio / maquina,Fuerza / hipertrofia,Principal,Chest,Horizontal Adduction,Bodybuilding,https://youtu.be/jIt8nG02Ss0?si=eVQ-M_zbzpxQN1mL&utm_source=MTQxZ,Double Cable Decline Bench Chest Fly,Empuje,-3,fuerza_hipertrofia
Intermedio,Peso libre,Condicion fisica / potencia,Principal,Shoulders,Loaded Carry,Sin clasificar,https://youtu.be/pzWVXEdABFg?si=rDT20cfa7nGutLCH&utm_source=MTQxZ,Plate Overhead Carry,Empuje,5,potencia_funcional
Principiante,Accesorios funcionales,Core / estabilidad,Principal,Abdominals,Spinal Flexion,Sin clasificar,https://youtu.be/lM33VtF6SCg?si=JG_kyBmQ8H-MspnB&utm_source=MTQxZ,Slider Plank Jack,Core,1,core_estabilidad
Principiante,Calistenia / barras,Movilidad / estabilidad,Calentamiento,Abdominals,Anti-Extension,Sin clasificar,https://youtu.be/g93DurTL79E?si=BG_2IXTND6t0_DRn&utm_source=MTQxZ,Suspension Feet Elevated Plank,Core,1,movilidad_estabilidad
Principiante,Calistenia / barras,Movilidad / estabilidad,Calentamiento,Abdominals,Anti-Extension,Sin clasificar,https://youtu.be/hRWpFtDyofg?si=Xwts69VNdiYCB5-r&utm_source=MTQxZ,Suspension Feet Elevated Forearm Plank,Core,1,movilidad_estabilidad
Intermedio,Calistenia / barras,Movilidad / estabilidad,Calentamiento,Abdominals,Anti-Lateral Flexion,Sin clasificar,https://youtu.be/Wkeg0Gr1n7g?si=Xq62yMZ9kUc0lizD&utm_source=MTQxZ,Suspension Feet Elevated Side Plank,Core,1,movilidad_estabilidad
Principiante,Accesorios funcionales,Movilidad / estabilidad,Calentamiento,Abdominals,Anti-Extension,Sin clasificar,https://youtu.be/MepSU7ua6Dw?si=wDktIQCYf3BtFlRS&utm_source=MTQxZ,Stability Ball Feet Elevated Plank,Core,1,movilidad_estabilidad
Principiante,Accesorios funcionales,Fuerza / hipertrofia,Principal,Quadriceps,Knee Dominant,Bodybuilding,Sin dato,Slider Sandbag Front Rack Reverse Lunge,Pierna,2,fuerza_hipertrofia
Principiante,Accesorios funcionales,Fuerza / hipertrofia,Principal,Quadriceps,Knee Dominant,Bodybuilding,Sin dato,Slider Sandbag Back Rack Reverse Lunge,Pierna,2,fuerza_hipertrofia
Principiante,Gimnasio / maquina,Fuerza / hipertrofia,Principal,Shoulders,Shoulder Flexion,Bodybuilding,https://youtu.be/7W7yCOrQMsA?si=fMaW2CwMSudtqBx5&utm_source=MTQxZ,Cable Straight Bar Reverse Grip Front Raise,Empuje,0,fuerza_hipertrofia
Principiante,Otro equipo,Fuerza / hipertrofia,Principal,Shoulders,Shoulder Flexion,Bodybuilding,https://youtu.be/yTHdkQntOy0?si=MyTLO7RESotzfRsT&utm_source=MTQxZ,EZ Bar Reverse Grip Front Raise,Empuje,0,fuerza_hipertrofia
Intermedio,Otro equipo,Condicion fisica / potencia,Principal,Quadriceps,Knee Dominant,Sin clasificar,https://youtu.be/LyN1Mt53HI4?si=D2E6-rpfLFoTHTc8&utm_source=MTQxZ,Sled Sprint,Pierna,5,potencia_funcional
